network,ks_cmi,ks_gpp,ks_led,bc_lcc,distance,sumGap90,mdr,intact,intact_eco,coverage,overlap,net_km2,eco_km2,AllBirds,ForestBirds,AllWaterfowl,CavityNesters,GroundNesters,OverwaterNesters,blbw,boch,brcr,btnw,cawa,cmwa,osfl,pigr,rubl,swth,wwcr
PB_11437_PB_11720,0.36,0.134,0.093,0.199,0.221,7,10745,0.982,0.914,0.964,0.981,21892,51068,0.246,0.383,0.151,0.178,0.162,0.133,0.359,0.396,0.195,0.256,0.365,0.371,0.341,0.353,0.316,0.313,0.181
PB_11437_PB_11736,0.316,0.222,0.046,0.193,0.217,7,10745,0.988,0.914,0.895,0.9,21639,51068,0.279,0.392,0.184,0.111,0.204,0.181,0.323,0.4,0.228,0.29,0.329,0.35,0.31,0.314,0.344,0.303,0.192
PB_11437_PB_11818,0.358,0.134,0.094,0.199,0.221,7,10745,0.982,0.914,0.964,0.982,21917,51068,0.246,0.383,0.151,0.179,0.162,0.133,0.359,0.396,0.195,0.256,0.365,0.371,0.342,0.353,0.316,0.313,0.182
PB_11437_PB_11882,0.359,0.134,0.093,0.199,0.221,7,10745,0.982,0.914,0.964,0.981,21904,51068,0.246,0.383,0.151,0.179,0.162,0.133,0.359,0.396,0.195,0.256,0.365,0.371,0.342,0.353,0.316,0.312,0.182
PB_11437_PB_12050,0.262,0.106,0.128,0.152,0.173,6,10745,0.974,0.914,0.946,0.966,21976,51068,0.297,0.393,0.139,0.144,0.154,0.123,0.375,0.4,0.236,0.292,0.369,0.384,0.365,0.369,0.348,0.329,0.25
PB_11437_PB_12986,0.26,0.182,0.273,0.15,0.222,4,10745,0.988,0.914,0.561,0.561,21507,51068,0.136,0.174,0.196,0.15,0.122,0.298,0.186,0.19,0.166,0.177,0.212,0.213,0.139,0.146,0.155,0.114,0.227
PB_11437_PB_14204,0.118,0.055,0.217,0.118,0.14,2,10745,0.975,0.914,0.747,0.755,22150,51068,0.113,0.236,0.105,0.191,0.062,0.201,0.176,0.244,0.149,0.224,0.248,0.247,0.253,0.133,0.147,0.169,0.112
PB_11437_PB_19825,0.315,0.223,0.047,0.193,0.217,7,10745,0.988,0.914,0.893,0.893,21521,51068,0.279,0.392,0.186,0.111,0.205,0.182,0.322,0.4,0.227,0.29,0.327,0.348,0.308,0.313,0.345,0.303,0.191
PB_11437_PB_226343,0.156,0.081,0.05,0.109,0.106,1,10745,0.96,0.914,0.841,0.842,21506,51068,0.123,0.135,0.07,0.028,0.076,0.109,0.186,0.105,0.167,0.206,0.181,0.13,0.143,0.118,0.204,0.128,0.146
PB_11437_PB_230609,0.165,0.083,0.042,0.114,0.111,1,10745,0.961,0.914,0.817,0.817,21513,51068,0.123,0.135,0.066,0.028,0.067,0.118,0.186,0.102,0.167,0.195,0.182,0.128,0.132,0.119,0.202,0.128,0.152
PB_11437_PB_233275,0.056,0.032,0.132,0.1,0.089,2,10745,0.97,0.914,0.836,0.844,21798,51068,0.111,0.252,0.08,0.131,0.095,0.095,0.174,0.297,0.148,0.209,0.312,0.308,0.287,0.133,0.196,0.128,0.114
PB_11437_PB_234337,0.203,0.134,0.047,0.129,0.14,4,10745,0.951,0.914,0.774,0.776,21588,51068,0.11,0.294,0.127,0.129,0.16,0.07,0.192,0.302,0.163,0.25,0.252,0.228,0.213,0.188,0.179,0.209,0.093
PB_11437_PB_234652,0.111,0.019,0.173,0.115,0.118,3,10745,0.976,0.914,0.838,0.84,21568,51068,0.142,0.339,0.099,0.189,0.093,0.155,0.197,0.334,0.137,0.253,0.346,0.345,0.321,0.232,0.236,0.19,0.088
PB_11437_PB_234827,0.222,0.146,0.038,0.133,0.15,4,10745,0.948,0.914,0.789,0.8,22063,51068,0.125,0.291,0.131,0.132,0.164,0.073,0.211,0.3,0.18,0.248,0.259,0.237,0.224,0.207,0.187,0.229,0.11
PB_11437_PB_235423,0.22,0.041,0.189,0.144,0.163,6,10745,0.98,0.914,0.91,0.911,21505,51068,0.187,0.37,0.132,0.223,0.11,0.164,0.333,0.377,0.164,0.248,0.386,0.396,0.371,0.359,0.282,0.275,0.073
PB_11437_PB_236210,0.305,0.08,0.185,0.176,0.203,9,10745,0.982,0.914,0.942,0.943,21524,51068,0.251,0.384,0.162,0.244,0.141,0.172,0.388,0.392,0.223,0.253,0.393,0.399,0.375,0.391,0.304,0.316,0.132
PB_11437_PB_236707,0.233,0.046,0.2,0.147,0.172,6,10745,0.979,0.914,0.91,0.91,21498,51068,0.199,0.371,0.136,0.234,0.113,0.17,0.347,0.377,0.178,0.25,0.386,0.396,0.372,0.37,0.281,0.285,0.083
PB_11437_PB_236793,0.28,0.274,0.111,0.179,0.222,7,10745,0.97,0.914,0.767,0.768,21534,51068,0.326,0.401,0.19,0.087,0.209,0.183,0.297,0.403,0.27,0.311,0.286,0.33,0.291,0.287,0.376,0.308,0.206
PB_11437_PB_236908,0.284,0.257,0.095,0.175,0.216,7,10745,0.975,0.914,0.815,0.818,21625,51068,0.319,0.398,0.19,0.098,0.209,0.184,0.303,0.402,0.254,0.305,0.298,0.34,0.298,0.296,0.366,0.304,0.202
PB_11437_PB_240698,0.387,0.266,0.288,0.281,0.309,7,10745,0.982,0.914,0.494,0.495,21504,51068,0.365,0.406,0.16,0.129,0.225,0.048,0.167,0.34,0.197,0.335,0.276,0.326,0.227,0.169,0.198,0.172,0.115
PB_11437_PB_245628,0.38,0.155,0.192,0.198,0.247,6,10745,0.97,0.914,0.505,0.502,21622,51068,0.392,0.407,0.316,0.182,0.375,0.179,0.157,0.381,0.226,0.337,0.275,0.324,0.201,0.127,0.247,0.188,0.109
PB_11437_PB_262926,0.159,0.081,0.048,0.112,0.108,1,10745,0.962,0.914,0.83,0.83,21524,51068,0.123,0.135,0.068,0.028,0.073,0.112,0.186,0.104,0.167,0.2,0.182,0.131,0.138,0.119,0.21,0.128,0.151
PB_11513_PB_12986,0.259,0.181,0.281,0.155,0.225,3,10745,0.989,0.914,0.531,0.556,21909,51068,0.125,0.168,0.206,0.154,0.133,0.313,0.19,0.183,0.175,0.167,0.205,0.206,0.139,0.142,0.158,0.12,0.205
PB_11513_PB_14204,0.121,0.063,0.212,0.117,0.139,1,10745,0.976,0.914,0.717,0.747,22552,51068,0.113,0.234,0.106,0.185,0.059,0.202,0.178,0.243,0.166,0.22,0.247,0.246,0.251,0.129,0.146,0.164,0.12
PB_11513_PB_226343,0.164,0.087,0.036,0.11,0.109,0,10745,0.962,0.914,0.812,0.832,21908,51068,0.125,0.134,0.082,0.034,0.089,0.125,0.191,0.096,0.175,0.192,0.177,0.122,0.136,0.122,0.196,0.14,0.163
PB_11513_PB_230609,0.172,0.088,0.028,0.114,0.113,0,10745,0.962,0.914,0.788,0.808,21915,51068,0.125,0.134,0.078,0.034,0.081,0.135,0.191,0.093,0.175,0.182,0.177,0.121,0.13,0.122,0.195,0.14,0.169
PB_11513_PB_233275,0.048,0.039,0.125,0.098,0.085,1,10745,0.971,0.914,0.806,0.834,22200,51068,0.111,0.25,0.084,0.124,0.085,0.094,0.176,0.296,0.165,0.207,0.312,0.308,0.287,0.128,0.195,0.121,0.122
PB_11513_PB_234652,0.1,0.028,0.165,0.115,0.113,2,10745,0.978,0.914,0.809,0.83,21970,51068,0.141,0.338,0.105,0.181,0.097,0.155,0.19,0.333,0.153,0.249,0.346,0.343,0.319,0.228,0.235,0.183,0.085
PB_11513_PB_235423,0.216,0.037,0.187,0.144,0.161,5,10745,0.981,0.914,0.88,0.899,21907,51068,0.189,0.37,0.136,0.219,0.113,0.164,0.331,0.377,0.16,0.246,0.386,0.396,0.37,0.358,0.281,0.273,0.072
PB_11513_PB_236210,0.297,0.071,0.174,0.178,0.197,8,10745,0.983,0.914,0.913,0.932,21926,51068,0.25,0.383,0.174,0.238,0.152,0.182,0.385,0.391,0.212,0.248,0.392,0.396,0.372,0.391,0.302,0.31,0.127
PB_11513_PB_236707,0.23,0.042,0.199,0.148,0.17,5,10745,0.98,0.914,0.88,0.899,21900,51068,0.199,0.371,0.139,0.233,0.115,0.171,0.346,0.377,0.176,0.249,0.386,0.396,0.372,0.37,0.281,0.284,0.08
PB_11513_PB_240698,0.384,0.26,0.296,0.275,0.308,6,10745,0.983,0.914,0.464,0.491,21906,51068,0.378,0.407,0.144,0.119,0.209,0.053,0.172,0.34,0.196,0.346,0.276,0.328,0.228,0.172,0.199,0.167,0.128
PB_11513_PB_245628,0.377,0.152,0.2,0.193,0.246,5,10745,0.971,0.914,0.474,0.499,22024,51068,0.404,0.409,0.303,0.174,0.363,0.167,0.16,0.382,0.224,0.348,0.276,0.325,0.202,0.133,0.228,0.182,0.11
PB_11513_PB_262926,0.167,0.087,0.034,0.111,0.111,0,10745,0.963,0.914,0.8,0.821,21926,51068,0.125,0.134,0.081,0.034,0.086,0.128,0.191,0.095,0.175,0.187,0.177,0.123,0.132,0.122,0.202,0.14,0.167
PB_11634_PB_11736,0.365,0.306,0.157,0.25,0.28,9,10745,0.995,0.914,0.811,0.823,21793,51068,0.419,0.471,0.292,0.186,0.299,0.285,0.349,0.543,0.293,0.307,0.375,0.39,0.344,0.338,0.494,0.333,0.308
PB_11634_PB_12986,0.322,0.106,0.145,0.089,0.19,2,10745,0.995,0.914,0.477,0.485,21661,51068,0.064,0.17,0.092,0.094,0.095,0.189,0.09,0.185,0.086,0.092,0.233,0.225,0.1,0.184,0.145,0.075,0.278
PB_11634_PB_14204,0.163,0.054,0.091,0.08,0.105,0,10745,0.982,0.914,0.663,0.681,22304,51068,0.087,0.251,0.121,0.088,0.133,0.115,0.088,0.254,0.095,0.254,0.224,0.238,0.217,0.108,0.158,0.173,0.071
PB_11634_PB_19825,0.363,0.307,0.158,0.249,0.28,9,10745,0.995,0.914,0.809,0.816,21675,51068,0.419,0.471,0.294,0.188,0.301,0.288,0.346,0.543,0.292,0.307,0.372,0.387,0.341,0.335,0.494,0.332,0.306
PB_11634_PB_224872,0.225,0.035,0.174,0.05,0.145,1,10745,0.967,0.914,0.758,0.768,21744,51068,0.022,0.097,0.085,0.132,0.099,0.086,0.106,0.135,0.074,0.093,0.115,0.156,0.186,0.117,0.203,0.091,0.075
PB_11634_PB_230609,0.231,0.037,0.169,0.054,0.147,1,10745,0.968,0.914,0.733,0.74,21667,51068,0.023,0.128,0.086,0.132,0.099,0.088,0.118,0.136,0.073,0.092,0.109,0.152,0.173,0.115,0.2,0.088,0.097
PB_11634_PB_233275,0.094,0.088,0.014,0.065,0.072,0,10745,0.977,0.914,0.752,0.767,21952,51068,0.063,0.265,0.142,0.088,0.17,0.142,0.097,0.301,0.074,0.225,0.279,0.279,0.243,0.115,0.199,0.135,0.073
PB_11634_PB_234337,0.191,0.204,0.085,0.138,0.162,4,10745,0.958,0.914,0.69,0.699,21742,51068,0.175,0.32,0.195,0.11,0.236,0.145,0.168,0.306,0.207,0.292,0.226,0.21,0.181,0.156,0.233,0.197,0.123
PB_11634_PB_234652,0.104,0.1,0.051,0.099,0.091,2,10745,0.984,0.914,0.754,0.763,21722,51068,0.165,0.349,0.154,0.091,0.161,0.148,0.182,0.34,0.114,0.281,0.309,0.317,0.279,0.208,0.241,0.193,0.035
PB_11634_PB_234827,0.208,0.211,0.089,0.138,0.169,4,10745,0.955,0.914,0.705,0.725,22217,51068,0.165,0.309,0.191,0.108,0.223,0.144,0.186,0.305,0.212,0.28,0.235,0.224,0.196,0.18,0.229,0.218,0.119
PB_11634_PB_236793,0.29,0.366,0.217,0.231,0.282,9,10745,0.977,0.914,0.683,0.691,21688,51068,0.45,0.478,0.285,0.168,0.292,0.294,0.293,0.489,0.321,0.352,0.319,0.344,0.291,0.279,0.495,0.319,0.282
PB_11634_PB_236908,0.294,0.353,0.205,0.229,0.276,9,10745,0.983,0.914,0.731,0.741,21779,51068,0.449,0.478,0.285,0.176,0.297,0.28,0.302,0.513,0.3,0.342,0.328,0.35,0.295,0.288,0.492,0.315,0.284
PB_11634_PB_240698,0.448,0.212,0.16,0.212,0.281,5,10745,0.99,0.914,0.41,0.419,21658,51068,0.473,0.483,0.264,0.225,0.313,0.115,0.143,0.341,0.247,0.446,0.245,0.309,0.197,0.144,0.244,0.179,0.089
PB_11634_PB_245628,0.441,0.108,0.068,0.133,0.239,4,10745,0.977,0.914,0.42,0.428,21776,51068,0.504,0.499,0.412,0.268,0.457,0.299,0.116,0.418,0.273,0.446,0.246,0.302,0.161,0.104,0.343,0.195,0.102
PB_11634_PB_262926,0.226,0.037,0.175,0.053,0.147,1,10745,0.969,0.914,0.746,0.753,21678,51068,0.023,0.115,0.086,0.13,0.099,0.088,0.111,0.136,0.073,0.093,0.113,0.154,0.18,0.116,0.207,0.089,0.088
PB_11720_PB_11736,0.322,0.224,0.063,0.199,0.222,7,10745,0.988,0.914,0.871,0.894,22025,51068,0.287,0.391,0.2,0.109,0.221,0.196,0.321,0.4,0.22,0.285,0.325,0.346,0.309,0.313,0.354,0.304,0.204
PB_11720_PB_11818,0.368,0.131,0.079,0.206,0.224,7,10745,0.983,0.914,0.94,0.975,22303,51068,0.242,0.383,0.169,0.162,0.18,0.149,0.358,0.394,0.18,0.248,0.362,0.369,0.341,0.354,0.315,0.313,0.191
PB_11720_PB_11882,0.369,0.13,0.078,0.206,0.224,7,10745,0.983,0.914,0.94,0.975,22290,51068,0.242,0.383,0.169,0.162,0.18,0.149,0.358,0.394,0.18,0.248,0.362,0.369,0.341,0.354,0.315,0.311,0.191
PB_11720_PB_12050,0.265,0.102,0.118,0.156,0.172,6,10745,0.975,0.914,0.922,0.959,22362,51068,0.3,0.392,0.152,0.131,0.167,0.123,0.375,0.408,0.227,0.288,0.367,0.383,0.367,0.37,0.356,0.33,0.265
PB_11720_PB_12986,0.274,0.163,0.241,0.13,0.21,2,10745,0.989,0.914,0.537,0.561,21893,51068,0.126,0.167,0.162,0.117,0.093,0.262,0.17,0.181,0.18,0.146,0.21,0.212,0.125,0.156,0.128,0.103,0.222
PB_11720_PB_14204,0.134,0.026,0.187,0.102,0.126,0,10745,0.976,0.914,0.723,0.752,22536,51068,0.087,0.239,0.082,0.154,0.079,0.167,0.161,0.247,0.164,0.229,0.24,0.24,0.236,0.119,0.147,0.168,0.109
PB_11720_PB_226343,0.172,0.06,0.076,0.09,0.108,0,10745,0.962,0.914,0.817,0.837,21892,51068,0.097,0.105,0.038,0.056,0.06,0.075,0.17,0.094,0.18,0.176,0.16,0.133,0.152,0.101,0.196,0.122,0.142
PB_11720_PB_233275,0.058,0.034,0.104,0.078,0.073,0,10745,0.971,0.914,0.812,0.839,22184,51068,0.085,0.255,0.1,0.096,0.107,0.093,0.159,0.298,0.163,0.212,0.3,0.295,0.268,0.121,0.196,0.127,0.111
PB_11720_PB_234337,0.2,0.15,0.023,0.137,0.143,4,10745,0.952,0.914,0.75,0.772,21974,51068,0.12,0.299,0.143,0.103,0.171,0.084,0.183,0.304,0.158,0.258,0.245,0.223,0.201,0.177,0.184,0.205,0.091
PB_11720_PB_234652,0.097,0.027,0.136,0.112,0.101,1,10745,0.978,0.914,0.814,0.836,21954,51068,0.146,0.341,0.12,0.151,0.118,0.12,0.183,0.336,0.15,0.259,0.332,0.331,0.298,0.214,0.236,0.183,0.08
PB_11720_PB_234827,0.218,0.162,0.019,0.144,0.154,4,10745,0.95,0.914,0.765,0.796,22449,51068,0.134,0.296,0.147,0.106,0.174,0.087,0.201,0.302,0.174,0.256,0.251,0.231,0.211,0.195,0.2,0.224,0.107
PB_11720_PB_235423,0.204,0.072,0.153,0.144,0.151,4,10745,0.981,0.914,0.886,0.905,21891,51068,0.197,0.372,0.129,0.183,0.135,0.132,0.312,0.378,0.155,0.256,0.367,0.379,0.343,0.332,0.28,0.266,0.069
PB_11720_PB_236210,0.276,0.112,0.135,0.175,0.185,7,10745,0.983,0.914,0.918,0.937,21910,51068,0.258,0.385,0.146,0.194,0.139,0.147,0.359,0.393,0.202,0.261,0.368,0.375,0.343,0.358,0.3,0.298,0.116
PB_11720_PB_236707,0.218,0.08,0.164,0.147,0.16,4,10745,0.98,0.914,0.886,0.904,21884,51068,0.206,0.373,0.117,0.194,0.124,0.138,0.326,0.378,0.169,0.258,0.367,0.379,0.346,0.343,0.28,0.275,0.072
PB_11720_PB_236908,0.274,0.278,0.12,0.189,0.225,7,10745,0.977,0.914,0.791,0.814,22011,51068,0.334,0.399,0.212,0.115,0.233,0.207,0.285,0.403,0.238,0.309,0.283,0.326,0.276,0.276,0.379,0.296,0.205
PB_11720_PB_245628,0.391,0.143,0.163,0.183,0.242,4,10745,0.971,0.914,0.48,0.504,22008,51068,0.406,0.408,0.342,0.209,0.394,0.214,0.142,0.382,0.214,0.349,0.267,0.312,0.188,0.115,0.255,0.184,0.095
PB_11720_PB_262926,0.174,0.059,0.074,0.093,0.109,0,10745,0.963,0.914,0.806,0.826,21910,51068,0.097,0.116,0.038,0.056,0.057,0.078,0.171,0.094,0.18,0.17,0.16,0.134,0.147,0.102,0.202,0.122,0.146
PB_11736_PB_11818,0.321,0.224,0.062,0.199,0.222,7,10745,0.988,0.914,0.871,0.896,22050,51068,0.287,0.391,0.199,0.109,0.221,0.196,0.321,0.4,0.22,0.285,0.325,0.346,0.309,0.313,0.355,0.304,0.204
PB_11736_PB_11882,0.321,0.224,0.063,0.199,0.222,7,10745,0.988,0.914,0.871,0.895,22037,51068,0.287,0.391,0.199,0.109,0.221,0.196,0.321,0.4,0.22,0.285,0.325,0.346,0.309,0.313,0.355,0.304,0.205
PB_11736_PB_12050,0.256,0.228,0.064,0.184,0.197,6,10745,0.98,0.914,0.853,0.879,22109,51068,0.428,0.481,0.257,0.174,0.268,0.219,0.373,0.573,0.308,0.355,0.4,0.417,0.366,0.366,0.492,0.343,0.359
PB_11736_PB_12986,0.33,0.102,0.134,0.084,0.19,2,10745,0.994,0.914,0.468,0.476,21640,51068,0.064,0.17,0.091,0.103,0.101,0.177,0.092,0.184,0.083,0.09,0.232,0.224,0.099,0.186,0.145,0.075,0.271
PB_11736_PB_14204,0.17,0.059,0.081,0.074,0.105,0,10745,0.981,0.914,0.654,0.671,22283,51068,0.087,0.251,0.127,0.082,0.145,0.121,0.085,0.254,0.097,0.254,0.224,0.238,0.214,0.102,0.158,0.171,0.077
PB_11736_PB_234337,0.182,0.21,0.097,0.135,0.162,4,10745,0.958,0.914,0.681,0.689,21721,51068,0.176,0.32,0.201,0.113,0.246,0.152,0.162,0.306,0.205,0.292,0.223,0.209,0.176,0.15,0.234,0.197,0.116
PB_11736_PB_234827,0.199,0.216,0.1,0.136,0.169,4,10745,0.955,0.914,0.696,0.715,22196,51068,0.166,0.309,0.197,0.111,0.232,0.154,0.18,0.305,0.21,0.28,0.232,0.223,0.192,0.174,0.229,0.218,0.113
PB_11736_PB_235423,0.198,0.157,0.066,0.145,0.149,5,10745,0.986,0.914,0.817,0.823,21638,51068,0.226,0.379,0.161,0.123,0.175,0.159,0.29,0.38,0.191,0.283,0.335,0.36,0.315,0.304,0.283,0.27,0.093
PB_11736_PB_236210,0.254,0.197,0.057,0.176,0.185,8,10745,0.989,0.914,0.85,0.856,21657,51068,0.289,0.395,0.164,0.124,0.183,0.161,0.324,0.398,0.232,0.292,0.334,0.354,0.313,0.321,0.305,0.296,0.149
PB_11736_PB_236707,0.209,0.164,0.074,0.148,0.156,5,10745,0.986,0.914,0.817,0.822,21631,51068,0.236,0.38,0.151,0.131,0.168,0.149,0.301,0.38,0.203,0.285,0.335,0.36,0.317,0.313,0.283,0.278,0.104
PB_11736_PB_240698,0.456,0.208,0.148,0.205,0.281,5,10745,0.989,0.914,0.401,0.41,21637,51068,0.473,0.484,0.274,0.23,0.323,0.127,0.137,0.341,0.244,0.451,0.246,0.308,0.193,0.138,0.244,0.18,0.089
PB_11818_PB_11882,0.368,0.131,0.079,0.206,0.224,7,10745,0.983,0.914,0.94,0.976,22315,51068,0.242,0.383,0.169,0.163,0.179,0.149,0.358,0.395,0.18,0.248,0.362,0.369,0.341,0.354,0.315,0.312,0.191
PB_11818_PB_12050,0.264,0.103,0.118,0.157,0.172,6,10745,0.975,0.914,0.922,0.96,22387,51068,0.3,0.392,0.151,0.131,0.167,0.124,0.375,0.408,0.227,0.288,0.367,0.383,0.367,0.37,0.356,0.33,0.265
PB_11818_PB_12986,0.273,0.162,0.241,0.13,0.21,2,10745,0.989,0.914,0.537,0.563,21918,51068,0.125,0.167,0.162,0.117,0.093,0.262,0.17,0.181,0.179,0.147,0.21,0.211,0.125,0.156,0.128,0.103,0.222
PB_11818_PB_14204,0.134,0.025,0.187,0.102,0.126,0,10745,0.976,0.914,0.723,0.754,22561,51068,0.087,0.24,0.082,0.155,0.079,0.168,0.161,0.247,0.163,0.229,0.24,0.24,0.236,0.119,0.147,0.168,0.109
PB_11818_PB_19825,0.319,0.225,0.063,0.198,0.221,7,10745,0.988,0.914,0.868,0.889,21932,51068,0.288,0.391,0.201,0.11,0.222,0.197,0.319,0.4,0.218,0.286,0.323,0.344,0.307,0.311,0.355,0.303,0.203
PB_11818_PB_226343,0.171,0.059,0.076,0.09,0.108,0,10745,0.962,0.914,0.817,0.839,21917,51068,0.097,0.105,0.039,0.056,0.06,0.076,0.17,0.094,0.179,0.176,0.159,0.133,0.151,0.101,0.196,0.122,0.141
PB_11818_PB_230609,0.179,0.06,0.068,0.095,0.111,0,10745,0.962,0.914,0.794,0.815,21924,51068,0.097,0.129,0.038,0.057,0.053,0.085,0.171,0.091,0.179,0.165,0.16,0.131,0.141,0.101,0.195,0.122,0.147
PB_11818_PB_233275,0.057,0.034,0.104,0.078,0.073,0,10745,0.971,0.914,0.812,0.84,22209,51068,0.085,0.255,0.1,0.096,0.107,0.093,0.159,0.298,0.162,0.212,0.3,0.295,0.268,0.122,0.196,0.127,0.111
PB_11818_PB_234337,0.199,0.15,0.023,0.137,0.143,4,10745,0.952,0.914,0.75,0.774,21999,51068,0.12,0.299,0.143,0.104,0.171,0.084,0.183,0.304,0.158,0.258,0.245,0.223,0.201,0.177,0.184,0.205,0.091
PB_11818_PB_234652,0.097,0.027,0.136,0.112,0.101,1,10745,0.978,0.914,0.814,0.837,21979,51068,0.146,0.341,0.12,0.151,0.118,0.12,0.183,0.336,0.15,0.259,0.332,0.331,0.298,0.214,0.236,0.183,0.08
PB_11818_PB_234827,0.217,0.163,0.019,0.144,0.154,4,10745,0.95,0.914,0.765,0.797,22474,51068,0.135,0.296,0.147,0.106,0.174,0.087,0.201,0.302,0.175,0.256,0.251,0.232,0.211,0.195,0.2,0.224,0.108
PB_11818_PB_235423,0.204,0.072,0.153,0.144,0.151,4,10745,0.981,0.914,0.886,0.906,21916,51068,0.197,0.372,0.129,0.183,0.135,0.132,0.312,0.378,0.155,0.256,0.367,0.379,0.343,0.332,0.28,0.266,0.069
PB_11818_PB_236210,0.276,0.112,0.135,0.175,0.185,7,10745,0.983,0.914,0.918,0.938,21935,51068,0.258,0.385,0.146,0.194,0.139,0.147,0.359,0.393,0.202,0.261,0.368,0.375,0.343,0.358,0.3,0.298,0.116
PB_11818_PB_236707,0.218,0.08,0.164,0.147,0.16,4,10745,0.98,0.914,0.886,0.905,21909,51068,0.206,0.373,0.117,0.194,0.124,0.138,0.326,0.378,0.169,0.258,0.367,0.379,0.346,0.343,0.28,0.275,0.072
PB_11818_PB_236793,0.27,0.294,0.133,0.193,0.231,7,10745,0.971,0.914,0.743,0.766,21945,51068,0.342,0.402,0.216,0.11,0.23,0.21,0.281,0.403,0.255,0.315,0.272,0.318,0.27,0.269,0.388,0.301,0.209
PB_11818_PB_236908,0.273,0.278,0.119,0.19,0.225,7,10745,0.977,0.914,0.791,0.815,22036,51068,0.334,0.399,0.212,0.115,0.232,0.206,0.285,0.403,0.239,0.309,0.283,0.326,0.276,0.276,0.379,0.296,0.205
PB_11818_PB_240698,0.398,0.25,0.256,0.264,0.298,5,10745,0.983,0.914,0.47,0.498,21915,51068,0.378,0.408,0.186,0.158,0.243,0.048,0.153,0.34,0.185,0.348,0.268,0.315,0.213,0.155,0.198,0.168,0.105
PB_11818_PB_245628,0.391,0.143,0.163,0.183,0.242,4,10745,0.971,0.914,0.48,0.505,22033,51068,0.406,0.408,0.342,0.208,0.394,0.213,0.142,0.382,0.214,0.35,0.267,0.312,0.188,0.115,0.255,0.184,0.095
PB_11818_PB_262926,0.174,0.059,0.074,0.093,0.109,0,10745,0.963,0.914,0.806,0.827,21935,51068,0.097,0.116,0.038,0.056,0.057,0.079,0.171,0.093,0.179,0.17,0.16,0.134,0.147,0.102,0.202,0.123,0.146
PB_11882_PB_12050,0.264,0.102,0.118,0.156,0.172,6,10745,0.975,0.914,0.922,0.959,22374,51068,0.3,0.392,0.151,0.131,0.167,0.124,0.375,0.408,0.227,0.288,0.367,0.383,0.367,0.37,0.356,0.33,0.265
PB_11882_PB_12986,0.273,0.162,0.241,0.13,0.21,2,10745,0.989,0.914,0.537,0.562,21905,51068,0.125,0.167,0.162,0.117,0.093,0.262,0.17,0.181,0.179,0.146,0.21,0.211,0.125,0.156,0.128,0.103,0.222
PB_11882_PB_14204,0.134,0.026,0.187,0.101,0.126,0,10745,0.976,0.914,0.723,0.753,22548,51068,0.087,0.24,0.082,0.155,0.079,0.168,0.161,0.247,0.163,0.229,0.24,0.24,0.236,0.119,0.147,0.168,0.109
PB_11882_PB_226343,0.171,0.06,0.076,0.09,0.108,0,10745,0.962,0.914,0.817,0.838,21904,51068,0.097,0.105,0.039,0.056,0.06,0.076,0.17,0.094,0.179,0.175,0.159,0.133,0.151,0.101,0.196,0.122,0.141
PB_11882_PB_230609,0.18,0.06,0.068,0.095,0.111,0,10745,0.962,0.914,0.794,0.814,21911,51068,0.097,0.129,0.038,0.057,0.053,0.085,0.17,0.091,0.179,0.164,0.16,0.131,0.141,0.101,0.195,0.122,0.147
PB_11882_PB_233275,0.057,0.034,0.104,0.078,0.073,0,10745,0.971,0.914,0.812,0.84,22196,51068,0.085,0.255,0.1,0.096,0.107,0.093,0.159,0.298,0.162,0.212,0.3,0.295,0.268,0.122,0.196,0.127,0.111
PB_11882_PB_234337,0.2,0.15,0.023,0.137,0.143,4,10745,0.952,0.914,0.75,0.773,21986,51068,0.12,0.299,0.143,0.104,0.171,0.084,0.183,0.304,0.158,0.258,0.245,0.223,0.201,0.177,0.184,0.205,0.091
PB_11882_PB_234652,0.097,0.027,0.136,0.112,0.101,1,10745,0.978,0.914,0.814,0.836,21966,51068,0.146,0.341,0.12,0.151,0.118,0.12,0.183,0.336,0.15,0.259,0.332,0.331,0.298,0.214,0.236,0.183,0.08
PB_11882_PB_234827,0.218,0.163,0.019,0.144,0.154,4,10745,0.95,0.914,0.765,0.797,22461,51068,0.135,0.296,0.147,0.106,0.174,0.087,0.201,0.302,0.175,0.256,0.251,0.232,0.211,0.195,0.2,0.224,0.108
PB_11882_PB_235423,0.204,0.072,0.153,0.144,0.151,4,10745,0.981,0.914,0.886,0.905,21903,51068,0.197,0.372,0.129,0.183,0.135,0.132,0.312,0.378,0.155,0.256,0.367,0.379,0.343,0.332,0.28,0.266,0.069
PB_11882_PB_236210,0.276,0.112,0.135,0.175,0.185,7,10745,0.983,0.914,0.918,0.938,21922,51068,0.258,0.385,0.146,0.194,0.139,0.147,0.359,0.393,0.202,0.261,0.368,0.375,0.343,0.358,0.3,0.298,0.116
PB_11882_PB_236707,0.218,0.08,0.164,0.147,0.16,4,10745,0.98,0.914,0.886,0.905,21896,51068,0.206,0.373,0.117,0.194,0.124,0.138,0.326,0.378,0.169,0.258,0.367,0.379,0.346,0.343,0.28,0.275,0.072
PB_11882_PB_236908,0.273,0.278,0.12,0.189,0.225,7,10745,0.977,0.914,0.791,0.815,22023,51068,0.334,0.399,0.212,0.115,0.232,0.206,0.285,0.403,0.239,0.309,0.283,0.326,0.276,0.276,0.379,0.296,0.206
PB_11882_PB_245628,0.391,0.143,0.163,0.183,0.242,4,10745,0.971,0.914,0.48,0.505,22020,51068,0.406,0.408,0.342,0.208,0.394,0.213,0.142,0.382,0.214,0.35,0.267,0.312,0.188,0.115,0.255,0.184,0.095
PB_11882_PB_262926,0.174,0.059,0.074,0.093,0.109,0,10745,0.963,0.914,0.806,0.827,21922,51068,0.097,0.116,0.038,0.056,0.057,0.079,0.17,0.093,0.179,0.169,0.16,0.134,0.147,0.102,0.202,0.123,0.146
PB_12050_PB_12986,0.281,0.162,0.223,0.113,0.205,1,10745,0.981,0.914,0.519,0.548,21977,51068,0.061,0.166,0.1,0.084,0.068,0.208,0.081,0.18,0.137,0.057,0.212,0.214,0.119,0.16,0.149,0.065,0.306
PB_12050_PB_14204,0.125,0.028,0.169,0.075,0.112,0,10745,0.968,0.914,0.705,0.738,22620,51068,0.091,0.252,0.097,0.095,0.124,0.108,0.11,0.255,0.138,0.257,0.242,0.241,0.239,0.138,0.16,0.184,0.054
PB_12050_PB_19825,0.251,0.233,0.07,0.182,0.197,6,10745,0.98,0.914,0.85,0.873,21991,51068,0.43,0.481,0.264,0.179,0.275,0.226,0.369,0.575,0.309,0.361,0.397,0.414,0.363,0.362,0.492,0.341,0.355
PB_12050_PB_226343,0.188,0.055,0.089,0.07,0.113,0,10745,0.954,0.914,0.799,0.823,21976,51068,0.025,0.102,0.055,0.12,0.065,0.033,0.081,0.161,0.137,0.065,0.086,0.134,0.158,0.082,0.196,0.07,0.06
PB_12050_PB_230609,0.196,0.054,0.084,0.073,0.116,0,10745,0.954,0.914,0.776,0.799,21983,51068,0.025,0.129,0.055,0.121,0.065,0.035,0.093,0.161,0.137,0.089,0.111,0.132,0.146,0.082,0.195,0.069,0.068
PB_12050_PB_233275,0.057,0.033,0.094,0.044,0.061,0,10745,0.963,0.914,0.794,0.824,22268,51068,0.069,0.267,0.121,0.083,0.16,0.099,0.128,0.301,0.137,0.225,0.298,0.293,0.265,0.146,0.201,0.148,0.053
PB_12050_PB_234337,0.143,0.137,0.022,0.107,0.113,4,10745,0.944,0.914,0.732,0.758,22058,51068,0.186,0.321,0.169,0.105,0.228,0.103,0.202,0.306,0.208,0.303,0.249,0.227,0.205,0.188,0.236,0.212,0.153
PB_12050_PB_234652,0.062,0.025,0.145,0.087,0.091,0,10745,0.969,0.914,0.796,0.821,22038,51068,0.173,0.35,0.123,0.109,0.126,0.084,0.222,0.341,0.134,0.285,0.331,0.336,0.306,0.245,0.244,0.213,0.061
PB_12050_PB_234827,0.16,0.142,0.02,0.104,0.119,4,10745,0.942,0.914,0.747,0.782,22533,51068,0.175,0.31,0.166,0.102,0.215,0.107,0.217,0.305,0.214,0.285,0.259,0.241,0.22,0.21,0.232,0.232,0.149
PB_12050_PB_235423,0.156,0.062,0.167,0.116,0.132,3,10745,0.972,0.914,0.868,0.89,21975,51068,0.237,0.379,0.123,0.146,0.132,0.114,0.335,0.379,0.199,0.286,0.367,0.38,0.349,0.347,0.284,0.289,0.143
PB_12050_PB_236210,0.204,0.088,0.156,0.138,0.152,6,10745,0.975,0.914,0.9,0.922,21994,51068,0.304,0.395,0.142,0.149,0.133,0.127,0.374,0.398,0.239,0.294,0.371,0.386,0.358,0.37,0.306,0.318,0.204
PB_12050_PB_236707,0.166,0.067,0.176,0.119,0.139,3,10745,0.972,0.914,0.868,0.889,21968,51068,0.247,0.381,0.12,0.154,0.123,0.117,0.346,0.379,0.21,0.287,0.368,0.381,0.352,0.356,0.284,0.298,0.15
PB_12050_PB_236793,0.218,0.299,0.138,0.189,0.219,6,10745,0.963,0.914,0.725,0.75,22004,51068,0.448,0.489,0.264,0.168,0.276,0.255,0.325,0.511,0.325,0.389,0.352,0.38,0.315,0.322,0.496,0.332,0.321
PB_12050_PB_236908,0.218,0.284,0.124,0.181,0.21,6,10745,0.968,0.914,0.773,0.799,22095,51068,0.447,0.491,0.263,0.171,0.276,0.24,0.33,0.533,0.313,0.379,0.36,0.386,0.322,0.325,0.492,0.328,0.326
PB_12050_PB_240698,0.406,0.257,0.246,0.259,0.299,4,10745,0.975,0.914,0.452,0.483,21974,51068,0.473,0.489,0.249,0.218,0.303,0.094,0.176,0.342,0.247,0.453,0.263,0.326,0.223,0.178,0.247,0.193,0.081
PB_12050_PB_245628,0.398,0.151,0.155,0.171,0.242,4,10745,0.963,0.914,0.462,0.49,22092,51068,0.5,0.508,0.388,0.262,0.432,0.256,0.149,0.44,0.275,0.454,0.263,0.32,0.182,0.138,0.344,0.211,0.133
PB_12050_PB_262926,0.19,0.053,0.088,0.072,0.114,0,10745,0.955,0.914,0.788,0.811,21994,51068,0.025,0.116,0.055,0.119,0.065,0.033,0.087,0.161,0.137,0.077,0.1,0.135,0.154,0.083,0.202,0.069,0.064
PB_12938_PB_226343,0.508,0.3,0.103,0.269,0.328,7,10745,0.968,0.914,0.439,0.44,21509,51068,0.454,0.54,0.23,0.214,0.214,0.29,0.529,0.561,0.388,0.367,0.568,0.621,0.497,0.542,0.464,0.396,0.24
PB_12938_PB_230609,0.506,0.3,0.107,0.265,0.327,7,10745,0.968,0.914,0.416,0.416,21516,51068,0.454,0.533,0.22,0.214,0.204,0.3,0.529,0.547,0.386,0.343,0.564,0.619,0.497,0.542,0.464,0.395,0.24
PB_12938_PB_262926,0.506,0.299,0.102,0.266,0.327,7,10745,0.969,0.914,0.428,0.429,21527,51068,0.454,0.534,0.225,0.214,0.208,0.293,0.529,0.554,0.388,0.355,0.568,0.621,0.497,0.542,0.464,0.395,0.24
PB_12986_PB_13000,0.564,0.415,0.421,0.337,0.442,11,10745,0.995,0.914,0.12,0.12,21525,51068,0.495,0.623,0.37,0.257,0.297,0.5,0.528,0.671,0.335,0.298,0.69,0.7,0.523,0.543,0.432,0.367,0.263
PB_12986_PB_14204,0.384,0.266,0.35,0.248,0.317,7,10745,0.982,0.914,0.32,0.341,22151,51068,0.411,0.39,0.27,0.208,0.195,0.388,0.397,0.407,0.277,0.145,0.395,0.423,0.368,0.368,0.431,0.262,0.269
PB_12986_PB_19825,0.333,0.099,0.13,0.082,0.19,2,10745,0.994,0.914,0.466,0.467,21522,51068,0.065,0.172,0.098,0.11,0.106,0.173,0.096,0.187,0.083,0.09,0.235,0.227,0.103,0.188,0.144,0.075,0.268
PB_12986_PB_226343,0.497,0.308,0.098,0.285,0.329,7,10745,0.968,0.914,0.414,0.415,21507,51068,0.454,0.54,0.252,0.209,0.232,0.31,0.527,0.561,0.353,0.309,0.569,0.622,0.531,0.542,0.439,0.445,0.269
PB_12986_PB_230609,0.504,0.309,0.108,0.282,0.332,7,10745,0.968,0.914,0.39,0.391,21514,51068,0.454,0.533,0.243,0.209,0.219,0.319,0.527,0.547,0.353,0.287,0.564,0.62,0.531,0.542,0.439,0.443,0.269
PB_12986_PB_233275,0.353,0.233,0.277,0.23,0.278,6,10745,0.977,0.914,0.409,0.422,21799,51068,0.413,0.389,0.185,0.133,0.15,0.297,0.396,0.406,0.276,0.184,0.394,0.423,0.366,0.366,0.431,0.271,0.268
PB_12986_PB_233398,0.346,0.229,0.293,0.225,0.278,6,10745,0.978,0.914,0.406,0.409,21572,51068,0.404,0.38,0.202,0.148,0.159,0.313,0.387,0.4,0.271,0.177,0.385,0.414,0.357,0.36,0.426,0.269,0.265
PB_12986_PB_234337,0.367,0.127,0.188,0.139,0.227,0,10745,0.958,0.914,0.347,0.35,21589,51068,0.276,0.25,0.143,0.131,0.167,0.237,0.276,0.274,0.119,0.102,0.285,0.313,0.294,0.283,0.247,0.17,0.157
PB_12986_PB_234827,0.358,0.112,0.18,0.129,0.218,0,10745,0.955,0.914,0.362,0.384,22064,51068,0.277,0.252,0.139,0.129,0.16,0.223,0.246,0.277,0.111,0.099,0.273,0.3,0.267,0.257,0.243,0.143,0.153
PB_12986_PB_235092,0.309,0.227,0.323,0.212,0.272,6,10745,0.983,0.914,0.436,0.441,21593,51068,0.302,0.287,0.232,0.177,0.149,0.354,0.325,0.303,0.238,0.16,0.314,0.336,0.279,0.305,0.341,0.241,0.227
PB_12986_PB_235423,0.282,0.211,0.333,0.195,0.261,4,10745,0.987,0.914,0.483,0.483,21506,51068,0.214,0.231,0.246,0.189,0.166,0.36,0.284,0.207,0.218,0.178,0.264,0.244,0.212,0.233,0.271,0.201,0.171
PB_12986_PB_236707,0.282,0.209,0.342,0.195,0.264,4,10745,0.986,0.914,0.483,0.483,21499,51068,0.208,0.225,0.255,0.199,0.174,0.366,0.278,0.198,0.213,0.178,0.26,0.239,0.209,0.228,0.266,0.194,0.168
PB_12986_PB_236793,0.39,0.072,0.06,0.06,0.203,2,10745,0.977,0.914,0.34,0.341,21535,51068,0.086,0.172,0.142,0.161,0.154,0.127,0.142,0.187,0.129,0.104,0.257,0.239,0.145,0.224,0.147,0.049,0.253
PB_12986_PB_236908,0.372,0.064,0.072,0.062,0.195,2,10745,0.982,0.914,0.388,0.393,21626,51068,0.063,0.17,0.128,0.143,0.143,0.138,0.126,0.184,0.111,0.08,0.243,0.227,0.126,0.207,0.147,0.052,0.243
PB_12986_PB_240698,0.678,0.449,0.426,0.356,0.492,11,10745,0.99,0.914,0.068,0.068,21505,51068,0.088,0.174,0.168,0.216,0.174,0.224,0.32,0.312,0.123,0.234,0.322,0.346,0.336,0.318,0.389,0.255,0.264
PB_12986_PB_245628,0.669,0.338,0.324,0.304,0.436,10,10745,0.977,0.914,0.078,0.078,21623,51068,0.185,0.202,0.168,0.216,0.214,0.124,0.333,0.187,0.072,0.232,0.329,0.277,0.344,0.345,0.134,0.181,0.231
PB_12986_PB_262926,0.498,0.307,0.102,0.283,0.329,7,10745,0.969,0.914,0.402,0.404,21525,51068,0.454,0.534,0.248,0.209,0.225,0.312,0.527,0.554,0.353,0.298,0.568,0.622,0.531,0.542,0.439,0.443,0.269
PB_14204_PB_19825,0.173,0.062,0.076,0.071,0.106,0,10745,0.981,0.914,0.652,0.664,22165,51068,0.086,0.251,0.13,0.077,0.151,0.124,0.084,0.254,0.099,0.254,0.224,0.238,0.212,0.099,0.158,0.169,0.082
PB_14204_PB_226343,0.398,0.188,0.057,0.228,0.249,7,10745,0.955,0.914,0.6,0.614,22150,51068,0.377,0.39,0.146,0.095,0.125,0.21,0.397,0.407,0.309,0.167,0.395,0.423,0.369,0.368,0.445,0.3,0.445
PB_14204_PB_230609,0.396,0.19,0.067,0.225,0.249,7,10745,0.955,0.914,0.576,0.59,22157,51068,0.377,0.39,0.137,0.095,0.119,0.22,0.397,0.407,0.306,0.147,0.395,0.423,0.369,0.368,0.445,0.301,0.455
PB_14204_PB_233398,0.282,0.135,0.23,0.178,0.214,7,10745,0.965,0.914,0.592,0.607,22215,51068,0.351,0.331,0.098,0.149,0.152,0.206,0.354,0.375,0.346,0.205,0.335,0.402,0.302,0.348,0.426,0.243,0.427
PB_14204_PB_234337,0.218,0.04,0.143,0.122,0.145,1,10745,0.946,0.914,0.533,0.55,22232,51068,0.198,0.184,0.098,0.141,0.194,0.136,0.208,0.264,0.189,0.243,0.202,0.25,0.218,0.241,0.24,0.066,0.251
PB_14204_PB_234827,0.221,0.043,0.135,0.116,0.144,1,10745,0.943,0.914,0.548,0.578,22707,51068,0.197,0.183,0.088,0.143,0.183,0.134,0.197,0.263,0.185,0.24,0.193,0.239,0.208,0.23,0.229,0.069,0.241
PB_14204_PB_235092,0.177,0.12,0.285,0.143,0.192,5,10745,0.97,0.914,0.622,0.638,22236,51068,0.235,0.257,0.157,0.217,0.07,0.268,0.309,0.257,0.224,0.228,0.283,0.301,0.252,0.278,0.32,0.223,0.326
PB_14204_PB_235423,0.144,0.099,0.264,0.143,0.174,3,10745,0.973,0.914,0.669,0.68,22149,51068,0.188,0.216,0.153,0.22,0.064,0.259,0.267,0.239,0.204,0.207,0.239,0.241,0.239,0.195,0.259,0.191,0.231
PB_14204_PB_236707,0.142,0.096,0.268,0.144,0.175,3,10745,0.973,0.914,0.669,0.68,22142,51068,0.186,0.218,0.153,0.223,0.064,0.257,0.261,0.24,0.198,0.206,0.24,0.242,0.24,0.193,0.257,0.184,0.226
PB_14204_PB_236793,0.228,0.118,0.035,0.101,0.139,1,10745,0.964,0.914,0.526,0.542,22178,51068,0.094,0.251,0.156,0.076,0.204,0.149,0.092,0.254,0.102,0.306,0.199,0.242,0.172,0.061,0.158,0.166,0.099
PB_14204_PB_236908,0.211,0.097,0.023,0.091,0.125,1,10745,0.969,0.914,0.574,0.592,22269,51068,0.088,0.251,0.164,0.093,0.193,0.16,0.085,0.254,0.097,0.289,0.211,0.242,0.189,0.082,0.158,0.165,0.105
PB_14204_PB_240698,0.507,0.296,0.365,0.302,0.377,8,10745,0.976,0.914,0.254,0.276,22148,51068,0.109,0.25,0.161,0.099,0.243,0.127,0.304,0.3,0.138,0.317,0.259,0.318,0.272,0.314,0.389,0.227,0.408
PB_14204_PB_245628,0.504,0.192,0.275,0.244,0.326,8,10745,0.964,0.914,0.264,0.285,22266,51068,0.185,0.251,0.221,0.109,0.276,0.105,0.26,0.254,0.118,0.317,0.234,0.25,0.25,0.311,0.14,0.125,0.343
PB_14204_PB_262926,0.396,0.188,0.06,0.226,0.248,7,10745,0.956,0.914,0.588,0.603,22168,51068,0.378,0.39,0.143,0.095,0.121,0.213,0.397,0.407,0.309,0.158,0.395,0.423,0.369,0.368,0.445,0.301,0.453
PB_19825_PB_224872,0.237,0.041,0.192,0.046,0.156,1,10745,0.966,0.914,0.747,0.751,21605,51068,0.033,0.097,0.093,0.146,0.108,0.095,0.115,0.149,0.069,0.09,0.123,0.159,0.192,0.128,0.205,0.095,0.086
PB_19825_PB_226343,0.235,0.042,0.195,0.046,0.156,1,10745,0.967,0.914,0.746,0.748,21521,51068,0.035,0.101,0.094,0.145,0.108,0.097,0.114,0.151,0.068,0.09,0.121,0.157,0.191,0.126,0.204,0.093,0.087
PB_19825_PB_230609,0.243,0.042,0.186,0.047,0.156,1,10745,0.968,0.914,0.722,0.723,21528,51068,0.035,0.128,0.094,0.146,0.108,0.097,0.127,0.15,0.068,0.09,0.117,0.155,0.179,0.126,0.202,0.092,0.109
PB_19825_PB_233275,0.104,0.096,0.02,0.065,0.079,0,10745,0.976,0.914,0.741,0.75,21813,51068,0.064,0.265,0.153,0.095,0.187,0.155,0.087,0.3,0.079,0.225,0.278,0.278,0.238,0.106,0.199,0.132,0.085
PB_19825_PB_234337,0.178,0.213,0.102,0.133,0.162,4,10745,0.957,0.914,0.679,0.682,21603,51068,0.178,0.32,0.205,0.117,0.251,0.157,0.158,0.305,0.206,0.293,0.22,0.207,0.174,0.146,0.232,0.195,0.113
PB_19825_PB_234652,0.111,0.108,0.046,0.099,0.095,2,10745,0.983,0.914,0.743,0.746,21583,51068,0.167,0.35,0.158,0.09,0.166,0.152,0.178,0.34,0.115,0.283,0.305,0.317,0.275,0.203,0.242,0.195,0.035
PB_19825_PB_234827,0.195,0.219,0.105,0.133,0.169,4,10745,0.955,0.914,0.694,0.708,22078,51068,0.168,0.308,0.201,0.114,0.238,0.159,0.177,0.305,0.211,0.281,0.229,0.222,0.19,0.17,0.228,0.216,0.109
PB_19825_PB_235423,0.197,0.158,0.065,0.144,0.149,5,10745,0.986,0.914,0.814,0.816,21520,51068,0.227,0.379,0.162,0.123,0.176,0.16,0.289,0.38,0.19,0.284,0.333,0.358,0.314,0.303,0.283,0.269,0.093
PB_19825_PB_236210,0.252,0.198,0.057,0.175,0.185,8,10745,0.988,0.914,0.847,0.849,21539,51068,0.289,0.395,0.165,0.124,0.185,0.162,0.322,0.398,0.231,0.292,0.332,0.352,0.312,0.319,0.305,0.295,0.148
PB_19825_PB_236707,0.208,0.165,0.073,0.148,0.156,5,10745,0.986,0.914,0.814,0.815,21513,51068,0.237,0.38,0.152,0.131,0.169,0.15,0.3,0.38,0.202,0.285,0.333,0.358,0.316,0.311,0.283,0.277,0.102
PB_19825_PB_236793,0.301,0.374,0.235,0.228,0.291,9,10745,0.976,0.914,0.672,0.673,21549,51068,0.454,0.479,0.299,0.181,0.306,0.312,0.288,0.494,0.324,0.36,0.315,0.348,0.299,0.275,0.5,0.318,0.28
PB_19825_PB_236908,0.299,0.361,0.225,0.227,0.284,9,10745,0.982,0.914,0.72,0.724,21640,51068,0.453,0.48,0.299,0.188,0.31,0.296,0.296,0.518,0.304,0.342,0.323,0.349,0.294,0.282,0.495,0.313,0.281
PB_19825_PB_240698,0.46,0.206,0.145,0.203,0.281,5,10745,0.989,0.914,0.399,0.4,21519,51068,0.477,0.485,0.28,0.236,0.33,0.133,0.133,0.341,0.245,0.456,0.245,0.306,0.19,0.134,0.243,0.177,0.091
PB_19825_PB_245628,0.452,0.102,0.052,0.122,0.241,4,10745,0.976,0.914,0.409,0.409,21637,51068,0.517,0.505,0.425,0.277,0.47,0.315,0.107,0.43,0.271,0.456,0.246,0.3,0.157,0.094,0.342,0.193,0.092
PB_19825_PB_262926,0.237,0.043,0.192,0.045,0.156,1,10745,0.968,0.914,0.734,0.736,21539,51068,0.034,0.115,0.094,0.144,0.108,0.097,0.121,0.15,0.068,0.09,0.121,0.157,0.187,0.126,0.209,0.092,0.1
PB_224872_PB_226343,0.539,0.225,0.22,0.287,0.343,9,10745,0.939,0.914,0.696,0.7,21590,51068,0.424,0.531,0.161,0.242,0.174,0.17,0.529,0.551,0.417,0.331,0.556,0.613,0.609,0.553,0.68,0.51,0.455
PB_224872_PB_230609,0.541,0.229,0.201,0.284,0.341,9,10745,0.94,0.914,0.672,0.675,21597,51068,0.428,0.52,0.152,0.245,0.168,0.174,0.53,0.535,0.415,0.295,0.554,0.611,0.606,0.554,0.667,0.508,0.456
PB_224872_PB_234827,0.3,0.041,0.13,0.137,0.178,1,10745,0.928,0.914,0.644,0.661,22147,51068,0.249,0.253,0.101,0.097,0.092,0.079,0.248,0.278,0.138,0.099,0.259,0.267,0.268,0.258,0.291,0.199,0.259
PB_224872_PB_236793,0.297,0.092,0.264,0.081,0.208,2,10745,0.949,0.914,0.622,0.626,21618,51068,0.084,0.099,0.123,0.201,0.142,0.123,0.155,0.117,0.108,0.112,0.172,0.18,0.232,0.172,0.205,0.102,0.103
PB_224872_PB_236908,0.278,0.068,0.249,0.073,0.193,2,10745,0.955,0.914,0.67,0.676,21709,51068,0.055,0.097,0.135,0.183,0.146,0.132,0.144,0.104,0.07,0.093,0.153,0.165,0.213,0.153,0.203,0.108,0.109
PB_224872_PB_240698,0.614,0.337,0.132,0.347,0.396,8,10745,0.961,0.914,0.349,0.353,21588,51068,0.089,0.096,0.168,0.281,0.135,0.15,0.32,0.313,0.123,0.203,0.322,0.347,0.337,0.318,0.389,0.296,0.414
PB_224872_PB_245628,0.623,0.231,0.063,0.288,0.363,8,10745,0.949,0.914,0.359,0.362,21706,51068,0.182,0.2,0.199,0.292,0.231,0.09,0.334,0.12,0.099,0.199,0.307,0.278,0.345,0.346,0.289,0.236,0.346
PB_224872_PB_262926,0.538,0.227,0.212,0.286,0.342,9,10745,0.941,0.914,0.684,0.688,21608,51068,0.427,0.521,0.153,0.243,0.171,0.173,0.529,0.54,0.418,0.312,0.556,0.613,0.609,0.554,0.678,0.507,0.455
PB_226343_PB_233398,0.353,0.158,0.048,0.213,0.222,6,10745,0.951,0.914,0.686,0.689,21571,51068,0.369,0.38,0.089,0.1,0.099,0.128,0.387,0.4,0.304,0.201,0.385,0.414,0.357,0.36,0.44,0.309,0.445
PB_226343_PB_234337,0.333,0.051,0.131,0.142,0.194,1,10745,0.93,0.914,0.628,0.63,21588,51068,0.246,0.25,0.106,0.114,0.096,0.079,0.278,0.274,0.148,0.103,0.261,0.281,0.294,0.287,0.305,0.228,0.263
PB_226343_PB_234827,0.299,0.039,0.132,0.136,0.178,1,10745,0.928,0.914,0.642,0.658,22063,51068,0.248,0.252,0.101,0.096,0.091,0.079,0.247,0.278,0.137,0.099,0.258,0.266,0.267,0.257,0.29,0.197,0.259
PB_226343_PB_235092,0.29,0.145,0.013,0.173,0.184,4,10745,0.956,0.914,0.716,0.721,21592,51068,0.276,0.287,0.105,0.053,0.076,0.167,0.325,0.303,0.243,0.19,0.314,0.336,0.279,0.305,0.341,0.277,0.375
PB_226343_PB_235423,0.2,0.123,0.019,0.14,0.137,2,10745,0.959,0.914,0.764,0.764,21505,51068,0.213,0.231,0.123,0.06,0.1,0.171,0.284,0.207,0.22,0.213,0.264,0.244,0.212,0.233,0.271,0.233,0.287
PB_226343_PB_236707,0.195,0.119,0.028,0.141,0.135,2,10745,0.958,0.914,0.764,0.764,21498,51068,0.208,0.225,0.13,0.07,0.105,0.177,0.278,0.198,0.215,0.212,0.26,0.239,0.209,0.229,0.266,0.226,0.279
PB_226343_PB_240698,0.613,0.337,0.131,0.348,0.396,8,10745,0.962,0.914,0.348,0.349,21504,51068,0.088,0.1,0.167,0.282,0.134,0.149,0.32,0.312,0.123,0.205,0.322,0.346,0.336,0.318,0.389,0.295,0.415
PB_226343_PB_245628,0.623,0.231,0.062,0.288,0.363,8,10745,0.95,0.914,0.358,0.357,21622,51068,0.184,0.201,0.201,0.292,0.233,0.09,0.333,0.118,0.097,0.201,0.306,0.277,0.344,0.345,0.288,0.235,0.345
PB_226343_PB_262926,0.537,0.226,0.218,0.285,0.342,9,10745,0.942,0.914,0.683,0.684,21524,51068,0.426,0.521,0.152,0.243,0.17,0.176,0.529,0.54,0.418,0.311,0.556,0.613,0.609,0.553,0.679,0.507,0.459
PB_226736_PB_228312,0.543,0.229,0.22,0.278,0.344,7,10745,0.931,0.914,0.68,0.711,22480,51068,0.402,0.52,0.153,0.25,0.171,0.205,0.53,0.535,0.416,0.298,0.554,0.612,0.606,0.554,0.681,0.494,0.478
PB_230609_PB_233398,0.351,0.159,0.047,0.21,0.221,6,10745,0.951,0.914,0.662,0.665,21578,51068,0.37,0.38,0.081,0.1,0.094,0.137,0.387,0.4,0.302,0.18,0.385,0.414,0.357,0.36,0.44,0.309,0.454
PB_230609_PB_234337,0.331,0.052,0.128,0.143,0.193,1,10745,0.931,0.914,0.604,0.606,21595,51068,0.246,0.251,0.106,0.116,0.098,0.087,0.278,0.274,0.147,0.103,0.261,0.281,0.294,0.287,0.303,0.227,0.279
PB_230609_PB_234827,0.297,0.04,0.127,0.137,0.177,1,10745,0.929,0.914,0.618,0.634,22070,51068,0.248,0.252,0.101,0.097,0.092,0.081,0.247,0.278,0.135,0.099,0.258,0.266,0.267,0.257,0.289,0.196,0.269
PB_230609_PB_235092,0.288,0.146,0.023,0.17,0.183,4,10745,0.956,0.914,0.692,0.696,21599,51068,0.276,0.287,0.101,0.042,0.07,0.176,0.325,0.303,0.244,0.177,0.314,0.336,0.279,0.305,0.341,0.277,0.381
PB_230609_PB_235423,0.201,0.124,0.023,0.139,0.138,2,10745,0.959,0.914,0.74,0.74,21512,51068,0.213,0.231,0.118,0.049,0.088,0.181,0.285,0.207,0.22,0.2,0.264,0.244,0.212,0.233,0.271,0.233,0.293
PB_230609_PB_236707,0.201,0.12,0.033,0.14,0.137,2,10745,0.959,0.914,0.74,0.739,21505,51068,0.208,0.225,0.125,0.059,0.09,0.186,0.278,0.198,0.215,0.199,0.26,0.239,0.209,0.229,0.266,0.226,0.285
PB_230609_PB_236793,0.303,0.093,0.259,0.079,0.208,2,10745,0.95,0.914,0.596,0.597,21541,51068,0.085,0.128,0.124,0.201,0.143,0.124,0.169,0.118,0.109,0.139,0.166,0.176,0.219,0.171,0.202,0.099,0.126
PB_230609_PB_236908,0.284,0.068,0.244,0.072,0.194,2,10745,0.956,0.914,0.645,0.649,21632,51068,0.056,0.128,0.136,0.183,0.147,0.133,0.16,0.105,0.071,0.121,0.147,0.161,0.2,0.152,0.2,0.105,0.128
PB_230609_PB_240698,0.621,0.332,0.141,0.346,0.399,8,10745,0.962,0.914,0.324,0.324,21511,51068,0.088,0.128,0.172,0.282,0.151,0.149,0.32,0.312,0.123,0.214,0.322,0.346,0.336,0.318,0.389,0.295,0.416
PB_230609_PB_245628,0.631,0.229,0.066,0.285,0.366,8,10745,0.95,0.914,0.334,0.333,21629,51068,0.184,0.201,0.212,0.292,0.236,0.089,0.334,0.111,0.096,0.211,0.305,0.277,0.344,0.345,0.287,0.234,0.345
PB_230609_PB_262926,0.537,0.225,0.21,0.28,0.34,9,10745,0.942,0.914,0.659,0.66,21531,51068,0.426,0.519,0.147,0.242,0.165,0.189,0.529,0.534,0.414,0.291,0.553,0.611,0.606,0.553,0.679,0.507,0.474
PB_233275_PB_233398,0.272,0.111,0.155,0.16,0.184,7,10745,0.96,0.914,0.681,0.693,21863,51068,0.328,0.307,0.078,0.098,0.163,0.111,0.346,0.366,0.296,0.232,0.32,0.4,0.29,0.345,0.422,0.243,0.434
PB_233275_PB_234337,0.148,0.072,0.066,0.118,0.106,1,10745,0.94,0.914,0.622,0.635,21880,51068,0.197,0.183,0.113,0.084,0.221,0.075,0.205,0.275,0.166,0.219,0.221,0.247,0.216,0.239,0.237,0.07,0.249
PB_233275_PB_234827,0.148,0.079,0.057,0.111,0.105,1,10745,0.938,0.914,0.637,0.662,22355,51068,0.196,0.182,0.102,0.086,0.21,0.076,0.193,0.274,0.16,0.217,0.219,0.236,0.205,0.228,0.226,0.057,0.238
PB_233275_PB_235092,0.176,0.085,0.17,0.115,0.142,5,10745,0.965,0.914,0.711,0.724,21884,51068,0.234,0.256,0.053,0.135,0.103,0.127,0.308,0.286,0.205,0.223,0.31,0.302,0.282,0.276,0.319,0.229,0.334
PB_233275_PB_235423,0.112,0.069,0.164,0.119,0.121,3,10745,0.968,0.914,0.758,0.767,21797,51068,0.187,0.235,0.079,0.149,0.076,0.134,0.266,0.291,0.203,0.198,0.311,0.305,0.285,0.192,0.259,0.194,0.236
PB_233275_PB_236707,0.104,0.066,0.17,0.12,0.121,3,10745,0.968,0.914,0.758,0.767,21790,51068,0.185,0.236,0.078,0.153,0.079,0.133,0.26,0.291,0.197,0.197,0.311,0.305,0.285,0.189,0.256,0.187,0.229
PB_233275_PB_236793,0.16,0.15,0.101,0.112,0.133,1,10745,0.959,0.914,0.615,0.626,21826,51068,0.101,0.265,0.183,0.115,0.235,0.191,0.067,0.3,0.108,0.261,0.247,0.276,0.199,0.06,0.198,0.128,0.102
PB_233275_PB_236908,0.143,0.13,0.088,0.099,0.117,1,10745,0.964,0.914,0.663,0.677,21917,51068,0.073,0.265,0.183,0.123,0.226,0.186,0.067,0.301,0.078,0.25,0.262,0.277,0.215,0.078,0.198,0.127,0.108
PB_233275_PB_240698,0.444,0.259,0.294,0.283,0.328,7,10745,0.971,0.914,0.342,0.357,21796,51068,0.117,0.264,0.203,0.15,0.283,0.104,0.303,0.299,0.124,0.281,0.273,0.316,0.271,0.314,0.389,0.231,0.41
PB_233275_PB_245628,0.436,0.157,0.209,0.236,0.28,7,10745,0.959,0.914,0.353,0.365,21914,51068,0.193,0.265,0.282,0.182,0.311,0.161,0.259,0.3,0.099,0.282,0.273,0.296,0.249,0.31,0.164,0.125,0.342
PB_233398_PB_262926,0.351,0.157,0.048,0.211,0.221,6,10745,0.952,0.914,0.674,0.678,21589,51068,0.37,0.38,0.083,0.1,0.096,0.131,0.387,0.401,0.304,0.191,0.385,0.414,0.357,0.36,0.44,0.309,0.452
PB_234337_PB_234827,0.166,0.15,0.059,0.108,0.128,5,10745,0.919,0.914,0.575,0.594,22145,51068,0.161,0.228,0.123,0.095,0.259,0.099,0.096,0.278,0.122,0.27,0.167,0.14,0.124,0.141,0.093,0.1,0.132
PB_234337_PB_235092,0.139,0.08,0.102,0.085,0.104,0,10745,0.946,0.914,0.649,0.655,21674,51068,0.181,0.275,0.087,0.156,0.152,0.093,0.17,0.299,0.066,0.265,0.242,0.213,0.196,0.18,0.182,0.085,0.183
PB_234337_PB_235423,0.11,0.103,0.109,0.095,0.104,3,10745,0.949,0.914,0.696,0.698,21587,51068,0.144,0.285,0.092,0.176,0.123,0.106,0.147,0.303,0.1,0.242,0.254,0.23,0.214,0.162,0.166,0.162,0.103
PB_234337_PB_236210,0.148,0.134,0.099,0.117,0.126,4,10745,0.952,0.914,0.728,0.732,21606,51068,0.113,0.296,0.079,0.176,0.121,0.093,0.191,0.303,0.161,0.25,0.255,0.232,0.217,0.191,0.179,0.202,0.044
PB_234337_PB_236707,0.111,0.104,0.117,0.098,0.108,3,10745,0.949,0.914,0.696,0.698,21580,51068,0.141,0.285,0.083,0.184,0.121,0.11,0.155,0.302,0.108,0.24,0.253,0.228,0.213,0.167,0.165,0.168,0.098
PB_234337_PB_236793,0.208,0.262,0.186,0.161,0.208,5,10745,0.94,0.914,0.553,0.557,21616,51068,0.209,0.32,0.232,0.131,0.295,0.208,0.128,0.305,0.269,0.361,0.171,0.196,0.13,0.108,0.238,0.209,0.103
PB_234337_PB_236908,0.191,0.24,0.173,0.146,0.191,5,10745,0.946,0.914,0.601,0.608,21707,51068,0.186,0.32,0.233,0.145,0.29,0.195,0.131,0.306,0.241,0.331,0.188,0.196,0.148,0.119,0.234,0.183,0.087
PB_234337_PB_240698,0.493,0.203,0.218,0.234,0.311,3,10745,0.952,0.914,0.28,0.284,21586,51068,0.233,0.319,0.248,0.159,0.344,0.122,0.163,0.297,0.165,0.402,0.195,0.206,0.195,0.207,0.226,0.07,0.242
PB_234337_PB_245628,0.485,0.103,0.129,0.158,0.268,3,10745,0.94,0.914,0.291,0.293,21704,51068,0.274,0.32,0.321,0.187,0.387,0.188,0.159,0.305,0.19,0.403,0.196,0.206,0.172,0.203,0.099,0.085,0.206
PB_234337_PB_262926,0.332,0.05,0.132,0.141,0.194,1,10745,0.932,0.914,0.616,0.619,21606,51068,0.247,0.251,0.106,0.114,0.096,0.085,0.278,0.274,0.148,0.103,0.262,0.281,0.295,0.287,0.31,0.227,0.27
PB_234652_PB_235092,0.166,0.083,0.238,0.108,0.16,7,10745,0.971,0.914,0.713,0.719,21654,51068,0.226,0.322,0.113,0.218,0.068,0.219,0.3,0.32,0.198,0.27,0.336,0.327,0.311,0.257,0.316,0.23,0.303
PB_234652_PB_236793,0.162,0.16,0.073,0.098,0.129,2,10745,0.966,0.914,0.617,0.621,21596,51068,0.176,0.352,0.191,0.105,0.198,0.184,0.145,0.342,0.165,0.326,0.258,0.295,0.236,0.169,0.245,0.189,0.032
PB_234652_PB_236908,0.152,0.142,0.056,0.086,0.116,2,10745,0.971,0.914,0.666,0.671,21687,51068,0.17,0.35,0.193,0.116,0.198,0.187,0.146,0.34,0.146,0.317,0.271,0.304,0.247,0.175,0.243,0.185,0.042
PB_234827_PB_235092,0.141,0.088,0.093,0.083,0.104,0,10745,0.943,0.914,0.664,0.682,22149,51068,0.18,0.272,0.091,0.159,0.14,0.094,0.159,0.297,0.064,0.263,0.24,0.214,0.196,0.169,0.171,0.103,0.172
PB_234827_PB_235423,0.112,0.113,0.1,0.093,0.105,3,10745,0.947,0.914,0.711,0.724,22062,51068,0.143,0.282,0.095,0.179,0.125,0.106,0.165,0.301,0.116,0.24,0.255,0.238,0.225,0.181,0.168,0.18,0.091
PB_234827_PB_236210,0.166,0.144,0.09,0.119,0.133,4,10745,0.949,0.914,0.743,0.757,22081,51068,0.128,0.293,0.082,0.179,0.123,0.093,0.21,0.301,0.178,0.248,0.262,0.24,0.228,0.21,0.182,0.221,0.059
PB_234827_PB_236707,0.113,0.114,0.108,0.098,0.108,3,10745,0.946,0.914,0.711,0.724,22055,51068,0.14,0.281,0.086,0.188,0.123,0.111,0.174,0.3,0.124,0.238,0.254,0.237,0.224,0.186,0.166,0.188,0.086
PB_234827_PB_236793,0.203,0.267,0.187,0.162,0.208,5,10745,0.937,0.914,0.568,0.585,22091,51068,0.198,0.308,0.227,0.127,0.28,0.209,0.132,0.305,0.271,0.341,0.181,0.198,0.147,0.126,0.233,0.216,0.1
PB_234827_PB_236908,0.186,0.246,0.174,0.146,0.192,5,10745,0.943,0.914,0.616,0.635,22182,51068,0.175,0.309,0.228,0.141,0.276,0.197,0.147,0.305,0.246,0.315,0.198,0.21,0.164,0.144,0.23,0.204,0.086
PB_234827_PB_240698,0.482,0.193,0.209,0.224,0.301,3,10745,0.95,0.914,0.296,0.319,22061,51068,0.222,0.308,0.236,0.151,0.324,0.126,0.159,0.297,0.171,0.387,0.197,0.208,0.178,0.202,0.222,0.067,0.237
PB_234827_PB_245628,0.474,0.097,0.121,0.15,0.26,3,10745,0.938,0.914,0.306,0.327,22179,51068,0.262,0.308,0.317,0.181,0.376,0.19,0.136,0.305,0.195,0.388,0.198,0.208,0.156,0.198,0.099,0.083,0.202
PB_234827_PB_262926,0.297,0.039,0.132,0.135,0.177,1,10745,0.93,0.914,0.631,0.646,22081,51068,0.248,0.252,0.101,0.096,0.091,0.079,0.247,0.278,0.137,0.099,0.258,0.266,0.267,0.257,0.296,0.197,0.264
PB_235092_PB_235423,0.085,0.053,0.216,0.108,0.131,5,10745,0.974,0.914,0.785,0.789,21591,51068,0.168,0.349,0.126,0.238,0.102,0.209,0.25,0.349,0.194,0.247,0.359,0.346,0.321,0.211,0.25,0.192,0.176
PB_235092_PB_236707,0.075,0.051,0.222,0.111,0.132,5,10745,0.974,0.914,0.785,0.788,21584,51068,0.166,0.349,0.126,0.243,0.101,0.207,0.246,0.349,0.188,0.245,0.36,0.347,0.321,0.214,0.25,0.182,0.169
PB_235092_PB_240698,0.435,0.263,0.333,0.28,0.335,6,10745,0.977,0.914,0.37,0.375,21590,51068,0.201,0.366,0.136,0.097,0.233,0.082,0.282,0.33,0.123,0.337,0.276,0.317,0.227,0.267,0.327,0.229,0.336
PB_235092_PB_245628,0.427,0.156,0.237,0.198,0.275,5,10745,0.965,0.914,0.38,0.383,21708,51068,0.228,0.367,0.275,0.151,0.331,0.136,0.237,0.358,0.115,0.337,0.276,0.317,0.217,0.265,0.174,0.129,0.278
PB_235092_PB_262926,0.289,0.144,0.016,0.171,0.183,4,10745,0.957,0.914,0.704,0.709,21610,51068,0.276,0.288,0.104,0.046,0.072,0.17,0.325,0.303,0.244,0.183,0.314,0.336,0.279,0.305,0.341,0.277,0.379
PB_235423_PB_236707,0.141,0.031,0.258,0.14,0.164,8,10745,0.978,0.914,0.832,0.833,21497,51068,0.161,0.363,0.17,0.283,0.147,0.23,0.3,0.374,0.178,0.232,0.384,0.391,0.365,0.338,0.274,0.237,0.16
PB_235423_PB_236793,0.165,0.209,0.077,0.128,0.153,5,10745,0.968,0.914,0.689,0.69,21533,51068,0.25,0.384,0.188,0.09,0.199,0.182,0.259,0.381,0.224,0.305,0.29,0.336,0.279,0.271,0.287,0.269,0.093
PB_235423_PB_236908,0.161,0.19,0.06,0.121,0.142,5,10745,0.974,0.914,0.737,0.741,21624,51068,0.24,0.381,0.188,0.1,0.199,0.186,0.261,0.38,0.207,0.299,0.301,0.345,0.289,0.279,0.285,0.265,0.087
PB_235423_PB_240698,0.409,0.261,0.341,0.291,0.33,5,10745,0.981,0.914,0.416,0.417,21503,51068,0.28,0.385,0.109,0.087,0.195,0.084,0.247,0.339,0.137,0.313,0.276,0.325,0.227,0.198,0.262,0.195,0.252
PB_235423_PB_245628,0.401,0.15,0.239,0.207,0.266,4,10745,0.968,0.914,0.426,0.425,21621,51068,0.305,0.385,0.272,0.145,0.339,0.131,0.214,0.374,0.165,0.313,0.275,0.324,0.202,0.197,0.191,0.145,0.2
PB_235423_PB_262926,0.199,0.122,0.019,0.139,0.136,2,10745,0.96,0.914,0.752,0.753,21523,51068,0.213,0.231,0.122,0.053,0.095,0.174,0.285,0.207,0.22,0.206,0.264,0.244,0.213,0.233,0.271,0.233,0.292
PB_236210_PB_236793,0.23,0.252,0.083,0.165,0.194,8,10745,0.971,0.914,0.721,0.723,21552,51068,0.332,0.401,0.174,0.084,0.196,0.166,0.297,0.401,0.27,0.312,0.292,0.334,0.288,0.292,0.325,0.302,0.172
PB_236210_PB_236908,0.231,0.235,0.067,0.161,0.186,8,10745,0.976,0.914,0.77,0.774,21643,51068,0.325,0.399,0.174,0.105,0.192,0.168,0.302,0.4,0.255,0.306,0.303,0.344,0.298,0.301,0.316,0.297,0.166
PB_236707_PB_236793,0.176,0.214,0.066,0.132,0.157,5,10745,0.968,0.914,0.689,0.69,21526,51068,0.259,0.385,0.178,0.087,0.192,0.171,0.269,0.381,0.234,0.304,0.29,0.337,0.281,0.279,0.287,0.277,0.103
PB_236707_PB_236908,0.173,0.196,0.049,0.126,0.147,5,10745,0.973,0.914,0.737,0.74,21617,51068,0.251,0.383,0.178,0.107,0.192,0.175,0.272,0.38,0.218,0.299,0.301,0.345,0.292,0.287,0.285,0.272,0.098
PB_236707_PB_240698,0.409,0.263,0.351,0.291,0.333,5,10745,0.981,0.914,0.416,0.416,21496,51068,0.288,0.387,0.102,0.078,0.19,0.094,0.243,0.339,0.147,0.312,0.276,0.325,0.227,0.195,0.258,0.188,0.246
PB_236707_PB_245628,0.402,0.151,0.249,0.207,0.269,4,10745,0.968,0.914,0.426,0.425,21614,51068,0.313,0.387,0.264,0.136,0.331,0.122,0.211,0.374,0.175,0.313,0.275,0.324,0.202,0.194,0.19,0.15,0.193
PB_236707_PB_262926,0.195,0.118,0.028,0.14,0.134,2,10745,0.96,0.914,0.752,0.752,21516,51068,0.208,0.225,0.129,0.063,0.098,0.18,0.278,0.199,0.215,0.204,0.26,0.239,0.209,0.229,0.266,0.226,0.284
PB_236793_PB_236908,0.302,0.377,0.326,0.232,0.314,10,10745,0.965,0.914,0.594,0.599,21653,51068,0.438,0.477,0.36,0.241,0.367,0.379,0.275,0.487,0.387,0.397,0.292,0.323,0.273,0.263,0.501,0.31,0.241
PB_236793_PB_237465,0.338,0.415,0.359,0.267,0.349,10,10745,0.957,0.914,0.52,0.522,21543,51068,0.488,0.514,0.346,0.225,0.341,0.406,0.335,0.48,0.459,0.471,0.336,0.38,0.315,0.291,0.539,0.341,0.299
PB_236793_PB_238180,0.338,0.415,0.359,0.267,0.349,10,10745,0.957,0.914,0.52,0.522,21540,51068,0.488,0.514,0.346,0.225,0.341,0.406,0.335,0.48,0.459,0.471,0.336,0.38,0.315,0.291,0.539,0.341,0.299
PB_236793_PB_240698,0.517,0.163,0.072,0.199,0.291,6,10745,0.971,0.914,0.274,0.275,21532,51068,0.508,0.499,0.33,0.28,0.374,0.182,0.088,0.341,0.333,0.542,0.221,0.278,0.147,0.089,0.247,0.172,0.1
PB_236793_PB_245628,0.509,0.101,0.07,0.14,0.271,5,10745,0.959,0.914,0.284,0.284,21650,51068,0.557,0.549,0.453,0.303,0.493,0.365,0.08,0.399,0.326,0.54,0.221,0.276,0.116,0.051,0.347,0.185,0.089
PB_236793_PB_262926,0.297,0.094,0.265,0.079,0.208,2,10745,0.951,0.914,0.608,0.61,21552,51068,0.085,0.115,0.124,0.2,0.142,0.125,0.161,0.118,0.109,0.127,0.17,0.178,0.226,0.171,0.209,0.1,0.117
PB_236908_PB_240698,0.498,0.171,0.085,0.186,0.282,6,10745,0.977,0.914,0.322,0.327,21623,51068,0.483,0.487,0.316,0.268,0.369,0.168,0.101,0.341,0.285,0.496,0.234,0.291,0.164,0.108,0.246,0.171,0.091
PB_236908_PB_245628,0.49,0.077,0.061,0.125,0.258,5,10745,0.965,0.914,0.332,0.336,21741,51068,0.526,0.516,0.451,0.299,0.499,0.351,0.075,0.411,0.303,0.495,0.234,0.286,0.132,0.068,0.341,0.181,0.08
PB_236908_PB_262926,0.279,0.07,0.25,0.072,0.194,2,10745,0.957,0.914,0.657,0.661,21643,51068,0.056,0.115,0.135,0.182,0.147,0.132,0.151,0.105,0.071,0.109,0.151,0.164,0.208,0.152,0.207,0.106,0.12
PB_237465_PB_240698,0.518,0.161,0.066,0.203,0.291,6,10745,0.969,0.914,0.248,0.249,21513,51068,0.513,0.504,0.331,0.279,0.367,0.183,0.087,0.341,0.354,0.556,0.221,0.277,0.146,0.089,0.246,0.172,0.096
PB_240698_PB_245628,0.768,0.375,0.334,0.416,0.504,14,10745,0.971,0.914,0.011,0.012,21620,51068,0.56,0.518,0.388,0.372,0.455,0.18,0.207,0.336,0.291,0.681,0.272,0.322,0.2,0.279,0.21,0.114,0.315
PB_240698_PB_262926,0.616,0.332,0.134,0.348,0.396,8,10745,0.963,0.914,0.336,0.337,21522,51068,0.088,0.115,0.167,0.281,0.139,0.149,0.32,0.312,0.123,0.209,0.322,0.346,0.336,0.318,0.389,0.295,0.416
PB_245628_PB_262926,0.625,0.228,0.062,0.286,0.363,8,10745,0.951,0.914,0.346,0.346,21640,51068,0.184,0.201,0.209,0.292,0.235,0.089,0.333,0.115,0.098,0.206,0.306,0.277,0.344,0.345,0.294,0.235,0.345
PB_9196_PB_11437,0.114,0.104,0.214,0.087,0.139,3,10745,0.981,0.914,0.718,0.719,21616,51068,0.132,0.157,0.189,0.229,0.155,0.219,0.186,0.184,0.166,0.177,0.209,0.203,0.128,0.118,0.154,0.127,0.14
PB_9196_PB_11513,0.115,0.105,0.224,0.094,0.144,2,10745,0.982,0.914,0.688,0.711,22018,51068,0.125,0.152,0.199,0.232,0.169,0.235,0.19,0.177,0.175,0.167,0.201,0.195,0.13,0.121,0.158,0.139,0.119
PB_9196_PB_11634,0.176,0.032,0.088,0.072,0.106,1,10745,0.988,0.914,0.634,0.643,21770,51068,0.042,0.154,0.083,0.122,0.095,0.111,0.124,0.179,0.072,0.103,0.23,0.223,0.104,0.109,0.108,0.075,0.19
PB_9196_PB_11720,0.129,0.085,0.184,0.074,0.126,1,10745,0.982,0.914,0.694,0.717,22002,51068,0.119,0.151,0.157,0.192,0.138,0.184,0.17,0.175,0.18,0.146,0.207,0.204,0.115,0.1,0.128,0.121,0.136
PB_9196_PB_11818,0.129,0.084,0.184,0.074,0.126,1,10745,0.982,0.914,0.694,0.718,22027,51068,0.118,0.15,0.157,0.192,0.138,0.185,0.17,0.175,0.179,0.146,0.207,0.204,0.115,0.1,0.128,0.122,0.136
PB_9196_PB_11882,0.129,0.085,0.184,0.074,0.126,1,10745,0.982,0.914,0.694,0.717,22014,51068,0.118,0.15,0.157,0.192,0.138,0.185,0.169,0.175,0.179,0.146,0.207,0.204,0.115,0.1,0.128,0.122,0.136
PB_9196_PB_12050,0.138,0.083,0.168,0.047,0.119,0,10745,0.974,0.914,0.676,0.703,22086,51068,0.04,0.15,0.094,0.127,0.085,0.13,0.109,0.174,0.136,0.1,0.21,0.207,0.076,0.083,0.112,0.065,0.219
PB_9196_PB_12938,0.429,0.338,0.365,0.25,0.351,10,10745,0.988,0.914,0.316,0.319,21619,51068,0.502,0.635,0.303,0.206,0.259,0.391,0.531,0.679,0.347,0.425,0.701,0.7,0.494,0.543,0.439,0.358,0.21
PB_9196_PB_12986,0.42,0.319,0.355,0.246,0.341,10,10745,0.988,0.914,0.291,0.294,21617,51068,0.492,0.628,0.337,0.221,0.291,0.39,0.528,0.675,0.343,0.345,0.695,0.7,0.53,0.543,0.435,0.419,0.23
PB_9196_PB_14204,0.347,0.203,0.293,0.177,0.264,7,10745,0.975,0.914,0.477,0.495,22260,51068,0.406,0.39,0.251,0.26,0.192,0.311,0.397,0.407,0.279,0.158,0.395,0.423,0.368,0.367,0.433,0.298,0.352
PB_9196_PB_19825,0.186,0.037,0.073,0.066,0.107,1,10745,0.987,0.914,0.622,0.625,21631,51068,0.043,0.155,0.079,0.112,0.104,0.094,0.13,0.181,0.072,0.105,0.232,0.225,0.112,0.116,0.106,0.079,0.18
PB_9196_PB_224872,0.444,0.242,0.049,0.231,0.279,7,10745,0.96,0.914,0.572,0.578,21700,51068,0.451,0.54,0.228,0.161,0.237,0.237,0.533,0.561,0.356,0.339,0.569,0.622,0.555,0.542,0.442,0.489,0.354
PB_9196_PB_226343,0.444,0.242,0.047,0.231,0.279,7,10745,0.961,0.914,0.571,0.574,21616,51068,0.45,0.54,0.23,0.161,0.238,0.24,0.533,0.561,0.356,0.338,0.568,0.622,0.554,0.542,0.442,0.489,0.354
PB_9196_PB_230609,0.442,0.243,0.057,0.228,0.278,7,10745,0.961,0.914,0.548,0.55,21623,51068,0.45,0.533,0.221,0.161,0.219,0.25,0.533,0.547,0.356,0.314,0.564,0.62,0.554,0.542,0.442,0.488,0.354
PB_9196_PB_233398,0.341,0.169,0.235,0.16,0.238,6,10745,0.971,0.914,0.562,0.567,21681,51068,0.4,0.38,0.183,0.211,0.152,0.235,0.387,0.4,0.27,0.19,0.384,0.414,0.356,0.36,0.428,0.306,0.349
PB_9196_PB_234337,0.241,0.064,0.135,0.083,0.148,0,10745,0.951,0.914,0.504,0.509,21698,51068,0.274,0.25,0.119,0.185,0.103,0.159,0.282,0.273,0.132,0.109,0.283,0.312,0.293,0.282,0.246,0.213,0.234
PB_9196_PB_234827,0.214,0.05,0.127,0.078,0.133,0,10745,0.948,0.914,0.519,0.539,22173,51068,0.275,0.251,0.121,0.188,0.099,0.147,0.25,0.277,0.125,0.101,0.27,0.299,0.266,0.256,0.242,0.184,0.229
PB_9196_PB_235092,0.246,0.16,0.265,0.14,0.21,6,10745,0.976,0.914,0.593,0.599,21702,51068,0.3,0.287,0.224,0.255,0.149,0.276,0.324,0.303,0.238,0.162,0.314,0.335,0.279,0.305,0.341,0.275,0.3
PB_9196_PB_235423,0.148,0.14,0.274,0.125,0.182,4,10745,0.98,0.914,0.64,0.642,21615,51068,0.212,0.23,0.242,0.271,0.182,0.281,0.284,0.206,0.218,0.178,0.264,0.244,0.212,0.232,0.27,0.233,0.229
PB_9196_PB_236707,0.137,0.136,0.284,0.125,0.183,4,10745,0.979,0.914,0.64,0.641,21608,51068,0.208,0.225,0.25,0.28,0.185,0.287,0.277,0.197,0.212,0.177,0.259,0.238,0.209,0.228,0.266,0.225,0.225
PB_9196_PB_236793,0.243,0.087,0.048,0.08,0.137,1,10745,0.97,0.914,0.497,0.5,21644,51068,0.087,0.155,0.109,0.116,0.141,0.106,0.166,0.181,0.11,0.105,0.255,0.237,0.155,0.159,0.116,0.087,0.164
PB_9196_PB_236908,0.225,0.063,0.036,0.065,0.123,1,10745,0.975,0.914,0.545,0.552,21735,51068,0.058,0.153,0.121,0.1,0.143,0.125,0.162,0.179,0.072,0.078,0.24,0.225,0.136,0.142,0.11,0.093,0.157
PB_9196_PB_240698,0.533,0.367,0.369,0.282,0.398,10,10745,0.982,0.914,0.224,0.228,21614,51068,0.088,0.157,0.118,0.168,0.106,0.174,0.319,0.312,0.123,0.236,0.321,0.345,0.336,0.318,0.389,0.292,0.343
PB_9196_PB_245628,0.542,0.261,0.271,0.235,0.35,9,10745,0.97,0.914,0.234,0.237,21732,51068,0.186,0.202,0.154,0.168,0.217,0.08,0.332,0.181,0.071,0.233,0.328,0.276,0.343,0.345,0.133,0.225,0.31
PB_9196_PB_262926,0.442,0.241,0.05,0.229,0.278,7,10745,0.962,0.914,0.56,0.563,21634,51068,0.45,0.534,0.226,0.161,0.23,0.243,0.533,0.554,0.356,0.326,0.568,0.622,0.554,0.542,0.442,0.488,0.354
PB_9196_PB_9261,0.438,0.327,0.335,0.237,0.342,10,10745,0.986,0.914,0.36,0.363,21620,51068,0.502,0.638,0.292,0.175,0.286,0.363,0.531,0.68,0.349,0.485,0.702,0.7,0.518,0.543,0.44,0.407,0.264
PB_9261_PB_11437,0.156,0.174,0.235,0.159,0.184,4,10745,0.986,0.914,0.63,0.63,21510,51068,0.169,0.239,0.168,0.076,0.149,0.257,0.186,0.226,0.166,0.206,0.241,0.234,0.128,0.178,0.154,0.101,0.227
PB_9261_PB_11513,0.159,0.172,0.245,0.155,0.186,3,10745,0.987,0.914,0.6,0.624,21912,51068,0.164,0.233,0.178,0.079,0.163,0.277,0.19,0.221,0.175,0.192,0.235,0.23,0.13,0.174,0.158,0.102,0.203
PB_9261_PB_11720,0.171,0.158,0.204,0.145,0.171,2,10745,0.987,0.914,0.605,0.629,21896,51068,0.164,0.232,0.136,0.045,0.13,0.228,0.17,0.221,0.18,0.175,0.233,0.23,0.115,0.187,0.128,0.098,0.221
PB_9261_PB_11736,0.226,0.111,0.101,0.086,0.142,3,10745,0.993,0.914,0.536,0.544,21643,51068,0.16,0.234,0.085,0.109,0.102,0.156,0.093,0.223,0.067,0.154,0.249,0.234,0.111,0.217,0.097,0.075,0.272
PB_9261_PB_11818,0.171,0.158,0.205,0.145,0.171,2,10745,0.987,0.914,0.605,0.631,21921,51068,0.163,0.231,0.136,0.045,0.13,0.228,0.17,0.22,0.179,0.175,0.233,0.23,0.115,0.187,0.128,0.098,0.221
PB_9261_PB_11882,0.171,0.158,0.204,0.145,0.171,2,10745,0.987,0.914,0.605,0.63,21908,51068,0.163,0.231,0.136,0.045,0.13,0.228,0.169,0.22,0.179,0.174,0.233,0.23,0.115,0.187,0.128,0.098,0.221
PB_9261_PB_12050,0.183,0.164,0.186,0.136,0.168,1,10745,0.979,0.914,0.588,0.615,21980,51068,0.157,0.231,0.074,0.089,0.077,0.183,0.081,0.22,0.136,0.15,0.234,0.231,0.083,0.191,0.101,0.065,0.307
PB_9261_PB_12986,0.533,0.423,0.411,0.328,0.43,11,10745,0.993,0.914,0.202,0.203,21511,51068,0.515,0.649,0.321,0.209,0.263,0.471,0.528,0.684,0.348,0.359,0.705,0.706,0.518,0.543,0.437,0.351,0.314
PB_9261_PB_14204,0.369,0.252,0.314,0.23,0.296,7,10745,0.98,0.914,0.388,0.408,22154,51068,0.414,0.39,0.222,0.139,0.166,0.343,0.397,0.407,0.306,0.212,0.395,0.423,0.368,0.367,0.441,0.247,0.281
PB_9261_PB_19825,0.23,0.109,0.096,0.083,0.142,3,10745,0.993,0.914,0.534,0.536,21525,51068,0.161,0.237,0.092,0.115,0.104,0.151,0.097,0.224,0.066,0.156,0.252,0.237,0.115,0.22,0.095,0.075,0.269
PB_9261_PB_224872,0.508,0.294,0.068,0.275,0.326,7,10745,0.965,0.914,0.484,0.488,21594,51068,0.46,0.54,0.211,0.216,0.231,0.261,0.529,0.561,0.41,0.402,0.569,0.621,0.534,0.542,0.466,0.439,0.281
PB_9261_PB_226343,0.508,0.293,0.066,0.275,0.326,7,10745,0.966,0.914,0.483,0.484,21510,51068,0.46,0.54,0.213,0.215,0.233,0.263,0.529,0.561,0.41,0.401,0.568,0.621,0.534,0.542,0.466,0.438,0.28
PB_9261_PB_230609,0.506,0.294,0.07,0.272,0.325,7,10745,0.966,0.914,0.459,0.46,21517,51068,0.46,0.533,0.202,0.216,0.215,0.271,0.529,0.547,0.408,0.377,0.564,0.619,0.534,0.542,0.466,0.437,0.28
PB_9261_PB_233398,0.347,0.215,0.255,0.214,0.263,6,10745,0.976,0.914,0.474,0.478,21575,51068,0.408,0.38,0.155,0.094,0.129,0.269,0.387,0.4,0.3,0.245,0.384,0.414,0.356,0.36,0.435,0.253,0.278
PB_9261_PB_234337,0.304,0.116,0.15,0.133,0.191,0,10745,0.956,0.914,0.416,0.419,21592,51068,0.282,0.292,0.137,0.107,0.161,0.193,0.277,0.273,0.145,0.158,0.306,0.312,0.29,0.3,0.252,0.157,0.168
PB_9261_PB_234827,0.275,0.105,0.142,0.125,0.175,0,10745,0.953,0.914,0.431,0.451,22067,51068,0.281,0.283,0.13,0.092,0.155,0.181,0.246,0.277,0.134,0.148,0.295,0.298,0.266,0.274,0.247,0.128,0.164
PB_9261_PB_235092,0.261,0.214,0.287,0.189,0.241,7,10745,0.981,0.914,0.505,0.509,21596,51068,0.303,0.287,0.197,0.104,0.137,0.31,0.324,0.303,0.243,0.217,0.314,0.335,0.279,0.305,0.341,0.227,0.247
PB_9261_PB_235423,0.187,0.198,0.296,0.172,0.219,5,10745,0.985,0.914,0.552,0.552,21509,51068,0.217,0.239,0.218,0.113,0.178,0.318,0.284,0.226,0.22,0.213,0.264,0.244,0.212,0.232,0.27,0.186,0.183
PB_9261_PB_236707,0.187,0.196,0.305,0.172,0.221,5,10745,0.984,0.914,0.552,0.552,21502,51068,0.21,0.24,0.225,0.122,0.182,0.323,0.277,0.227,0.214,0.211,0.259,0.238,0.209,0.228,0.266,0.179,0.179
PB_9261_PB_236793,0.29,0.071,0.042,0.07,0.155,3,10745,0.975,0.914,0.409,0.41,21538,51068,0.161,0.236,0.136,0.167,0.148,0.125,0.143,0.224,0.11,0.122,0.266,0.237,0.155,0.253,0.116,0.067,0.254
PB_9261_PB_236908,0.271,0.078,0.045,0.056,0.146,3,10745,0.98,0.914,0.456,0.462,21629,51068,0.16,0.234,0.123,0.149,0.143,0.141,0.128,0.223,0.072,0.129,0.257,0.231,0.136,0.237,0.099,0.038,0.243
PB_9261_PB_240698,0.608,0.442,0.385,0.382,0.463,11,10745,0.988,0.914,0.136,0.137,21508,51068,0.162,0.239,0.162,0.23,0.165,0.176,0.319,0.312,0.123,0.207,0.321,0.345,0.336,0.318,0.389,0.237,0.276
PB_9261_PB_245628,0.617,0.332,0.283,0.299,0.406,10,10745,0.975,0.914,0.146,0.146,21626,51068,0.186,0.236,0.171,0.234,0.221,0.107,0.332,0.224,0.096,0.202,0.328,0.276,0.343,0.345,0.141,0.168,0.243
PB_9261_PB_262926,0.506,0.292,0.065,0.273,0.324,7,10745,0.967,0.914,0.471,0.473,21528,51068,0.46,0.534,0.208,0.215,0.227,0.265,0.529,0.554,0.41,0.389,0.568,0.621,0.534,0.542,0.466,0.437,0.28
PB_9261_PB_9564,0.492,0.39,0.361,0.293,0.391,12,10745,0.992,0.914,0.23,0.231,21513,51068,0.516,0.663,0.29,0.205,0.265,0.419,0.531,0.674,0.399,0.475,0.718,0.717,0.491,0.543,0.465,0.317,0.266
PB_9564_PB_11437,0.199,0.195,0.261,0.177,0.21,4,10745,0.988,0.914,0.588,0.588,21509,51068,0.182,0.23,0.165,0.087,0.135,0.28,0.186,0.215,0.166,0.203,0.234,0.232,0.128,0.173,0.154,0.083,0.226
PB_9564_PB_11513,0.2,0.191,0.271,0.172,0.212,3,10745,0.988,0.914,0.558,0.583,21911,51068,0.177,0.224,0.175,0.091,0.149,0.296,0.19,0.21,0.175,0.192,0.227,0.228,0.13,0.169,0.158,0.084,0.203
PB_9564_PB_11736,0.269,0.137,0.127,0.102,0.172,3,10745,0.994,0.914,0.496,0.503,21642,51068,0.173,0.226,0.086,0.108,0.102,0.174,0.091,0.212,0.066,0.11,0.248,0.234,0.081,0.213,0.088,0.074,0.27
PB_9564_PB_11818,0.214,0.18,0.23,0.162,0.198,2,10745,0.988,0.914,0.564,0.59,21920,51068,0.177,0.223,0.134,0.061,0.117,0.248,0.17,0.209,0.179,0.173,0.231,0.228,0.115,0.183,0.128,0.082,0.22
PB_9564_PB_12050,0.222,0.188,0.211,0.153,0.195,1,10745,0.98,0.914,0.546,0.575,21979,51068,0.17,0.222,0.071,0.089,0.063,0.202,0.081,0.209,0.136,0.107,0.233,0.229,0.071,0.187,0.092,0.059,0.305
PB_9564_PB_12938,0.491,0.412,0.406,0.313,0.41,12,10745,0.994,0.914,0.187,0.187,21512,51068,0.506,0.641,0.322,0.205,0.267,0.464,0.531,0.672,0.371,0.428,0.709,0.703,0.49,0.543,0.455,0.3,0.248
PB_9564_PB_12986,0.544,0.442,0.441,0.345,0.449,11,10745,0.994,0.914,0.162,0.162,21510,51068,0.519,0.648,0.338,0.22,0.272,0.501,0.528,0.684,0.348,0.354,0.705,0.706,0.496,0.543,0.437,0.313,0.315
PB_9564_PB_14204,0.369,0.261,0.34,0.238,0.307,7,10745,0.981,0.914,0.348,0.368,22153,51068,0.414,0.39,0.23,0.151,0.169,0.368,0.397,0.407,0.304,0.205,0.395,0.423,0.365,0.367,0.441,0.214,0.248
PB_9564_PB_19825,0.273,0.134,0.123,0.099,0.171,3,10745,0.994,0.914,0.493,0.494,21524,51068,0.175,0.228,0.093,0.115,0.105,0.169,0.096,0.213,0.065,0.113,0.251,0.237,0.086,0.215,0.086,0.073,0.267
PB_9564_PB_233398,0.347,0.224,0.282,0.216,0.272,6,10745,0.977,0.914,0.433,0.436,21574,51068,0.407,0.38,0.171,0.11,0.14,0.294,0.387,0.4,0.296,0.239,0.384,0.414,0.353,0.36,0.435,0.22,0.244
PB_9564_PB_234337,0.306,0.136,0.176,0.135,0.201,0,10745,0.957,0.914,0.374,0.378,21591,51068,0.281,0.283,0.138,0.108,0.161,0.218,0.277,0.273,0.143,0.114,0.304,0.312,0.289,0.297,0.252,0.13,0.135
PB_9564_PB_234827,0.299,0.128,0.168,0.127,0.194,0,10745,0.955,0.914,0.39,0.41,22066,51068,0.28,0.275,0.131,0.093,0.155,0.205,0.246,0.277,0.132,0.106,0.292,0.298,0.265,0.27,0.247,0.101,0.132
PB_9564_PB_235092,0.261,0.223,0.314,0.201,0.253,7,10745,0.982,0.914,0.464,0.468,21595,51068,0.303,0.287,0.192,0.114,0.122,0.336,0.324,0.303,0.241,0.211,0.314,0.335,0.279,0.305,0.341,0.193,0.213
PB_9564_PB_235423,0.221,0.209,0.322,0.186,0.24,5,10745,0.986,0.914,0.51,0.511,21508,51068,0.217,0.23,0.216,0.123,0.163,0.342,0.284,0.215,0.22,0.21,0.264,0.244,0.212,0.232,0.27,0.153,0.149
PB_9564_PB_236707,0.221,0.208,0.331,0.186,0.243,5,10745,0.986,0.914,0.51,0.51,21501,51068,0.21,0.232,0.222,0.133,0.167,0.348,0.277,0.216,0.214,0.208,0.259,0.238,0.209,0.228,0.266,0.146,0.146
PB_9564_PB_236793,0.329,0.096,0.06,0.067,0.177,3,10745,0.976,0.914,0.368,0.369,21537,51068,0.174,0.228,0.137,0.167,0.148,0.127,0.143,0.213,0.11,0.078,0.266,0.237,0.122,0.25,0.116,0.1,0.252
PB_9564_PB_236908,0.311,0.103,0.071,0.059,0.17,3,10745,0.982,0.914,0.416,0.421,21628,51068,0.173,0.226,0.123,0.148,0.144,0.139,0.127,0.212,0.072,0.085,0.255,0.23,0.109,0.233,0.09,0.066,0.241
PB_9564_PB_240698,0.62,0.463,0.411,0.398,0.481,11,10745,0.989,0.914,0.095,0.095,21507,51068,0.175,0.23,0.163,0.226,0.165,0.2,0.319,0.312,0.123,0.207,0.321,0.345,0.328,0.318,0.389,0.204,0.243
PB_9564_PB_245628,0.63,0.353,0.309,0.308,0.422,10,10745,0.976,0.914,0.105,0.105,21625,51068,0.186,0.227,0.163,0.229,0.215,0.126,0.332,0.213,0.093,0.205,0.328,0.276,0.331,0.345,0.141,0.137,0.21
