ecozone,ecoregion,nets_rep,nets_nonrep,species,density_mean,density_cv,cmi_coef,cmi_tstat,gpp_coef,gpp_tstat,led_coef,led_tstat,lcc_coef,lcc_tstat,r2,rmse,pval,cmi_p,gpp_p,led_p,lcc_p
4,51,49,192,caribou,NA,NA,-0.532,-3.08,-0.085,-0.28,-0.171,-0.59,1.176,4.55,0.540,0.062,0.0000,0.0023,0.7815,0.5588,0.0000
4,52,357,141,caribou,NA,NA,0.010,0.43,0.110,3.63,0.083,2.61,0.391,10.51,0.587,0.033,0.0000,0.6658,0.0003,0.0093,0.0000
4,53,76,500,caribou,NA,NA,-0.265,-8.06,-0.822,-13.25,0.787,14.39,0.493,6.72,0.667,0.040,0.0000,0.0000,0.0000,0.0000,0.0000
4,55,21,145,caribou,NA,NA,-0.032,-0.62,0.701,6.84,0.185,1.71,-0.386,-2.76,0.316,0.091,0.0000,0.5353,0.0000,0.0885,0.0064
4,59,500,152,caribou,NA,NA,0.169,4.80,-0.134,-2.56,0.155,3.61,0.058,1.01,0.170,0.063,0.0000,0.0000,0.0107,0.0003,0.3106
4,60,470,93,caribou,NA,NA,0.089,5.35,0.052,5.43,-0.048,-3.42,0.132,10.05,0.482,0.014,0.0000,0.0000,0.0000,0.0007,0.0000
4,62,41,80,caribou,NA,NA,-0.175,-4.20,0.525,10.54,0.180,1.76,-0.234,-3.48,0.672,0.027,0.0000,0.0001,0.0000,0.0817,0.0007
5,68,233,208,caribou,NA,NA,-0.022,-0.26,-0.339,-1.56,0.478,4.47,0.268,1.78,0.296,0.074,0.0002,0.7947,0.1248,0.0000,0.0812
5,69,500,500,caribou,NA,NA,0.257,4.53,0.701,7.25,0.380,2.81,-1.426,-7.43,0.334,0.120,0.0000,0.0000,0.0000,0.0052,0.0000
5,70,500,129,caribou,NA,NA,-0.334,-1.00,1.495,1.05,-1.165,-0.85,-0.913,-0.91,-0.107,0.113,0.5884,0.3555,0.3358,0.4268,0.3956
5,71,500,167,caribou,NA,NA,-0.331,-5.81,0.186,2.22,-0.285,-2.99,0.485,4.05,0.177,0.082,0.0000,0.0000,0.0273,0.0030,0.0001
5,72,500,210,caribou,NA,NA,0.265,12.59,0.344,8.21,0.355,9.35,-0.056,-0.87,0.909,0.036,0.0000,0.0000,0.0000,0.0000,0.3842
5,74,500,173,caribou,NA,NA,0.101,2.99,-0.211,-3.58,0.097,2.27,-0.110,-1.68,0.020,0.068,0.0015,0.0029,0.0004,0.0235,0.0925
5,77,500,398,caribou,NA,NA,0.151,5.92,0.357,6.66,-0.070,-1.40,-0.005,-0.10,0.389,0.076,0.0000,0.0000,0.0000,0.1615,0.9235
5,78,500,365,caribou,NA,NA,0.159,6.56,-0.005,-0.14,-0.090,-2.35,0.192,6.87,0.218,0.061,0.0000,0.0000,0.8920,0.0190,0.0000
5,80,69,419,caribou,NA,NA,0.079,1.76,0.578,8.88,-0.204,-3.38,-0.482,-5.52,0.203,0.103,0.0000,0.0795,0.0000,0.0008,0.0000
6A,87,121,36,caribou,NA,NA,-0.216,-4.66,0.351,5.42,-0.294,-3.09,0.967,8.91,0.504,0.033,0.0000,0.0000,0.0000,0.0024,0.0000
6A,88,500,29,caribou,NA,NA,-0.219,-5.02,0.434,8.76,0.220,3.67,0.080,1.10,0.251,0.053,0.0000,0.0000,0.0000,0.0003,0.2717
6A,89,500,28,caribou,NA,NA,-0.002,-0.05,-0.007,-0.17,0.407,7.35,0.482,7.15,0.394,0.049,0.0000,0.9640,0.8623,0.0000,0.0000
6A,90,500,101,caribou,NA,NA,0.247,10.55,-0.069,-1.34,0.139,3.52,0.064,1.02,0.525,0.043,0.0000,0.0000,0.1801,0.0005,0.3080
6A,94,251,500,caribou,NA,NA,0.013,0.67,1.005,33.68,-0.124,-7.02,0.125,2.49,0.965,0.037,0.0000,0.5053,0.0000,0.0000,0.0132
6A,95,500,109,caribou,NA,NA,-0.090,-2.21,-0.077,-1.42,0.032,0.57,1.057,13.00,0.523,0.061,0.0000,0.0272,0.1557,0.5712,0.0000
6A,100,500,500,caribou,NA,NA,0.344,11.55,1.437,29.60,-0.439,-15.48,-0.284,-3.64,0.813,0.063,0.0000,0.0000,0.0000,0.0000,0.0003
6A,103,500,78,caribou,NA,NA,-0.031,-0.91,0.237,4.05,0.093,1.48,-0.079,-1.04,0.057,0.066,0.0000,0.3652,0.0001,0.1402,0.3003
6A,104,26,13,caribou,NA,NA,-0.432,-2.41,1.605,6.86,0.891,2.68,0.523,0.84,0.925,0.056,0.0000,0.0215,0.0000,0.0111,0.4067
6A,105,500,305,caribou,NA,NA,0.343,7.50,0.320,6.73,-0.016,-0.23,-0.036,-0.49,0.451,0.093,0.0000,0.0000,0.0000,0.8200,0.6225
9,136,31,49,caribou,NA,NA,0.723,6.47,-0.029,-0.23,-0.026,-0.21,-0.170,-0.57,0.788,0.055,0.0000,0.0000,0.8198,0.8373,0.5724
15,215,265,500,caribou,NA,NA,0.188,5.86,0.020,0.35,-0.102,-2.36,-0.045,-0.61,0.047,0.117,0.0000,0.0000,0.7285,0.0185,0.5390
15,216,500,500,caribou,NA,NA,-0.152,-5.11,0.514,11.39,0.115,2.05,0.367,4.58,0.423,0.103,0.0000,0.0000,0.0000,0.0408,0.0000
15,217,500,234,caribou,NA,NA,0.052,2.00,0.264,6.14,0.047,1.10,-0.112,-1.88,0.154,0.067,0.0000,0.0464,0.0000,0.2731,0.0612
4,51,49,192,allbirds,NA,NA,0.714,3.87,-0.148,-0.45,-2.581,-8.25,1.757,6.36,0.783,0.066,0.0000,0.0001,0.6521,0.0000,0.0000
4,52,357,141,allbirds,NA,NA,0.006,0.11,0.175,2.19,0.077,0.91,0.972,9.86,0.468,0.088,0.0000,0.9140,0.0293,0.3617,0.0000
4,53,76,500,allbirds,NA,NA,1.091,24.75,0.133,1.63,0.010,0.14,-1.455,-15.14,0.790,0.053,0.0000,0.0000,0.1033,0.8887,0.0000
4,55,21,145,allbirds,NA,NA,0.076,1.51,-0.055,-0.55,0.049,0.47,0.389,2.86,0.108,0.088,0.0002,0.1327,0.5838,0.6400,0.0048
4,59,500,152,allbirds,NA,NA,0.659,21.22,0.350,7.44,-0.010,-0.25,-0.100,-1.91,0.740,0.057,0.0000,0.0000,0.0000,0.8000,0.0571
4,60,470,93,allbirds,NA,NA,0.157,2.11,0.752,17.46,0.394,6.28,-0.373,-6.37,0.637,0.064,0.0000,0.0354,0.0000,0.0000,0.0000
4,62,41,80,allbirds,NA,NA,0.190,1.59,0.275,1.93,0.293,1.00,-0.697,-3.62,0.392,0.076,0.0000,0.1142,0.0564,0.3192,0.0004
5,68,233,208,allbirds,NA,NA,0.743,22.82,-0.069,-1.09,-0.180,-5.72,0.398,6.23,0.889,0.066,0.0000,0.0000,0.2776,0.0000,0.0000
5,69,500,500,allbirds,NA,NA,-0.045,-2.15,0.519,13.26,0.437,8.09,0.991,14.03,0.890,0.069,0.0000,0.0321,0.0000,0.0000,0.0000
5,70,500,129,allbirds,NA,NA,0.110,2.49,-0.532,-6.51,0.041,0.50,1.138,16.50,0.484,0.087,0.0000,0.0132,0.0000,0.6139,0.0000
5,71,500,167,allbirds,NA,NA,0.204,5.82,0.950,17.66,0.073,1.12,0.252,3.05,0.781,0.077,0.0000,0.0000,0.0000,0.2645,0.0024
5,72,500,210,allbirds,NA,NA,0.098,3.09,-0.053,-0.88,-0.093,-1.66,0.469,4.92,0.245,0.055,0.0000,0.0021,0.3802,0.0965,0.0000
5,74,500,173,allbirds,NA,NA,0.023,0.53,0.276,3.70,0.047,0.86,0.207,2.45,0.195,0.088,0.0000,0.5938,0.0002,0.3901,0.0144
5,77,500,398,allbirds,NA,NA,-0.163,-6.23,0.138,2.48,0.101,1.94,0.624,12.23,0.455,0.079,0.0000,0.0000,0.0133,0.0526,0.0000
5,78,500,365,allbirds,NA,NA,0.058,1.33,0.483,7.04,0.178,2.49,0.287,5.69,0.471,0.110,0.0000,0.1828,0.0000,0.0130,0.0000
5,80,69,419,allbirds,NA,NA,-0.280,-4.45,0.860,9.46,-0.035,-0.41,-0.159,-1.30,0.230,0.143,0.0000,0.0000,0.0000,0.6809,0.1940
6A,87,121,36,allbirds,NA,NA,0.206,2.50,0.636,5.53,-0.137,-0.81,-0.635,-3.29,0.378,0.058,0.0000,0.0136,0.0000,0.4214,0.0012
6A,88,500,29,allbirds,NA,NA,0.335,4.75,0.279,3.61,0.255,2.67,-0.266,-2.30,0.263,0.084,0.0000,0.0000,0.0003,0.0079,0.0217
6A,89,500,28,allbirds,NA,NA,-0.118,-2.14,0.619,11.88,-0.263,-3.67,0.220,2.55,0.295,0.063,0.0000,0.0330,0.0000,0.0003,0.0109
6A,90,500,101,allbirds,NA,NA,0.218,7.14,0.330,4.85,0.466,9.45,-0.316,-3.62,0.554,0.054,0.0000,0.0000,0.0000,0.0000,0.0003
6A,94,251,500,allbirds,NA,NA,0.446,7.77,-1.000,-11.49,0.885,17.64,1.038,7.18,0.630,0.104,0.0000,0.0000,0.0000,0.0000,0.0000
6A,95,500,109,allbirds,NA,NA,-0.224,-3.67,0.056,0.73,0.216,2.62,0.551,4.51,0.153,0.089,0.0000,0.0003,0.4646,0.0090,0.0000
6A,100,500,500,allbirds,NA,NA,0.315,10.97,0.999,21.47,0.023,0.90,-0.331,-4.58,0.779,0.060,0.0000,0.0000,0.0000,0.3698,0.0000
6A,103,500,78,allbirds,NA,NA,0.259,5.83,0.126,1.65,0.003,0.03,-0.173,-1.78,0.132,0.087,0.0000,0.0000,0.1003,0.9736,0.0752
6A,104,26,13,allbirds,NA,NA,-0.789,-2.84,1.515,4.18,2.438,4.74,-0.445,-0.46,0.857,0.086,0.0000,0.0076,0.0002,0.0000,0.6474
6A,105,500,305,allbirds,NA,NA,-0.052,-0.93,0.620,10.64,0.074,0.85,0.292,3.21,0.520,0.114,0.0000,0.3533,0.0000,0.3961,0.0014
6B,108,26,500,allbirds,NA,NA,0.359,10.39,0.143,2.16,-0.068,-1.03,-0.005,-0.05,0.237,0.111,0.0000,0.0000,0.0312,0.3018,0.9637
9,136,31,49,allbirds,NA,NA,-0.630,-2.72,0.527,2.00,-0.122,-0.48,1.686,2.72,0.535,0.113,0.0000,0.0080,0.0492,0.6341,0.0082
11,165,151,223,allbirds,NA,NA,0.277,4.76,0.059,0.66,-0.189,-2.43,0.575,8.45,0.693,0.048,0.0000,0.0000,0.5087,0.0156,0.0000
11,166,21,160,allbirds,NA,NA,0.157,2.33,-1.262,-7.35,0.070,0.43,1.227,5.30,0.259,0.087,0.0000,0.0211,0.0000,0.6647,0.0000
11,168,500,18,allbirds,NA,NA,-0.077,-1.14,-0.195,-2.19,0.194,2.70,0.056,0.73,0.022,0.060,0.0040,0.2535,0.0289,0.0072,0.4643
11,170,500,433,allbirds,NA,NA,0.089,1.63,0.192,2.12,-0.253,-3.79,0.198,2.96,0.171,0.110,0.0000,0.1038,0.0341,0.0002,0.0031
11,171,130,320,allbirds,NA,NA,-0.258,-3.81,0.407,5.07,0.189,3.12,0.004,0.04,0.317,0.058,0.0000,0.0002,0.0000,0.0019,0.9659
12,172,500,26,allbirds,NA,NA,-0.164,-2.33,0.156,2.25,-0.188,-2.67,0.705,6.77,0.152,0.072,0.0000,0.0203,0.0248,0.0078,0.0000
12,175,500,81,allbirds,NA,NA,-0.244,-5.00,0.717,13.83,0.075,1.32,-0.298,-3.85,0.393,0.060,0.0000,0.0000,0.0000,0.1888,0.0001
12,176,100,153,allbirds,NA,NA,0.318,4.77,-0.600,-3.88,-0.012,-0.13,0.221,0.99,0.078,0.093,0.0001,0.0000,0.0001,0.8953,0.3210
12,177,37,61,allbirds,NA,NA,0.498,3.69,0.021,0.06,-0.566,-3.62,0.744,2.21,0.524,0.113,0.0000,0.0004,0.9487,0.0005,0.0296
12,178,166,352,allbirds,NA,NA,-0.099,-1.48,0.088,0.83,0.217,3.43,0.126,1.17,0.077,0.109,0.0000,0.1391,0.4088,0.0007,0.2429
12,179,500,127,allbirds,NA,NA,0.268,3.99,-0.002,-0.03,-0.052,-0.67,0.166,2.03,0.184,0.076,0.0000,0.0001,0.9764,0.5027,0.0429
12,180,500,420,allbirds,NA,NA,0.336,8.64,-0.154,-2.67,0.196,3.51,-0.105,-1.11,0.180,0.112,0.0000,0.0000,0.0078,0.0005,0.2668
12,181,67,500,allbirds,NA,NA,-0.362,-6.32,0.552,11.88,0.043,0.89,0.106,0.90,0.428,0.067,0.0000,0.0000,0.0000,0.3754,0.3691
12,183,31,23,allbirds,NA,NA,0.415,3.90,-0.101,-1.04,0.071,0.50,-0.285,-1.38,0.370,0.040,0.0000,0.0003,0.3033,0.6164,0.1745
14,199,12,500,allbirds,NA,NA,-0.151,-4.54,1.099,12.55,0.261,2.82,-0.282,-2.78,0.411,0.099,0.0000,0.0000,0.0000,0.0049,0.0056
14,200,330,33,allbirds,NA,NA,0.041,0.52,0.199,1.67,0.182,1.20,-0.075,-0.48,0.054,0.073,0.0001,0.6067,0.0965,0.2300,0.6329
14,207,309,105,allbirds,NA,NA,0.368,4.85,-0.195,-2.05,0.025,0.33,0.586,5.69,0.441,0.073,0.0000,0.0000,0.0408,0.7430,0.0000
15,215,265,500,allbirds,NA,NA,-0.011,-0.27,0.033,0.46,0.183,3.74,0.508,5.84,0.247,0.145,0.0000,0.7870,0.6449,0.0002,0.0000
15,216,500,500,allbirds,NA,NA,0.353,9.73,0.468,9.65,-0.266,-4.14,-0.072,-0.76,0.345,0.119,0.0000,0.0000,0.0000,0.0000,0.4488
15,217,500,234,allbirds,NA,NA,0.102,2.76,0.792,12.99,-0.061,-1.02,-0.147,-1.77,0.398,0.095,0.0000,0.0060,0.0000,0.3098,0.0767
4,51,49,192,forestbirds,NA,NA,0.385,1.98,0.891,2.58,-1.717,-5.21,0.844,2.90,0.824,0.070,0.0000,0.0488,0.0105,0.0000,0.0041
4,52,357,141,forestbirds,NA,NA,-0.053,-0.91,0.139,1.74,-0.087,-1.04,1.333,13.59,0.523,0.087,0.0000,0.3648,0.0820,0.2994,0.0000
4,53,76,500,forestbirds,NA,NA,0.134,2.03,2.042,16.38,-0.561,-5.13,-0.895,-6.08,0.496,0.080,0.0000,0.0428,0.0000,0.0000,0.0000
4,55,21,145,forestbirds,NA,NA,-0.131,-2.11,-0.307,-2.49,0.354,2.73,0.338,2.01,0.073,0.109,0.0027,0.0368,0.0138,0.0070,0.0457
4,59,500,152,forestbirds,NA,NA,0.513,12.24,0.227,3.63,0.182,3.50,-0.035,-0.50,0.584,0.076,0.0000,0.0000,0.0003,0.0005,0.6181
4,60,470,93,forestbirds,NA,NA,0.628,7.21,1.156,22.88,0.059,0.80,-0.593,-8.63,0.714,0.075,0.0000,0.0000,0.0000,0.4255,0.0000
4,62,41,80,forestbirds,NA,NA,0.337,2.53,0.773,4.87,0.086,0.26,-1.133,-5.28,0.655,0.085,0.0000,0.0126,0.0000,0.7925,0.0000
5,68,233,208,forestbirds,NA,NA,0.650,14.96,-0.148,-1.74,-0.108,-2.56,0.450,5.27,0.794,0.088,0.0000,0.0000,0.0820,0.0107,0.0000
5,69,500,500,forestbirds,NA,NA,-0.045,-2.11,0.624,16.32,0.435,8.25,0.747,10.56,0.897,0.067,0.0000,0.0349,0.0000,0.0000,0.0000
5,70,500,129,forestbirds,NA,NA,0.279,5.33,-0.586,-6.08,0.180,1.84,0.844,10.32,0.393,0.102,0.0000,0.0000,0.0000,0.0656,0.0000
5,71,500,167,forestbirds,NA,NA,0.205,5.66,0.905,16.46,0.006,0.09,0.402,4.67,0.767,0.079,0.0000,0.0000,0.0000,0.9308,0.0000
5,72,500,210,forestbirds,NA,NA,0.295,8.70,-0.522,-8.07,-0.111,-1.80,0.903,8.95,0.371,0.059,0.0000,0.0000,0.0000,0.0719,0.0000
5,74,500,173,forestbirds,NA,NA,-0.098,-2.28,0.883,11.73,-0.255,-4.72,0.192,2.32,0.268,0.087,0.0000,0.0232,0.0000,0.0000,0.0205
5,77,500,398,forestbirds,NA,NA,-0.078,-3.16,0.357,6.85,-0.004,-0.09,0.569,12.03,0.603,0.074,0.0000,0.0016,0.0000,0.9286,0.0000
5,78,500,365,forestbirds,NA,NA,0.043,1.03,0.571,8.70,0.210,3.14,0.209,4.31,0.491,0.106,0.0000,0.3026,0.0000,0.0017,0.0000
5,80,69,419,forestbirds,NA,NA,-0.256,-4.05,0.953,10.44,-0.037,-0.44,-0.301,-2.46,0.254,0.144,0.0000,0.0001,0.0000,0.6620,0.0142
6A,87,121,36,forestbirds,NA,NA,0.314,3.39,0.878,6.78,-0.083,-0.44,-1.026,-4.73,0.533,0.065,0.0000,0.0009,0.0000,0.6620,0.0000
6A,88,500,29,forestbirds,NA,NA,0.280,4.28,0.351,4.68,0.268,3.00,-0.315,-2.82,0.294,0.079,0.0000,0.0000,0.0000,0.0029,0.0050
6A,89,500,28,forestbirds,NA,NA,-0.229,-4.32,0.678,12.97,-0.230,-3.40,0.336,3.91,0.350,0.062,0.0000,0.0000,0.0000,0.0007,0.0001
6A,90,500,101,forestbirds,NA,NA,0.372,11.22,0.269,3.93,0.459,9.04,-0.257,-2.76,0.677,0.056,0.0000,0.0000,0.0001,0.0000,0.0060
6A,94,251,500,forestbirds,NA,NA,0.494,8.80,-0.891,-10.79,0.884,18.65,0.754,5.37,0.632,0.102,0.0000,0.0000,0.0000,0.0000,0.0000
6A,95,500,109,forestbirds,NA,NA,-0.166,-2.72,0.084,1.06,0.142,1.67,0.625,5.14,0.204,0.091,0.0000,0.0067,0.2911,0.0949,0.0000
6A,100,500,500,forestbirds,NA,NA,0.270,8.54,0.935,17.94,0.391,13.12,-0.654,-7.91,0.754,0.067,0.0000,0.0000,0.0000,0.0000,0.0000
6A,103,500,78,forestbirds,NA,NA,0.296,6.44,0.132,1.69,0.021,0.24,-0.198,-1.96,0.160,0.090,0.0000,0.0000,0.0913,0.8069,0.0503
6A,104,26,13,forestbirds,NA,NA,-0.560,-2.39,1.224,4.00,2.670,6.15,-1.260,-1.55,0.858,0.073,0.0000,0.0225,0.0003,0.0000,0.1305
6A,105,500,305,forestbirds,NA,NA,-0.131,-2.21,0.600,9.80,0.185,1.99,0.345,3.70,0.491,0.120,0.0000,0.0272,0.0000,0.0465,0.0002
6B,108,26,500,forestbirds,NA,NA,0.348,10.30,0.099,1.52,-0.144,-2.22,0.170,1.51,0.231,0.111,0.0000,0.0000,0.1296,0.0272,0.1318
9,136,31,49,forestbirds,NA,NA,-0.572,-2.33,0.374,1.34,0.127,0.47,1.365,2.08,0.439,0.120,0.0000,0.0222,0.1839,0.6423,0.0414
11,165,151,223,forestbirds,NA,NA,0.136,2.95,0.052,0.73,-0.238,-3.85,0.571,10.58,0.649,0.038,0.0000,0.0034,0.4682,0.0001,0.0000
11,166,21,160,forestbirds,NA,NA,0.633,18.33,-0.364,-4.13,-0.636,-7.73,0.355,3.00,0.705,0.045,0.0000,0.0000,0.0001,0.0000,0.0031
11,168,500,18,forestbirds,NA,NA,-0.105,-1.32,-0.380,-3.54,0.304,3.36,0.293,3.15,0.055,0.071,0.0000,0.1874,0.0004,0.0008,0.0017
11,170,500,433,forestbirds,NA,NA,-0.112,-2.11,0.459,5.27,-0.223,-3.47,0.526,8.18,0.494,0.105,0.0000,0.0351,0.0000,0.0006,0.0000
11,171,130,320,forestbirds,NA,NA,-0.053,-0.57,0.584,5.29,0.147,1.76,0.189,1.58,0.632,0.080,0.0000,0.5661,0.0000,0.0789,0.1151
12,172,500,26,forestbirds,NA,NA,-0.218,-3.61,0.108,1.66,-0.138,-2.24,0.646,7.07,0.154,0.062,0.0000,0.0003,0.0978,0.0254,0.0000
12,175,500,81,forestbirds,NA,NA,0.068,1.27,0.154,2.78,-0.228,-3.54,0.439,5.28,0.264,0.066,0.0000,0.2037,0.0056,0.0004,0.0000
12,176,100,153,forestbirds,NA,NA,-0.227,-3.46,0.344,2.26,-0.063,-0.68,0.091,0.42,0.036,0.091,0.0111,0.0006,0.0246,0.4945,0.6766
12,177,37,61,forestbirds,NA,NA,0.488,4.01,0.088,0.31,-0.530,-3.77,0.503,1.66,0.521,0.101,0.0000,0.0001,0.7600,0.0003,0.1003
12,178,166,352,forestbirds,NA,NA,0.073,1.06,-0.426,-3.90,0.158,2.44,0.378,3.42,0.057,0.112,0.0000,0.2911,0.0001,0.0152,0.0007
12,179,500,127,forestbirds,NA,NA,0.329,5.05,-0.270,-3.83,-0.179,-2.27,0.248,3.11,0.145,0.076,0.0000,0.0000,0.0001,0.0238,0.0020
12,180,500,420,forestbirds,NA,NA,0.424,11.28,-0.222,-3.96,0.194,3.61,-0.088,-0.96,0.250,0.108,0.0000,0.0000,0.0001,0.0003,0.3357
12,181,67,500,forestbirds,NA,NA,-1.024,-14.10,1.007,16.09,0.484,7.99,0.738,4.94,0.703,0.086,0.0000,0.0000,0.0000,0.0000,0.0000
12,183,31,23,forestbirds,NA,NA,0.271,1.77,-0.098,-0.70,0.169,0.84,-0.416,-1.40,-0.003,0.057,0.4350,0.0828,0.4876,0.4058,0.1682
14,199,12,500,forestbirds,NA,NA,-0.249,-8.61,0.518,6.86,0.179,2.36,-0.295,-3.22,0.142,0.091,0.0000,0.0000,0.0000,0.0187,0.0014
14,200,330,33,forestbirds,NA,NA,0.599,8.40,0.319,2.93,-0.114,-0.89,-0.381,-2.62,0.288,0.065,0.0000,0.0000,0.0036,0.3757,0.0092
14,207,309,105,forestbirds,NA,NA,0.148,1.93,-0.187,-1.95,0.036,0.47,0.760,7.29,0.384,0.074,0.0000,0.0539,0.0521,0.6390,0.0000
15,215,265,500,forestbirds,NA,NA,-0.072,-1.86,0.105,1.44,0.034,0.68,0.683,8.09,0.236,0.143,0.0000,0.0637,0.1492,0.4950,0.0000
15,216,500,500,forestbirds,NA,NA,0.194,5.61,0.503,10.52,-0.324,-5.19,0.175,1.89,0.352,0.116,0.0000,0.0000,0.0000,0.0000,0.0589
15,217,500,234,forestbirds,NA,NA,0.202,6.04,0.811,14.48,-0.165,-3.06,0.020,0.26,0.555,0.086,0.0000,0.0000,0.0000,0.0023,0.7981
4,51,49,192,allwaterfowl,NA,NA,0.078,0.42,-0.949,-2.85,-0.431,-1.36,1.282,4.57,0.306,0.067,0.0000,0.6785,0.0047,0.1755,0.0000
4,52,357,141,allwaterfowl,NA,NA,0.092,1.49,-0.132,-1.57,0.374,4.22,-0.048,-0.46,0.066,0.093,0.0000,0.1364,0.1177,0.0000,0.6447
4,53,76,500,allwaterfowl,NA,NA,-0.205,-9.75,0.077,1.98,1.638,46.71,-0.384,-8.30,0.964,0.025,0.0000,0.0000,0.0483,0.0000,0.0000
4,55,21,145,allwaterfowl,NA,NA,0.119,2.04,0.956,8.23,0.208,1.71,-0.827,-5.22,0.400,0.103,0.0000,0.0434,0.0000,0.0901,0.0000
4,59,500,152,allwaterfowl,NA,NA,0.002,0.03,-0.115,-1.59,0.141,2.39,0.119,1.49,0.030,0.088,0.0001,0.9730,0.1129,0.0173,0.1374
4,60,470,93,allwaterfowl,NA,NA,0.063,0.92,0.654,16.61,0.236,4.12,-0.034,-0.64,0.619,0.058,0.0000,0.3568,0.0000,0.0000,0.5215
4,62,41,80,allwaterfowl,NA,NA,-0.072,-1.85,0.336,7.19,0.025,0.26,-0.029,-0.46,0.629,0.025,0.0000,0.0667,0.0000,0.7962,0.6433
5,68,233,208,allwaterfowl,NA,NA,-0.155,-2.69,-0.184,-1.64,0.213,3.83,0.256,2.26,0.050,0.116,0.0000,0.0075,0.1027,0.0001,0.0244
5,69,500,500,allwaterfowl,NA,NA,0.773,44.82,0.108,3.31,-0.460,-10.32,-0.037,-0.60,0.730,0.058,0.0000,0.0000,0.0010,0.0000,0.5478
5,70,500,129,allwaterfowl,NA,NA,0.057,1.34,-0.255,-3.12,0.149,1.89,0.561,8.56,0.256,0.082,0.0000,0.1798,0.0019,0.0591,0.0000
5,71,500,167,allwaterfowl,NA,NA,0.004,0.11,0.260,4.68,0.128,1.90,-0.156,-1.83,0.110,0.080,0.0000,0.9124,0.0000,0.0574,0.0684
5,72,500,210,allwaterfowl,NA,NA,-0.124,-4.84,0.268,5.44,0.521,11.12,0.161,2.13,0.782,0.044,0.0000,0.0000,0.0000,0.0000,0.0338
5,74,500,173,allwaterfowl,NA,NA,0.169,3.40,0.086,0.98,0.088,1.41,-0.078,-0.82,0.101,0.098,0.0000,0.0007,0.3272,0.1592,0.4142
5,77,500,398,allwaterfowl,NA,NA,0.278,9.15,0.468,7.29,0.466,7.83,-0.328,-5.65,0.610,0.090,0.0000,0.0000,0.0000,0.0000,0.0000
5,78,500,365,allwaterfowl,NA,NA,0.629,17.12,-0.485,-8.49,0.262,4.59,0.176,4.22,0.445,0.093,0.0000,0.0000,0.0000,0.0000,0.0000
5,80,69,419,allwaterfowl,NA,NA,-0.040,-0.83,0.801,11.37,0.086,1.31,-0.785,-8.31,0.289,0.111,0.0000,0.4070,0.0000,0.1906,0.0000
6A,87,121,36,allwaterfowl,NA,NA,0.174,2.80,0.106,1.22,0.058,0.45,0.036,0.25,0.508,0.044,0.0000,0.0058,0.2231,0.6516,0.8049
6A,88,500,29,allwaterfowl,NA,NA,-0.113,-2.05,0.015,0.25,0.222,3.08,0.373,4.18,0.088,0.064,0.0000,0.0412,0.8021,0.0022,0.0000
6A,89,500,28,allwaterfowl,NA,NA,-0.020,-0.41,0.021,0.43,0.602,9.91,-0.150,-1.92,0.217,0.058,0.0000,0.6836,0.6674,0.0000,0.0548
6A,90,500,101,allwaterfowl,NA,NA,-0.039,-2.02,-0.016,-0.37,0.829,26.55,0.092,1.65,0.782,0.034,0.0000,0.0439,0.7140,0.0000,0.0989
6A,94,251,500,allwaterfowl,NA,NA,-0.090,-2.98,-0.387,-8.57,0.012,0.46,0.776,10.09,0.179,0.054,0.0000,0.0030,0.0000,0.6456,0.0000
6A,95,500,109,allwaterfowl,NA,NA,-0.027,-0.65,0.552,10.36,0.714,12.87,-0.537,-6.58,0.587,0.061,0.0000,0.5154,0.0000,0.0000,0.0000
6A,100,500,500,allwaterfowl,NA,NA,0.328,8.63,-0.416,-6.74,0.741,20.79,-0.088,-0.88,0.535,0.080,0.0000,0.0000,0.0000,0.0000,0.3800
6A,103,500,78,allwaterfowl,NA,NA,-0.247,-5.44,0.320,4.11,0.546,6.29,0.308,3.06,0.258,0.090,0.0000,0.0000,0.0000,0.0000,0.0024
6A,104,26,13,allwaterfowl,NA,NA,-0.513,-2.05,1.562,4.78,0.955,2.06,1.298,1.49,0.904,0.078,0.0000,0.0484,0.0000,0.0470,0.1446
6A,105,500,305,allwaterfowl,NA,NA,-0.006,-0.12,0.406,7.86,0.528,6.82,-0.332,-4.17,0.346,0.100,0.0000,0.9073,0.0000,0.0000,0.0000
6B,108,26,500,allwaterfowl,NA,NA,0.022,0.45,0.491,5.00,-0.085,-0.89,0.527,3.09,0.097,0.163,0.0000,0.6562,0.0000,0.3758,0.0021
9,136,31,49,allwaterfowl,NA,NA,-0.175,-1.64,0.750,6.16,0.128,1.08,-0.161,-0.56,0.681,0.052,0.0000,0.1048,0.0000,0.2830,0.5757
11,165,151,223,allwaterfowl,NA,NA,-0.295,-4.40,-0.257,-2.50,1.144,12.77,-0.320,-4.08,0.765,0.055,0.0000,0.0000,0.0129,0.0000,0.0001
11,166,21,160,allwaterfowl,NA,NA,-0.112,-2.96,-0.004,-0.04,1.326,14.71,-0.144,-1.11,0.628,0.049,0.0000,0.0035,0.9689,0.0000,0.2688
11,168,500,18,allwaterfowl,NA,NA,0.221,3.26,-0.352,-3.89,-0.198,-2.63,0.241,3.18,0.033,0.058,0.0003,0.0012,0.0001,0.0088,0.0016
11,170,500,433,allwaterfowl,NA,NA,0.257,4.09,0.057,0.55,-0.278,-3.63,0.331,4.30,0.271,0.125,0.0000,0.0000,0.5843,0.0003,0.0000
11,171,130,320,allwaterfowl,NA,NA,0.048,0.47,-0.221,-1.86,0.285,3.18,0.519,4.03,0.419,0.086,0.0000,0.6351,0.0637,0.0016,0.0001
12,172,500,26,allwaterfowl,NA,NA,0.174,2.48,0.171,2.32,0.094,1.43,0.368,3.57,0.236,0.072,0.0000,0.0136,0.0209,0.1533,0.0004
12,175,500,81,allwaterfowl,NA,NA,0.084,1.81,0.125,2.50,0.682,11.70,-0.256,-3.40,0.391,0.058,0.0000,0.0705,0.0126,0.0000,0.0007
12,176,100,153,allwaterfowl,NA,NA,0.350,8.23,0.634,6.42,-0.258,-4.34,0.267,1.89,0.826,0.059,0.0000,0.0000,0.0000,0.0000,0.0605
12,177,37,61,allwaterfowl,NA,NA,0.548,5.05,-0.787,-3.06,-0.059,-0.47,1.016,3.75,0.442,0.091,0.0000,0.0000,0.0029,0.6371,0.0003
12,178,166,352,allwaterfowl,NA,NA,0.708,9.06,0.154,1.24,0.283,3.84,-0.936,-7.46,0.341,0.127,0.0000,0.0000,0.2155,0.0001,0.0000
12,179,500,127,allwaterfowl,NA,NA,0.122,1.91,0.139,2.03,0.273,3.53,0.632,7.89,0.569,0.078,0.0000,0.0572,0.0427,0.0004,0.0000
12,180,500,420,allwaterfowl,NA,NA,0.120,2.64,-0.180,-2.66,0.251,3.85,0.430,3.94,0.160,0.130,0.0000,0.0085,0.0080,0.0001,0.0001
12,181,67,500,allwaterfowl,NA,NA,0.111,2.42,0.007,0.17,0.744,20.48,0.060,0.61,0.663,0.053,0.0000,0.0160,0.8652,0.0000,0.5450
12,183,31,23,allwaterfowl,NA,NA,-0.104,-0.86,-0.232,-2.10,-0.179,-1.13,0.542,2.32,0.077,0.045,0.0935,0.3914,0.0406,0.2640,0.0248
14,199,12,500,allwaterfowl,NA,NA,0.440,10.82,-0.344,-3.24,0.322,3.21,-0.154,-1.19,0.221,0.125,0.0000,0.0000,0.0013,0.0014,0.2342
14,200,330,33,allwaterfowl,NA,NA,0.240,6.68,-0.193,-3.48,0.066,0.99,0.318,4.48,0.368,0.033,0.0000,0.0000,0.0006,0.3207,0.0000
14,207,309,105,allwaterfowl,NA,NA,0.224,2.22,-0.341,-2.70,0.313,3.06,0.352,2.57,0.129,0.097,0.0000,0.0269,0.0073,0.0024,0.0106
15,215,265,500,allwaterfowl,NA,NA,-0.035,-0.81,0.227,2.96,0.066,1.24,-0.231,-2.54,0.014,0.156,0.0056,0.4154,0.0032,0.2147,0.0111
15,216,500,500,allwaterfowl,NA,NA,0.148,4.77,0.083,1.93,-0.029,-0.48,0.340,4.01,0.207,0.107,0.0000,0.0000,0.0541,0.6317,0.0001
15,217,500,234,allwaterfowl,NA,NA,-0.022,-0.74,0.596,12.16,0.238,4.99,-0.295,-4.44,0.356,0.076,0.0000,0.4595,0.0000,0.0000,0.0000
4,51,49,192,cavitynesters,NA,NA,0.607,7.43,-1.097,-7.56,-0.319,-2.30,0.843,6.89,0.649,0.029,0.0000,0.0000,0.0000,0.0220,0.0000
4,52,357,141,cavitynesters,NA,NA,0.043,1.09,-0.227,-4.15,0.346,6.03,1.031,15.30,0.637,0.060,0.0000,0.2781,0.0000,0.0000,0.0000
4,53,76,500,cavitynesters,NA,NA,-0.063,-2.47,0.134,2.80,0.526,12.20,-0.263,-4.63,0.589,0.031,0.0000,0.0137,0.0053,0.0000,0.0000
4,55,21,145,cavitynesters,NA,NA,0.156,2.99,-0.103,-1.00,-0.103,-0.94,0.621,4.40,0.240,0.092,0.0000,0.0032,0.3196,0.3463,0.0000
4,59,500,152,cavitynesters,NA,NA,0.170,4.72,-0.313,-5.72,0.108,2.41,0.108,1.81,0.091,0.066,0.0000,0.0000,0.0000,0.0164,0.0704
4,60,470,93,cavitynesters,NA,NA,0.451,6.47,-0.075,-1.86,0.238,4.04,0.427,7.76,0.502,0.060,0.0000,0.0000,0.0637,0.0001,0.0000
4,62,41,80,cavitynesters,NA,NA,-0.305,-3.68,0.241,2.44,0.494,2.43,0.220,1.65,0.310,0.053,0.0000,0.0003,0.0162,0.0168,0.1023
5,68,233,208,cavitynesters,NA,NA,0.156,3.04,-0.798,-7.97,0.509,10.26,0.739,7.32,0.599,0.104,0.0000,0.0025,0.0000,0.0000,0.0000
5,69,500,500,cavitynesters,NA,NA,0.187,10.36,0.335,9.82,0.004,0.08,1.086,17.09,0.864,0.060,0.0000,0.0000,0.0000,0.9394,0.0000
5,70,500,129,cavitynesters,NA,NA,-0.131,-3.20,-0.181,-2.39,0.660,8.94,0.143,2.26,0.162,0.080,0.0000,0.0015,0.0170,0.0000,0.0241
5,71,500,167,cavitynesters,NA,NA,0.239,5.73,-0.273,-4.23,0.131,1.68,0.095,0.97,0.083,0.090,0.0000,0.0000,0.0000,0.0925,0.3341
5,72,500,210,cavitynesters,NA,NA,0.086,3.31,0.280,5.84,-0.178,-3.90,0.687,8.96,0.727,0.045,0.0000,0.0010,0.0000,0.0001,0.0000
5,74,500,173,cavitynesters,NA,NA,0.180,3.89,0.007,0.08,0.039,0.65,0.586,6.55,0.411,0.093,0.0000,0.0001,0.9337,0.5147,0.0000
5,77,500,398,cavitynesters,NA,NA,0.163,5.60,0.149,2.43,0.382,6.68,-0.044,-0.80,0.414,0.086,0.0000,0.0000,0.0154,0.0000,0.4225
5,78,500,365,cavitynesters,NA,NA,0.119,3.58,-0.573,-11.01,0.286,5.38,1.150,30.10,0.749,0.083,0.0000,0.0004,0.0000,0.0000,0.0000
5,80,69,419,cavitynesters,NA,NA,0.345,6.87,0.302,4.15,0.467,6.91,-0.564,-5.78,0.346,0.115,0.0000,0.0000,0.0000,0.0000,0.0000
6A,87,121,36,cavitynesters,NA,NA,0.154,2.65,-0.005,-0.06,0.065,0.54,0.365,2.68,0.614,0.041,0.0000,0.0088,0.9545,0.5897,0.0082
6A,88,500,29,cavitynesters,NA,NA,-0.078,-1.51,-0.021,-0.37,0.426,5.49,0.028,0.29,0.072,0.063,0.0000,0.1329,0.7129,0.0000,0.7696
6A,89,500,28,cavitynesters,NA,NA,0.091,2.67,0.099,3.00,0.869,19.77,0.240,4.45,0.734,0.040,0.0000,0.0078,0.0028,0.0000,0.0000
6A,90,500,101,cavitynesters,NA,NA,-0.029,-1.56,0.108,2.70,0.977,33.00,0.210,3.91,0.883,0.033,0.0000,0.1192,0.0071,0.0000,0.0001
6A,94,251,500,cavitynesters,NA,NA,-0.120,-3.94,-0.173,-3.87,-0.248,-9.04,0.720,9.36,0.232,0.057,0.0000,0.0001,0.0001,0.0000,0.0000
6A,95,500,109,cavitynesters,NA,NA,-0.002,-0.04,-0.265,-5.06,0.338,6.05,0.701,8.41,0.439,0.059,0.0000,0.9664,0.0000,0.0000,0.0000
6A,100,500,500,cavitynesters,NA,NA,0.503,12.30,-0.274,-4.08,0.588,15.16,0.093,0.89,0.584,0.088,0.0000,0.0000,0.0000,0.0000,0.3743
6A,103,500,78,cavitynesters,NA,NA,0.038,0.91,0.269,3.80,0.348,4.53,0.021,0.23,0.244,0.082,0.0000,0.3617,0.0002,0.0000,0.8162
6A,104,26,13,cavitynesters,NA,NA,-0.134,-1.23,-0.023,-0.16,0.877,4.35,0.117,0.31,0.794,0.034,0.0000,0.2283,0.8723,0.0001,0.7596
6A,105,500,305,cavitynesters,NA,NA,0.255,5.29,-0.294,-5.87,0.124,1.65,0.348,4.41,0.106,0.098,0.0000,0.0000,0.0000,0.0996,0.0000
6B,108,26,500,cavitynesters,NA,NA,0.091,1.94,0.438,4.80,0.087,0.96,0.546,3.50,0.143,0.152,0.0000,0.0529,0.0000,0.3355,0.0005
9,136,31,49,cavitynesters,NA,NA,0.232,2.60,0.175,1.72,0.024,0.25,-0.128,-0.54,0.577,0.044,0.0000,0.0112,0.0890,0.8060,0.5932
11,165,151,223,cavitynesters,NA,NA,-0.406,-5.55,-0.301,-2.67,0.650,6.64,0.898,10.51,0.866,0.060,0.0000,0.0000,0.0078,0.0000,0.0000
11,166,21,160,cavitynesters,NA,NA,-0.450,-8.58,-0.381,-2.85,1.326,10.62,0.355,1.97,0.409,0.068,0.0000,0.0000,0.0049,0.0000,0.0503
11,168,500,18,cavitynesters,NA,NA,0.661,5.57,-0.134,-0.86,-1.210,-8.96,0.592,4.29,0.152,0.105,0.0000,0.0000,0.3906,0.0000,0.0000
11,170,500,433,cavitynesters,NA,NA,-0.241,-4.54,0.015,0.17,-0.146,-2.27,0.606,9.26,0.192,0.106,0.0000,0.0000,0.8677,0.0237,0.0000
11,171,130,320,cavitynesters,NA,NA,0.250,3.22,-1.263,-13.74,0.209,3.01,1.719,17.26,0.763,0.066,0.0000,0.0014,0.0000,0.0027,0.0000
12,172,500,26,cavitynesters,NA,NA,-0.092,-1.31,0.219,3.24,0.513,7.71,-0.107,-1.16,0.241,0.067,0.0000,0.1925,0.0013,0.0000,0.2451
12,175,500,81,cavitynesters,NA,NA,-0.021,-0.41,-0.004,-0.08,0.633,10.23,0.049,0.62,0.340,0.062,0.0000,0.6819,0.9384,0.0000,0.5385
12,176,100,153,cavitynesters,NA,NA,-0.468,-8.07,0.560,4.16,0.388,4.80,0.647,3.36,0.649,0.081,0.0000,0.0000,0.0000,0.0000,0.0009
12,177,37,61,cavitynesters,NA,NA,0.234,2.04,-0.407,-1.49,1.045,7.85,0.116,0.41,0.606,0.096,0.0000,0.0444,0.1388,0.0000,0.6864
12,178,166,352,cavitynesters,NA,NA,-0.257,-4.34,0.592,6.29,0.350,6.26,-0.052,-0.54,0.315,0.096,0.0000,0.0000,0.0000,0.0000,0.5874
12,179,500,127,cavitynesters,NA,NA,0.067,1.22,0.299,4.90,0.248,3.68,0.536,7.96,0.640,0.067,0.0000,0.2215,0.0000,0.0002,0.0000
12,180,500,420,cavitynesters,NA,NA,0.221,5.23,-0.272,-4.33,0.314,5.19,0.395,3.92,0.236,0.122,0.0000,0.0000,0.0000,0.0000,0.0001
12,181,67,500,cavitynesters,NA,NA,0.246,6.34,0.240,7.69,0.710,23.28,-0.528,-6.82,0.745,0.044,0.0000,0.0000,0.0000,0.0000,0.0000
12,183,31,23,cavitynesters,NA,NA,0.673,4.31,0.208,1.45,-0.333,-1.62,-0.498,-1.64,0.557,0.059,0.0000,0.0001,0.1522,0.1124,0.1077
14,199,12,500,cavitynesters,NA,NA,0.047,1.51,-0.146,-1.71,-0.028,-0.28,-0.080,-0.89,0.024,0.095,0.0026,0.1326,0.0883,0.7821,0.3765
14,200,330,33,cavitynesters,NA,NA,-0.122,-2.29,0.286,3.59,0.020,0.20,-0.577,-5.59,0.191,0.047,0.0000,0.0225,0.0004,0.8422,0.0000
14,207,309,105,cavitynesters,NA,NA,0.220,2.35,-0.373,-3.18,0.027,0.28,0.416,3.27,0.057,0.090,0.0000,0.0191,0.0016,0.7785,0.0012
15,215,265,500,cavitynesters,NA,NA,-0.009,-0.24,0.307,5.09,-0.002,-0.04,-0.078,-1.10,0.048,0.128,0.0000,0.8106,0.0000,0.9682,0.2726
15,216,500,500,cavitynesters,NA,NA,-0.062,-2.39,0.099,2.80,0.754,15.54,-0.043,-0.64,0.418,0.087,0.0000,0.0172,0.0052,0.0000,0.5203
15,217,500,234,cavitynesters,NA,NA,0.115,3.44,0.127,2.31,0.333,6.23,0.041,0.54,0.367,0.085,0.0000,0.0006,0.0210,0.0000,0.5871
4,51,49,192,groundnesters,NA,NA,-0.293,-1.67,-0.305,-0.98,-0.427,-1.43,1.150,4.37,0.394,0.063,0.0000,0.0963,0.3285,0.1528,0.0000
4,52,357,141,groundnesters,NA,NA,0.148,2.49,-0.208,-2.56,0.490,5.76,-0.124,-1.24,0.112,0.089,0.0000,0.0129,0.0108,0.0000,0.2163
4,53,76,500,groundnesters,NA,NA,-0.359,-12.50,-0.128,-2.46,1.842,38.83,-0.224,-3.65,0.940,0.034,0.0000,0.0000,0.0142,0.0000,0.0003
4,55,21,145,groundnesters,NA,NA,0.080,1.39,1.093,9.56,0.146,1.21,-0.844,-5.41,0.447,0.101,0.0000,0.1657,0.0000,0.2278,0.0000
4,59,500,152,groundnesters,NA,NA,0.021,0.41,-0.141,-1.81,0.222,3.51,0.169,2.01,0.082,0.094,0.0000,0.6807,0.0706,0.0005,0.0447
4,60,470,93,groundnesters,NA,NA,0.239,3.08,0.475,10.56,0.254,3.89,0.115,1.88,0.554,0.067,0.0000,0.0022,0.0000,0.0001,0.0603
4,62,41,80,groundnesters,NA,NA,0.207,4.31,-0.084,-1.46,-0.143,-1.21,0.181,2.34,0.559,0.031,0.0000,0.0000,0.1477,0.2286,0.0212
5,68,233,208,groundnesters,NA,NA,-0.000,-0.01,-0.345,-2.81,0.309,5.10,0.000,0.00,0.052,0.127,0.0000,0.9942,0.0051,0.0000,0.9991
5,69,500,500,groundnesters,NA,NA,0.434,26.76,0.141,4.66,-0.136,-3.21,-0.375,-6.73,0.521,0.053,0.0000,0.0000,0.0000,0.0014,0.0000
5,70,500,129,groundnesters,NA,NA,-0.041,-0.84,-0.332,-3.72,0.148,1.72,0.720,9.64,0.204,0.095,0.0000,0.4016,0.0002,0.0857,0.0000
5,71,500,167,groundnesters,NA,NA,-0.078,-1.69,0.362,5.03,0.054,0.63,0.038,0.35,0.108,0.101,0.0000,0.0909,0.0000,0.5285,0.7251
5,72,500,210,groundnesters,NA,NA,-0.040,-1.53,1.144,22.41,0.387,8.05,0.700,8.96,0.959,0.045,0.0000,0.1274,0.0000,0.0000,0.0000
5,74,500,173,groundnesters,NA,NA,0.455,9.37,1.040,12.61,-0.320,-5.29,-0.452,-4.90,0.486,0.097,0.0000,0.0000,0.0000,0.0000,0.0000
5,77,500,398,groundnesters,NA,NA,0.298,8.78,0.416,5.82,0.320,4.71,-0.225,-3.41,0.517,0.101,0.0000,0.0000,0.0000,0.0000,0.0007
5,78,500,365,groundnesters,NA,NA,0.548,14.34,-0.137,-2.29,0.097,1.57,-0.075,-1.69,0.312,0.096,0.0000,0.0000,0.0224,0.1173,0.0913
5,80,69,419,groundnesters,NA,NA,-0.177,-3.32,0.805,10.44,-0.108,-1.51,-0.675,-6.53,0.190,0.122,0.0000,0.0010,0.0000,0.1319,0.0000
6A,87,121,36,groundnesters,NA,NA,0.072,0.92,0.679,6.27,-0.410,-2.57,-0.070,-0.39,0.268,0.054,0.0000,0.3577,0.0000,0.0111,0.7005
6A,88,500,29,groundnesters,NA,NA,0.025,0.41,-0.119,-1.78,-0.283,-3.37,0.743,7.24,0.094,0.073,0.0000,0.6794,0.0749,0.0008,0.0000
6A,89,500,28,groundnesters,NA,NA,-0.186,-3.24,0.399,7.64,0.083,1.13,-0.235,-2.59,0.102,0.065,0.0000,0.0013,0.0000,0.2582,0.0099
6A,90,500,101,groundnesters,NA,NA,0.368,12.48,-0.013,-0.20,0.131,2.81,-0.124,-1.53,0.522,0.052,0.0000,0.0000,0.8415,0.0050,0.1272
6A,94,251,500,groundnesters,NA,NA,-0.237,-6.43,-0.287,-5.24,0.016,0.45,0.521,5.56,0.089,0.068,0.0000,0.0000,0.0000,0.6550,0.0000
6A,95,500,109,groundnesters,NA,NA,0.124,3.17,1.005,19.25,0.303,5.52,-0.152,-1.96,0.821,0.059,0.0000,0.0016,0.0000,0.0000,0.0504
6A,100,500,500,groundnesters,NA,NA,-0.139,-3.76,0.328,5.40,0.627,17.27,-0.769,-7.77,0.294,0.081,0.0000,0.0002,0.0000,0.0000,0.0000
6A,103,500,78,groundnesters,NA,NA,-0.082,-2.16,0.429,6.61,-0.103,-1.53,0.062,0.76,0.116,0.075,0.0000,0.0316,0.0000,0.1258,0.4484
6A,104,26,13,groundnesters,NA,NA,-0.614,-2.58,1.666,5.36,0.850,1.93,1.803,2.18,0.926,0.074,0.0000,0.0145,0.0000,0.0623,0.0362
6A,105,500,305,groundnesters,NA,NA,0.075,1.50,0.544,10.46,0.443,5.70,-0.415,-5.20,0.445,0.101,0.0000,0.1337,0.0000,0.0000,0.0000
6B,108,26,500,groundnesters,NA,NA,-0.177,-3.96,0.569,6.43,-0.209,-2.37,0.531,3.60,0.113,0.146,0.0000,0.0001,0.0000,0.0181,0.0004
9,136,31,49,groundnesters,NA,NA,-0.160,-1.40,0.600,4.59,-0.155,-1.22,0.287,0.93,0.587,0.056,0.0000,0.1659,0.0000,0.2250,0.3531
11,165,151,223,groundnesters,NA,NA,-0.214,-2.52,-0.129,-0.98,1.193,10.47,-0.795,-7.99,0.553,0.070,0.0000,0.0123,0.3265,0.0000,0.0000
11,166,21,160,groundnesters,NA,NA,0.034,0.80,-0.058,-0.54,1.191,11.83,-0.145,-1.00,0.580,0.055,0.0000,0.4260,0.5923,0.0000,0.3207
11,168,500,18,groundnesters,NA,NA,0.175,2.00,0.205,1.71,-0.531,-5.37,0.179,1.68,0.063,0.078,0.0000,0.0459,0.0879,0.0000,0.0932
11,170,500,433,groundnesters,NA,NA,0.311,4.88,0.207,1.95,-0.485,-6.18,0.192,2.44,0.244,0.128,0.0000,0.0000,0.0517,0.0000,0.0147
11,171,130,320,groundnesters,NA,NA,0.070,0.49,0.527,3.10,0.207,1.61,-0.457,-2.49,0.109,0.122,0.0000,0.6247,0.0020,0.1072,0.0132
12,172,500,26,groundnesters,NA,NA,0.404,4.84,0.258,2.83,0.679,7.73,0.117,0.92,0.461,0.091,0.0000,0.0000,0.0049,0.0000,0.3595
12,175,500,81,groundnesters,NA,NA,0.357,6.74,0.030,0.54,0.445,6.79,-0.238,-2.83,0.275,0.066,0.0000,0.0000,0.5882,0.0000,0.0048
12,176,100,153,groundnesters,NA,NA,0.686,11.39,0.281,2.01,-0.551,-6.55,0.166,0.83,0.681,0.084,0.0000,0.0000,0.0450,0.0000,0.4087
12,177,37,61,groundnesters,NA,NA,0.627,4.37,-0.779,-2.29,-0.333,-2.00,0.919,2.57,0.235,0.120,0.0000,0.0000,0.0244,0.0483,0.0118
12,178,166,352,groundnesters,NA,NA,0.403,4.82,0.122,0.92,0.136,1.72,-0.706,-5.26,0.110,0.135,0.0000,0.0000,0.3592,0.0865,0.0000
12,179,500,127,groundnesters,NA,NA,-0.035,-0.50,-0.068,-0.96,0.262,3.26,0.913,10.80,0.516,0.081,0.0000,0.6165,0.3399,0.0012,0.0000
12,180,500,420,groundnesters,NA,NA,0.074,1.62,0.000,0.00,0.091,1.39,0.306,2.78,0.094,0.131,0.0000,0.1048,0.9978,0.1655,0.0055
12,181,67,500,groundnesters,NA,NA,0.032,0.56,-0.473,-9.67,0.630,13.37,0.758,6.29,0.409,0.068,0.0000,0.5786,0.0000,0.0000,0.0000
12,183,31,23,groundnesters,NA,NA,0.144,0.92,0.204,1.42,-0.696,-3.37,0.712,2.34,0.601,0.059,0.0000,0.3622,0.1615,0.0015,0.0236
14,199,12,500,groundnesters,NA,NA,0.468,9.93,-0.600,-4.88,0.495,3.73,0.132,0.96,0.180,0.142,0.0000,0.0000,0.0000,0.0002,0.3364
14,200,330,33,groundnesters,NA,NA,0.482,9.90,-0.297,-4.10,-0.019,-0.22,0.752,7.68,0.614,0.044,0.0000,0.0000,0.0001,0.8262,0.0000
14,207,309,105,groundnesters,NA,NA,0.264,2.32,-0.324,-2.27,0.374,3.24,0.223,1.44,0.106,0.110,0.0000,0.0210,0.0236,0.0013,0.1501
15,215,265,500,groundnesters,NA,NA,0.012,0.28,0.153,2.07,0.057,1.13,-0.234,-2.78,0.008,0.152,0.0365,0.7763,0.0387,0.2593,0.0056
15,216,500,500,groundnesters,NA,NA,-0.049,-1.74,0.671,17.78,0.028,0.55,0.229,3.17,0.578,0.093,0.0000,0.0821,0.0000,0.5800,0.0016
15,217,500,234,groundnesters,NA,NA,0.045,1.60,0.724,15.57,0.134,2.96,-0.515,-8.07,0.378,0.073,0.0000,0.1105,0.0000,0.0031,0.0000
4,51,49,192,overwaternesters,NA,NA,0.575,3.44,-1.403,-4.74,-0.179,-0.63,1.162,4.65,0.435,0.060,0.0000,0.0007,0.0000,0.5285,0.0000
4,52,357,141,overwaternesters,NA,NA,0.012,0.18,-0.112,-1.24,0.316,3.33,0.068,0.61,0.036,0.099,0.0002,0.8553,0.2171,0.0009,0.5423
4,53,76,500,overwaternesters,NA,NA,-0.002,-0.12,0.554,15.28,1.400,44.17,-0.734,-17.20,0.971,0.023,0.0000,0.9061,0.0000,0.0000,0.0000
4,55,21,145,overwaternesters,NA,NA,0.144,2.31,0.917,7.44,0.143,1.11,-0.713,-4.24,0.355,0.109,0.0000,0.0223,0.0000,0.2707,0.0000
4,59,500,152,overwaternesters,NA,NA,-0.037,-0.77,-0.076,-1.01,0.080,1.33,0.073,0.92,0.001,0.089,0.3070,0.4441,0.3136,0.1843,0.3604
4,60,470,93,overwaternesters,NA,NA,0.032,0.48,0.804,20.95,0.201,3.59,-0.156,-2.99,0.666,0.057,0.0000,0.6296,0.0000,0.0004,0.0029
4,62,41,80,overwaternesters,NA,NA,0.373,3.70,-0.399,-3.32,0.337,1.36,-0.177,-1.09,0.430,0.064,0.0000,0.0003,0.0012,0.1761,0.2786
5,68,233,208,overwaternesters,NA,NA,0.064,1.22,-0.251,-2.45,-0.147,-2.90,0.801,7.77,0.376,0.106,0.0000,0.2227,0.0147,0.0039,0.0000
5,69,500,500,overwaternesters,NA,NA,0.730,45.74,-0.086,-2.87,-0.400,-9.75,-0.211,-3.95,0.681,0.052,0.0000,0.0000,0.0042,0.0000,0.0001
5,70,500,129,overwaternesters,NA,NA,0.298,6.51,0.067,0.79,0.018,0.23,0.029,0.42,0.266,0.088,0.0000,0.0000,0.4295,0.8214,0.6782
5,71,500,167,overwaternesters,NA,NA,0.062,1.36,0.258,3.76,-0.189,-2.24,0.123,1.16,0.078,0.099,0.0000,0.1740,0.0002,0.0251,0.2457
5,72,500,210,overwaternesters,NA,NA,0.959,21.27,0.463,5.37,-0.881,-10.86,-0.295,-2.23,0.589,0.077,0.0000,0.0000,0.0000,0.0000,0.0261
5,74,500,173,overwaternesters,NA,NA,0.580,19.97,-0.088,-1.79,-0.047,-1.26,0.205,3.61,0.728,0.059,0.0000,0.0000,0.0732,0.2090,0.0003
5,77,500,398,overwaternesters,NA,NA,-0.070,-2.65,0.056,1.00,0.096,1.87,0.132,2.61,0.062,0.079,0.0000,0.0082,0.3158,0.0616,0.0093
5,78,500,365,overwaternesters,NA,NA,0.037,1.12,-0.087,-1.70,0.109,2.11,0.078,2.07,0.037,0.082,0.0000,0.2616,0.0887,0.0348,0.0388
5,80,69,419,overwaternesters,NA,NA,-0.144,-3.48,0.431,7.20,0.205,3.69,-0.328,-4.09,0.167,0.094,0.0000,0.0006,0.0000,0.0002,0.0001
6A,87,121,36,overwaternesters,NA,NA,0.069,1.26,-0.004,-0.05,-0.045,-0.40,0.461,3.58,0.419,0.039,0.0000,0.2113,0.9613,0.6902,0.0005
6A,88,500,29,overwaternesters,NA,NA,0.102,2.00,0.078,1.31,0.010,0.13,0.065,0.73,0.059,0.063,0.0000,0.0457,0.1910,0.8943,0.4657
6A,89,500,28,overwaternesters,NA,NA,-0.040,-0.86,0.440,10.26,0.236,3.99,-0.394,-5.67,0.258,0.053,0.0000,0.3894,0.0000,0.0001,0.0000
6A,90,500,101,overwaternesters,NA,NA,0.316,9.01,0.034,0.45,0.485,8.79,0.048,0.51,0.643,0.062,0.0000,0.0000,0.6563,0.0000,0.6122
6A,94,251,500,overwaternesters,NA,NA,0.417,12.33,0.906,19.06,-0.109,-3.59,-0.483,-6.00,0.848,0.061,0.0000,0.0000,0.0000,0.0003,0.0000
6A,95,500,109,overwaternesters,NA,NA,0.121,2.89,0.808,15.29,0.249,4.34,-0.371,-4.45,0.670,0.062,0.0000,0.0040,0.0000,0.0000,0.0000
6A,100,500,500,overwaternesters,NA,NA,0.139,5.06,-0.126,-2.76,0.213,8.30,-0.233,-3.18,0.101,0.059,0.0000,0.0000,0.0059,0.0000,0.0015
6A,103,500,78,overwaternesters,NA,NA,0.083,2.24,0.286,4.45,0.038,0.56,0.319,3.98,0.353,0.073,0.0000,0.0258,0.0000,0.5775,0.0001
6A,104,26,13,overwaternesters,NA,NA,-0.095,-0.58,0.785,3.65,0.859,2.82,0.795,1.39,0.923,0.051,0.0000,0.5679,0.0009,0.0080,0.1729
6A,105,500,305,overwaternesters,NA,NA,0.321,6.98,0.584,12.01,0.100,1.37,-0.397,-5.37,0.539,0.095,0.0000,0.0000,0.0000,0.1713,0.0000
6B,108,26,500,overwaternesters,NA,NA,0.494,12.31,0.424,5.25,0.057,0.73,0.133,0.98,0.390,0.131,0.0000,0.0000,0.0000,0.4630,0.3256
9,136,31,49,overwaternesters,NA,NA,-0.203,-1.25,0.922,5.00,0.649,3.62,-0.899,-2.07,0.592,0.079,0.0000,0.2143,0.0000,0.0005,0.0421
11,165,151,223,overwaternesters,NA,NA,-0.392,-8.80,-0.289,-4.22,1.044,17.52,0.247,4.74,0.933,0.037,0.0000,0.0000,0.0000,0.0000,0.0000
11,166,21,160,overwaternesters,NA,NA,-0.298,-7.67,-0.136,-1.37,1.331,14.41,0.067,0.50,0.561,0.050,0.0000,0.0000,0.1716,0.0000,0.6162
11,168,500,18,overwaternesters,NA,NA,0.360,4.86,-0.169,-1.63,-0.474,-5.77,0.376,4.13,0.106,0.067,0.0000,0.0000,0.1046,0.0000,0.0000
11,170,500,433,overwaternesters,NA,NA,0.456,7.24,-0.072,-0.69,-0.118,-1.53,0.170,2.18,0.328,0.127,0.0000,0.0000,0.4929,0.1253,0.0296
11,171,130,320,overwaternesters,NA,NA,-0.406,-2.94,1.020,6.23,-0.076,-0.61,-0.442,-2.50,0.095,0.118,0.0000,0.0034,0.0000,0.5402,0.0129
12,172,500,26,overwaternesters,NA,NA,-0.124,-1.91,0.048,0.74,0.332,5.22,0.031,0.34,0.069,0.065,0.0000,0.0569,0.4620,0.0000,0.7371
12,175,500,81,overwaternesters,NA,NA,-0.099,-1.93,0.113,2.07,0.775,12.17,-0.162,-1.95,0.359,0.064,0.0000,0.0547,0.0393,0.0000,0.0514
12,176,100,153,overwaternesters,NA,NA,0.145,2.80,0.574,4.77,0.002,0.03,-0.073,-0.42,0.573,0.072,0.0000,0.0056,0.0000,0.9755,0.6740
12,177,37,61,overwaternesters,NA,NA,0.775,11.77,-0.695,-4.45,-0.079,-1.04,0.691,4.21,0.790,0.055,0.0000,0.0000,0.0000,0.3005,0.0001
12,178,166,352,overwaternesters,NA,NA,0.783,9.26,0.040,0.30,0.283,3.54,-0.890,-6.55,0.322,0.137,0.0000,0.0000,0.7645,0.0004,0.0000
12,179,500,127,overwaternesters,NA,NA,0.028,0.45,0.007,0.10,0.406,5.40,0.731,9.70,0.592,0.073,0.0000,0.6552,0.9240,0.0000,0.0000
12,180,500,420,overwaternesters,NA,NA,0.205,5.12,0.042,0.70,0.295,5.14,0.053,0.54,0.260,0.115,0.0000,0.0000,0.4835,0.0000,0.5907
12,181,67,500,overwaternesters,NA,NA,-0.261,-5.44,0.033,0.76,0.729,17.51,0.738,6.77,0.629,0.060,0.0000,0.0000,0.4490,0.0000,0.0000
12,183,31,23,overwaternesters,NA,NA,-0.025,-0.21,-0.074,-0.68,-0.390,-2.50,0.531,2.30,0.091,0.044,0.0700,0.8319,0.5021,0.0159,0.0255
14,199,12,500,overwaternesters,NA,NA,0.470,11.61,-0.287,-2.68,0.467,4.30,-0.221,-1.78,0.270,0.123,0.0000,0.0000,0.0076,0.0000,0.0761
14,200,330,33,overwaternesters,NA,NA,0.117,1.78,-0.417,-4.18,-0.299,-2.53,1.734,13.06,0.584,0.059,0.0000,0.0762,0.0000,0.0118,0.0000
14,207,309,105,overwaternesters,NA,NA,0.048,0.59,-0.049,-0.48,0.482,5.81,0.183,1.64,0.284,0.079,0.0000,0.5585,0.6322,0.0000,0.1013
15,215,265,500,overwaternesters,NA,NA,0.207,5.35,-0.144,-2.05,0.022,0.43,-0.040,-0.48,0.048,0.142,0.0000,0.0000,0.0410,0.6695,0.6301
15,216,500,500,overwaternesters,NA,NA,0.155,4.91,0.104,2.55,-0.156,-2.77,-0.008,-0.10,0.057,0.100,0.0000,0.0000,0.0109,0.0057,0.9218
15,217,500,234,overwaternesters,NA,NA,0.186,5.66,0.226,4.05,-0.030,-0.56,-0.078,-1.04,0.185,0.085,0.0000,0.0000,0.0001,0.5749,0.2980
6A,89,500,28,blbw,0.01,0.0112,0.201,4.64,0.772,18.11,0.103,1.78,0.096,1.37,0.674,0.052,0.0000,0.0000,0.0000,0.0764,0.1726
6A,90,500,101,blbw,0.1064,0.0739,0.590,17.31,1.045,14.57,0.086,1.58,-1.633,-17.81,0.509,0.060,0.0000,0.0000,0.0000,0.1156,0.0000
6A,94,251,500,blbw,0.0546,0.0494,0.200,4.12,0.162,2.27,-0.367,-8.67,0.208,1.74,0.194,0.089,0.0000,0.0000,0.0237,0.0000,0.0830
6A,95,500,109,blbw,0.0085,0.0059,0.464,9.19,0.540,8.32,0.055,0.79,0.226,2.33,0.743,0.074,0.0000,0.0000,0.0000,0.4279,0.0204
6A,100,500,500,blbw,0.0124,0.0135,0.292,16.27,0.683,23.69,-0.019,-1.12,0.613,13.32,0.924,0.038,0.0000,0.0000,0.0000,0.2633,0.0000
6B,108,26,500,blbw,0.0069,0.0056,0.947,62.50,-0.008,-0.26,-0.009,-0.32,-0.000,-0.01,0.910,0.050,0.0000,0.0000,0.7929,0.7482,0.9926
4,51,49,192,boch,0.0491,0.0058,0.490,5.46,0.010,0.07,-0.447,-2.94,0.367,2.73,0.878,0.032,0.0000,0.0000,0.9477,0.0036,0.0067
4,52,357,141,boch,0.045,0.003,0.107,1.90,0.324,4.19,0.209,2.57,0.706,7.43,0.546,0.085,0.0000,0.0584,0.0000,0.0103,0.0000
4,53,76,500,boch,0.0469,0.0024,0.996,26.67,1.059,15.10,-0.883,-14.16,-0.673,-8.12,0.817,0.045,0.0000,0.0000,0.0000,0.0000,0.0000
4,55,21,145,boch,0.0482,0.0021,0.302,4.97,0.287,2.38,-0.307,-2.43,0.091,0.55,0.261,0.107,0.0000,0.0000,0.0184,0.0163,0.5822
4,59,500,152,boch,0.0464,0.0031,0.366,8.56,-0.125,-1.97,0.133,2.48,-0.009,-0.13,0.251,0.077,0.0000,0.0000,0.0495,0.0132,0.8945
4,60,470,93,boch,0.0439,0.0025,0.215,2.30,-0.264,-4.86,0.467,5.90,0.338,4.57,0.266,0.080,0.0000,0.0220,0.0000,0.0000,0.0000
4,62,41,80,boch,0.069,0.023,0.584,4.53,-0.318,-2.07,0.580,1.83,-0.526,-2.53,0.637,0.082,0.0000,0.0000,0.0407,0.0696,0.0127
5,68,233,208,boch,0.0426,0.0027,0.025,0.39,-0.312,-2.47,0.357,5.72,0.072,0.57,0.097,0.130,0.0000,0.6982,0.0139,0.0000,0.5708
5,69,500,500,boch,0.0484,0.007,0.074,3.43,0.399,9.52,-0.371,-6.52,0.622,8.24,0.593,0.072,0.0000,0.0006,0.0000,0.0000,0.0000
5,70,500,129,boch,0.0417,0.0042,0.265,5.85,0.088,1.04,-0.030,-0.35,0.261,3.75,0.350,0.088,0.0000,0.0000,0.3005,0.7266,0.0002
5,71,500,167,boch,0.0486,0.0037,0.395,11.24,0.186,3.43,-0.349,-5.19,0.319,3.84,0.431,0.077,0.0000,0.0000,0.0006,0.0000,0.0001
5,72,500,210,boch,0.1223,0.0313,0.314,9.86,0.084,1.39,0.435,7.74,0.340,3.57,0.847,0.054,0.0000,0.0000,0.1635,0.0000,0.0004
5,74,500,173,boch,0.0911,0.0283,0.095,1.59,0.558,5.39,-0.344,-4.58,0.356,3.08,0.184,0.120,0.0000,0.1131,0.0000,0.0000,0.0021
5,77,500,398,boch,0.1086,0.0547,0.165,5.34,0.347,5.33,-0.289,-4.73,0.537,9.01,0.517,0.093,0.0000,0.0000,0.0000,0.0000,0.0000
5,78,500,365,boch,0.1397,0.0438,-0.038,-0.89,0.525,7.94,-0.029,-0.43,0.363,7.54,0.417,0.106,0.0000,0.3712,0.0000,0.6687,0.0000
5,80,69,419,boch,0.2474,0.15,0.068,1.12,0.522,5.97,-0.158,-1.95,-0.453,-3.86,0.099,0.138,0.0000,0.2640,0.0000,0.0520,0.0001
6A,87,121,36,boch,0.0676,0.0099,0.195,2.06,0.934,7.06,-0.050,-0.26,-0.030,-0.14,0.715,0.067,0.0000,0.0415,0.0000,0.7977,0.8912
6A,88,500,29,boch,0.0732,0.0124,0.305,3.80,0.092,1.02,0.185,1.67,-0.088,-0.61,0.116,0.100,0.0000,0.0002,0.3063,0.0951,0.5409
6A,89,500,28,boch,0.075,0.0092,-0.063,-1.27,0.802,16.60,0.235,3.60,0.596,7.41,0.685,0.058,0.0000,0.2061,0.0000,0.0003,0.0000
6A,90,500,101,boch,0.0676,0.0203,0.720,20.43,0.507,6.47,0.178,3.10,-0.224,-2.27,0.805,0.063,0.0000,0.0000,0.0000,0.0020,0.0234
6A,94,251,500,boch,0.0677,0.0119,0.434,12.66,1.171,23.95,-0.448,-14.85,-0.336,-4.03,0.889,0.063,0.0000,0.0000,0.0000,0.0000,0.0001
6A,95,500,109,boch,0.0827,0.0068,0.106,1.52,0.250,2.76,0.059,0.62,0.144,1.01,0.194,0.101,0.0000,0.1293,0.0060,0.5360,0.3142
6A,100,500,500,boch,0.1651,0.0457,-0.050,-1.16,-0.730,-9.95,0.385,9.23,0.738,6.18,0.244,0.093,0.0000,0.2468,0.0000,0.0000,0.0000
6A,103,500,78,boch,0.2723,0.1295,0.620,15.80,0.191,2.80,0.015,0.21,0.001,0.02,0.609,0.077,0.0000,0.0000,0.0053,0.8343,0.9868
6A,104,26,13,boch,0.1423,0.035,-0.488,-1.62,1.779,4.52,2.305,4.13,-0.435,-0.42,0.880,0.093,0.0000,0.1146,0.0001,0.0002,0.6798
6A,105,500,305,boch,0.2805,0.1449,-0.133,-2.63,0.387,7.20,0.229,2.94,0.006,0.07,0.259,0.103,0.0000,0.0088,0.0000,0.0034,0.9459
6B,108,26,500,boch,0.1713,0.1016,0.382,11.23,0.337,4.83,-0.023,-0.34,0.565,4.92,0.417,0.111,0.0000,0.0000,0.0000,0.7315,0.0000
9,136,31,49,boch,0.0706,0.0143,-0.379,-1.52,0.622,2.18,0.372,1.34,0.467,0.70,0.449,0.123,0.0000,0.1339,0.0324,0.1834,0.4889
11,165,151,223,boch,0.0464,0.0053,0.252,3.64,0.029,0.27,-0.030,-0.33,0.610,7.54,0.739,0.057,0.0000,0.0003,0.7850,0.7436,0.0000
11,166,21,160,boch,0.047,0.0013,0.382,11.66,0.325,3.89,-0.221,-2.84,-0.190,-1.69,0.591,0.042,0.0000,0.0000,0.0001,0.0051,0.0933
11,168,500,18,boch,0.0505,0.0064,0.007,0.09,-0.077,-0.78,0.050,0.62,0.273,3.29,0.033,0.064,0.0003,0.9299,0.4350,0.5351,0.0011
11,170,500,433,boch,0.0449,0.0126,-0.186,-3.89,0.089,1.13,0.058,0.98,0.803,13.72,0.542,0.096,0.0000,0.0001,0.2590,0.3260,0.0000
11,171,130,320,boch,0.0561,0.0213,0.882,6.86,-0.672,-4.40,-0.360,-3.13,1.026,6.21,0.566,0.110,0.0000,0.0000,0.0000,0.0019,0.0000
12,172,500,26,boch,0.0553,0.0092,-0.415,-4.58,0.581,6.15,0.336,3.89,0.984,7.44,0.408,0.093,0.0000,0.0000,0.0000,0.0001,0.0000
12,175,500,81,boch,0.0763,0.0178,-0.126,-1.88,0.430,6.40,0.373,4.82,-0.367,-3.57,0.175,0.082,0.0000,0.0606,0.0000,0.0000,0.0004
12,176,100,153,boch,0.074,0.0172,0.033,0.47,-0.854,-5.26,0.506,5.17,0.957,4.11,0.437,0.097,0.0000,0.6383,0.0000,0.0000,0.0001
12,177,37,61,boch,0.0878,0.0135,-0.089,-0.82,0.190,0.74,0.104,0.83,0.405,1.50,0.352,0.091,0.0000,0.4137,0.4623,0.4089,0.1376
12,178,166,352,boch,0.0821,0.0118,-0.314,-4.89,0.840,8.25,-0.054,-0.88,0.209,2.02,0.336,0.104,0.0000,0.0000,0.0000,0.3771,0.0436
12,179,500,127,boch,0.0783,0.0315,0.082,1.14,0.878,11.64,0.022,0.26,-0.033,-0.37,0.508,0.084,0.0000,0.2542,0.0000,0.7919,0.7125
12,180,500,420,boch,0.0857,0.0271,0.152,3.69,-0.057,-0.93,0.006,0.10,0.386,3.87,0.137,0.118,0.0000,0.0002,0.3519,0.9206,0.0001
12,181,67,500,boch,0.0893,0.0091,-0.681,-10.78,0.542,10.12,-0.161,-3.10,0.960,7.19,0.588,0.074,0.0000,0.0000,0.0000,0.0020,0.0000
12,183,31,23,boch,0.0982,0.0327,0.226,1.74,-0.320,-2.68,0.142,0.83,0.771,3.05,0.762,0.049,0.0000,0.0884,0.0099,0.4114,0.0037
14,199,12,500,boch,0.0599,0.0187,0.540,19.27,0.449,5.80,0.393,4.93,-0.290,-3.39,0.693,0.085,0.0000,0.0000,0.0000,0.0000,0.0008
14,200,330,33,boch,0.0716,0.027,0.005,0.10,0.138,1.84,0.231,2.55,0.304,3.10,0.347,0.045,0.0000,0.9196,0.0660,0.0113,0.0021
14,207,309,105,boch,0.0869,0.0299,0.344,5.17,-0.087,-1.05,-0.062,-0.92,0.067,0.74,0.172,0.064,0.0000,0.0000,0.2965,0.3599,0.4613
15,215,265,500,boch,0.058,0.0101,0.580,20.51,-0.031,-0.56,0.201,5.30,-0.012,-0.19,0.613,0.110,0.0000,0.0000,0.5753,0.0000,0.8501
15,216,500,500,boch,0.0672,0.0097,0.594,21.47,-0.026,-0.70,-0.180,-3.58,-0.007,-0.10,0.455,0.093,0.0000,0.0000,0.4847,0.0004,0.9185
15,217,500,234,boch,0.0814,0.0167,0.619,15.28,-0.220,-3.25,0.361,5.51,0.242,2.66,0.631,0.105,0.0000,0.0000,0.0012,0.0000,0.0080
5,72,500,210,brcr,0.0248,0.0024,-0.259,-5.56,0.524,5.83,0.230,2.76,0.864,6.29,0.661,0.080,0.0000,0.0000,0.0000,0.0058,0.0000
5,74,500,173,brcr,0.0241,0.0026,0.311,7.77,0.425,6.48,-0.235,-4.68,0.086,1.11,0.403,0.081,0.0000,0.0000,0.0000,0.0000,0.2669
5,78,500,365,brcr,0.0217,0.0044,0.286,7.12,-0.261,-4.18,-0.017,-0.27,0.632,13.68,0.420,0.101,0.0000,0.0000,0.0000,0.7897,0.0000
6A,88,500,29,brcr,0.0261,0.0068,0.045,0.83,0.464,7.83,-0.110,-1.60,1.355,15.42,0.660,0.063,0.0000,0.4058,0.0000,0.1092,0.0000
6A,89,500,28,brcr,0.0247,0.0054,0.241,3.82,0.853,14.32,0.001,0.01,-0.173,-1.64,0.481,0.073,0.0000,0.0001,0.0000,0.9918,0.1018
6A,90,500,101,brcr,0.0512,0.0131,0.409,8.51,0.414,3.95,0.074,0.96,-0.403,-2.84,0.335,0.085,0.0000,0.0000,0.0001,0.3389,0.0046
6A,94,251,500,brcr,0.0514,0.015,0.619,11.03,-0.463,-5.80,0.869,17.44,0.264,1.92,0.675,0.102,0.0000,0.0000,0.0000,0.0000,0.0557
6A,95,500,109,brcr,0.0338,0.011,0.464,10.55,0.496,8.72,0.111,1.83,0.207,2.33,0.779,0.066,0.0000,0.0000,0.0000,0.0675,0.0203
6A,100,500,500,brcr,0.0414,0.0088,0.098,2.68,1.584,27.15,-0.038,-1.13,-0.394,-4.21,0.772,0.076,0.0000,0.0075,0.0000,0.2587,0.0000
6A,103,500,78,brcr,0.0163,0.0021,0.100,1.77,0.244,2.50,0.038,0.36,0.108,0.85,0.107,0.111,0.0000,0.0764,0.0126,0.7194,0.3975
6B,108,26,500,brcr,0.0141,7e-4,0.759,22.88,0.150,2.31,0.185,2.89,-0.393,-3.59,0.581,0.107,0.0000,0.0000,0.0211,0.0040,0.0004
12,172,500,26,brcr,0.0129,0.0011,0.584,10.43,0.238,3.94,0.134,2.21,0.383,4.42,0.596,0.061,0.0000,0.0000,0.0001,0.0272,0.0000
12,175,500,81,brcr,0.0133,0.0023,0.839,12.25,-0.690,-9.62,-0.340,-4.11,0.484,4.48,0.266,0.085,0.0000,0.0000,0.0000,0.0000,0.0000
12,177,37,61,brcr,0.0168,0.0025,-0.183,-1.95,0.373,1.68,0.021,0.19,-0.383,-1.64,0.023,0.078,0.1919,0.0537,0.0972,0.8487,0.1051
12,179,500,127,brcr,0.0145,0.0028,0.224,3.90,0.690,11.55,-0.060,-0.92,0.123,1.81,0.628,0.066,0.0000,0.0001,0.0000,0.3557,0.0702
12,180,500,420,brcr,0.0159,0.0027,0.014,0.36,-0.037,-0.62,0.056,1.00,0.170,1.77,0.018,0.112,0.0003,0.7177,0.5333,0.3159,0.0763
14,199,12,500,brcr,0.0132,0.0014,0.269,9.06,0.833,11.01,0.199,2.63,-0.187,-2.18,0.614,0.090,0.0000,0.0000,0.0000,0.0087,0.0297
14,200,330,33,brcr,0.0138,0.0012,-0.117,-1.87,0.143,1.47,0.224,1.87,0.764,6.18,0.436,0.057,0.0000,0.0620,0.1415,0.0626,0.0000
14,207,309,105,brcr,0.014,0.0012,-0.269,-3.35,0.219,2.18,-0.012,-0.15,0.251,2.30,0.060,0.077,0.0000,0.0009,0.0297,0.8794,0.0219
15,217,500,234,brcr,0.0397,0.0098,-0.151,-3.30,0.575,7.63,0.465,6.35,0.166,1.65,0.387,0.118,0.0000,0.0010,0.0000,0.0000,0.0993
5,78,500,365,btnw,0.0069,0.0045,0.394,8.81,-0.149,-2.14,0.030,0.42,0.407,7.98,0.352,0.112,0.0000,0.0000,0.0325,0.6782,0.0000
5,80,69,419,btnw,0.0242,0.017,0.425,10.17,0.443,7.34,-0.160,-2.86,-0.492,-6.06,0.391,0.095,0.0000,0.0000,0.0000,0.0045,0.0000
6A,87,121,36,btnw,0.0056,0.0011,0.795,8.18,0.962,7.08,-0.508,-2.54,-1.029,-4.52,0.725,0.068,0.0000,0.0000,0.0000,0.0120,0.0000
6A,88,500,29,btnw,0.0101,0.004,0.079,1.31,0.440,6.31,0.127,1.53,0.680,6.58,0.465,0.073,0.0000,0.1923,0.0000,0.1276,0.0000
6A,89,500,28,btnw,0.0094,0.0027,0.268,4.98,1.003,18.17,-0.033,-0.46,0.390,4.34,0.700,0.065,0.0000,0.0000,0.0000,0.6431,0.0000
6A,90,500,101,btnw,0.0273,0.0126,0.167,5.30,1.268,19.48,-0.012,-0.25,-0.866,-10.44,0.481,0.056,0.0000,0.0000,0.0000,0.8047,0.0000
6A,94,251,500,btnw,0.0342,0.0172,0.464,10.28,1.421,20.90,-0.939,-24.07,-0.492,-4.25,0.806,0.082,0.0000,0.0000,0.0000,0.0000,0.0000
6A,95,500,109,btnw,0.0126,0.0044,0.273,7.17,0.338,6.90,-0.125,-2.44,0.607,8.04,0.752,0.057,0.0000,0.0000,0.0000,0.0150,0.0000
6A,100,500,500,btnw,0.0157,0.0085,0.088,3.49,1.429,36.51,-0.003,-0.11,0.371,5.85,0.914,0.052,0.0000,0.0005,0.0000,0.9127,0.0000
6A,103,500,78,btnw,0.0443,0.0208,0.245,4.81,0.073,0.88,0.227,2.49,0.061,0.57,0.226,0.097,0.0000,0.0000,0.3765,0.0131,0.5658
6A,104,26,13,btnw,0.0277,0.0084,-0.254,-1.97,0.948,5.64,0.986,4.13,0.562,1.26,0.946,0.040,0.0000,0.0565,0.0000,0.0002,0.2174
6B,108,26,500,btnw,0.0499,0.0317,0.916,60.21,0.008,0.26,0.001,0.05,-0.025,-0.50,0.903,0.050,0.0000,0.0000,0.7955,0.9610,0.6170
9,136,31,49,btnw,0.0049,0.0015,-0.367,-2.20,0.283,1.49,-0.224,-1.21,1.090,2.43,0.359,0.082,0.0000,0.0309,0.1414,0.2308,0.0174
14,207,309,105,btnw,0.0139,0.0059,0.404,6.63,-0.079,-1.04,-0.387,-6.28,0.187,2.25,0.239,0.059,0.0000,0.0000,0.2983,0.0000,0.0247
15,216,500,500,btnw,0.006,0.0012,0.560,19.77,0.107,2.79,-0.130,-2.48,-0.159,-2.12,0.427,0.096,0.0000,0.0000,0.0053,0.0135,0.0347
15,217,500,234,btnw,0.0186,0.0104,0.079,2.21,0.596,9.98,0.252,4.24,0.061,0.76,0.520,0.093,0.0000,0.0277,0.0000,0.0000,0.4476
4,62,41,80,cawa,0.0045,0.0028,0.429,12.84,0.002,0.04,0.278,3.38,0.352,6.54,0.977,0.021,0.0000,0.0000,0.9681,0.0010,0.0000
6A,88,500,29,cawa,0.0092,0.0077,0.372,8.28,0.385,7.75,0.105,1.71,0.047,0.61,0.574,0.056,0.0000,0.0000,0.0000,0.0885,0.5428
6A,89,500,28,cawa,0.0087,0.0066,0.254,5.25,1.006,21.45,-0.004,-0.07,0.331,4.36,0.752,0.057,0.0000,0.0000,0.0000,0.9439,0.0000
6A,90,500,101,cawa,0.023,0.0067,0.282,7.60,0.892,10.97,0.108,1.83,-1.244,-11.83,0.243,0.065,0.0000,0.0000,0.0000,0.0675,0.0000
6A,94,251,500,cawa,0.0192,0.0059,0.112,2.33,0.313,4.76,-0.417,-10.11,0.136,1.19,0.258,0.085,0.0000,0.0202,0.0000,0.0000,0.2359
6A,95,500,109,cawa,0.0067,0.0036,0.372,8.79,0.674,12.12,-0.011,-0.19,0.110,1.29,0.773,0.063,0.0000,0.0000,0.0000,0.8520,0.1974
6A,100,500,500,cawa,0.007,0.0049,0.318,20.13,1.031,41.69,-0.018,-1.23,0.146,3.75,0.949,0.032,0.0000,0.0000,0.0000,0.2180,0.0002
9,136,31,49,cawa,0.0097,0.0065,0.241,0.95,0.264,0.91,0.565,2.00,-0.404,-0.59,0.365,0.125,0.0000,0.3476,0.3674,0.0491,0.5572
15,216,500,500,cawa,0.003,7e-4,0.163,4.83,-0.263,-5.70,0.212,3.40,0.942,10.98,0.375,0.111,0.0000,0.0000,0.0000,0.0007,0.0000
15,217,500,234,cawa,0.0094,0.006,0.186,4.83,0.581,9.16,0.139,2.26,-0.012,-0.14,0.479,0.099,0.0000,0.0000,0.0000,0.0244,0.8909
4,55,21,145,cmwa,0.0068,0.0031,0.383,5.35,0.072,0.51,0.191,1.28,-0.011,-0.06,0.218,0.125,0.0000,0.0000,0.6128,0.2014,0.9542
4,60,470,93,cmwa,0.009,0.0044,0.024,0.19,-0.245,-3.38,0.025,0.24,0.072,0.73,0.023,0.107,0.0020,0.8508,0.0008,0.8100,0.4650
5,69,500,500,cmwa,0.0129,0.0104,-0.044,-2.15,-0.472,-12.43,0.008,0.16,1.360,19.11,0.274,0.067,0.0000,0.0317,0.0000,0.8764,0.0000
5,71,500,167,cmwa,0.0098,0.0023,0.454,14.25,-0.035,-0.71,0.088,1.51,0.096,1.33,0.510,0.070,0.0000,0.0000,0.4760,0.1326,0.1836
6A,87,121,36,cmwa,0.0344,0.0308,0.931,10.16,0.209,1.63,-0.263,-1.40,0.313,1.46,0.864,0.064,0.0000,0.0000,0.1046,0.1647,0.1470
6A,88,500,29,cmwa,0.1015,0.1271,0.414,9.42,0.422,8.34,0.154,2.68,-0.071,-0.93,0.634,0.052,0.0000,0.0000,0.0000,0.0075,0.3511
6A,89,500,28,cmwa,0.08,0.0829,0.213,4.24,1.007,22.23,0.058,0.90,0.259,3.38,0.745,0.057,0.0000,0.0000,0.0000,0.3688,0.0008
6A,90,500,101,cmwa,0.1318,0.0653,0.346,7.84,0.128,1.35,0.657,9.29,-0.101,-0.84,0.586,0.079,0.0000,0.0000,0.1782,0.0000,0.3999
6A,94,251,500,cmwa,0.053,0.0294,0.439,14.42,0.987,19.60,-0.127,-4.45,-0.274,-3.21,0.910,0.058,0.0000,0.0000,0.0000,0.0000,0.0014
6A,95,500,109,cmwa,0.0427,0.0278,0.033,0.70,0.862,14.72,-0.186,-2.92,0.580,6.21,0.745,0.068,0.0000,0.4838,0.0000,0.0036,0.0000
6A,100,500,500,cmwa,0.0223,0.0082,0.004,0.13,1.310,29.50,-0.004,-0.14,0.514,7.22,0.881,0.058,0.0000,0.8935,0.0000,0.8856,0.0000
6A,103,500,78,cmwa,0.0154,0.0032,0.183,3.57,0.223,2.54,0.358,3.91,0.183,1.66,0.326,0.100,0.0000,0.0004,0.0113,0.0001,0.0983
9,136,31,49,cmwa,0.0874,0.0732,0.065,0.25,0.099,0.33,0.589,2.04,0.216,0.31,0.415,0.127,0.0000,0.8024,0.7390,0.0448,0.7580
14,207,309,105,cmwa,0.0104,0.0022,-0.197,-2.52,0.506,5.15,0.184,2.32,-0.025,-0.23,0.292,0.075,0.0000,0.0121,0.0000,0.0209,0.8146
15,217,500,234,cmwa,0.036,0.021,0.123,2.73,0.379,5.11,0.139,1.91,0.206,2.03,0.344,0.115,0.0000,0.0064,0.0000,0.0571,0.0426
4,51,49,192,osfl,0.0055,0.0014,1.114,5.09,-2.571,-6.61,1.593,4.29,0.484,1.48,0.501,0.079,0.0000,0.0000,0.0000,0.0000,0.1406
4,55,21,145,osfl,0.0046,8e-4,0.229,3.96,0.116,1.01,-0.062,-0.51,-0.002,-0.01,0.127,0.101,0.0000,0.0001,0.3128,0.6076,0.9913
4,60,470,93,osfl,0.0047,0.0012,0.004,0.04,0.348,6.78,0.348,4.65,-0.423,-6.05,0.216,0.076,0.0000,0.9673,0.0000,0.0000,0.0000
4,62,41,80,osfl,0.0078,0.0017,-0.220,-2.66,1.081,10.92,0.315,1.55,-1.026,-7.68,0.648,0.053,0.0000,0.0090,0.0000,0.1243,0.0000
5,69,500,500,osfl,0.0055,0.0013,0.036,2.03,0.847,25.37,0.396,8.67,0.298,4.94,0.932,0.058,0.0000,0.0422,0.0000,0.0000,0.0000
5,71,500,167,osfl,0.0047,0.0012,0.346,10.60,0.752,14.83,0.086,1.45,-0.064,-0.84,0.752,0.072,0.0000,0.0000,0.0000,0.1487,0.3995
5,72,500,210,osfl,0.0077,0.0015,0.706,19.69,0.989,14.17,0.059,0.91,-0.119,-1.10,0.923,0.063,0.0000,0.0000,0.0000,0.3647,0.2712
5,74,500,173,osfl,0.006,5e-4,0.017,0.32,0.060,0.65,0.416,6.01,0.081,0.77,0.201,0.109,0.0000,0.7459,0.5168,0.0000,0.4409
5,78,500,365,osfl,0.0068,0.001,0.240,6.20,0.327,5.43,-0.169,-2.79,0.024,0.54,0.200,0.097,0.0000,0.0000,0.0000,0.0054,0.5888
5,80,69,419,osfl,0.006,7e-4,0.235,4.94,-0.012,-0.18,-0.092,-1.44,0.034,0.37,0.061,0.109,0.0000,0.0000,0.8595,0.1504,0.7099
6A,87,121,36,osfl,0.0067,0.0014,-0.173,-2.20,1.301,11.82,-0.876,-5.41,0.784,4.25,0.571,0.055,0.0000,0.0296,0.0000,0.0000,0.0000
6A,88,500,29,osfl,0.0055,0.0016,0.207,3.57,0.511,7.54,0.265,3.20,0.320,3.20,0.530,0.071,0.0000,0.0004,0.0000,0.0014,0.0014
6A,89,500,28,osfl,0.0056,0.0017,0.152,3.06,0.811,18.42,-0.003,-0.04,0.336,4.39,0.666,0.056,0.0000,0.0024,0.0000,0.9675,0.0000
6A,90,500,101,osfl,0.0032,7e-4,0.852,21.05,0.891,10.20,0.247,3.63,-1.293,-11.55,0.687,0.074,0.0000,0.0000,0.0000,0.0003,0.0000
6A,94,251,500,osfl,0.0039,9e-4,0.149,3.16,-0.211,-3.00,-0.296,-6.74,0.673,5.60,0.126,0.087,0.0000,0.0017,0.0028,0.0000,0.0000
6A,95,500,109,osfl,0.0066,0.0012,-0.131,-2.63,0.942,14.78,-0.099,-1.42,0.071,0.70,0.547,0.074,0.0000,0.0087,0.0000,0.1560,0.4826
6A,100,500,500,osfl,0.0059,0.002,0.097,4.65,0.749,22.12,0.390,19.88,-0.793,-15.12,0.739,0.045,0.0000,0.0000,0.0000,0.0000,0.0000
6A,103,500,78,osfl,0.0057,5e-4,0.306,6.62,0.523,6.73,-0.103,-1.22,0.043,0.42,0.419,0.090,0.0000,0.0000,0.0000,0.2249,0.6750
6B,108,26,500,osfl,0.0077,8e-4,0.268,7.08,0.060,0.78,0.012,0.17,0.421,3.38,0.175,0.125,0.0000,0.0000,0.4337,0.8689,0.0008
9,136,31,49,osfl,0.0053,0.0017,0.343,1.58,-0.038,-0.15,0.209,0.87,0.065,0.11,0.361,0.106,0.0000,0.1172,0.8793,0.3847,0.9109
11,165,151,223,osfl,0.006,5e-4,0.140,3.46,0.056,0.90,0.552,10.18,0.350,7.40,0.952,0.033,0.0000,0.0006,0.3679,0.0000,0.0000
11,168,500,18,osfl,0.0066,0.0014,0.898,8.53,-0.782,-5.41,-0.649,-5.60,0.173,1.38,0.124,0.093,0.0000,0.0000,0.0000,0.0000,0.1688
11,170,500,433,osfl,0.0066,0.0014,0.246,3.56,-0.264,-2.28,0.090,1.07,0.043,0.50,0.039,0.139,0.0000,0.0004,0.0231,0.2855,0.6179
11,171,130,320,osfl,0.0077,0.002,0.358,3.21,-0.361,-2.72,0.162,1.62,0.108,0.75,0.138,0.095,0.0000,0.0014,0.0067,0.1058,0.4515
12,172,500,26,osfl,0.0089,0.0017,-0.062,-0.86,0.027,0.35,-0.017,-0.24,0.256,2.55,0.014,0.072,0.0235,0.3927,0.7266,0.8115,0.0111
12,175,500,81,osfl,0.0102,0.0022,1.056,17.96,-0.437,-7.16,-0.194,-2.76,0.123,1.33,0.385,0.073,0.0000,0.0000,0.0000,0.0059,0.1851
12,176,100,153,osfl,0.0083,0.0011,0.339,7.56,0.314,3.01,-0.155,-2.48,0.010,0.07,0.626,0.062,0.0000,0.0000,0.0028,0.0139,0.9480
12,177,37,61,osfl,0.0074,0.001,0.052,0.59,0.668,3.17,0.213,2.07,-0.600,-2.71,0.481,0.074,0.0000,0.5570,0.0021,0.0409,0.0081
12,178,166,352,osfl,0.0084,0.001,0.085,1.10,-0.070,-0.57,0.035,0.48,0.167,1.34,0.027,0.125,0.0012,0.2732,0.5670,0.6318,0.1792
12,179,500,127,osfl,0.0087,0.0029,-0.014,-0.20,0.105,1.45,0.009,0.12,0.208,2.40,0.076,0.083,0.0000,0.8429,0.1488,0.9070,0.0165
12,180,500,420,osfl,0.0079,0.0015,0.008,0.20,-0.326,-5.47,0.094,1.65,0.534,5.58,0.052,0.115,0.0000,0.8406,0.0000,0.0992,0.0000
12,181,67,500,osfl,0.0084,0.001,-0.529,-7.11,0.223,3.63,0.505,7.96,0.679,4.27,0.312,0.089,0.0000,0.0000,0.0003,0.0000,0.0000
12,183,31,23,osfl,0.0082,0.0019,-0.055,-0.38,0.719,5.50,-0.159,-0.85,-0.158,-0.57,0.624,0.053,0.0000,0.7021,0.0000,0.4020,0.5704
14,199,12,500,osfl,0.009,0.0015,0.321,6.23,0.386,2.93,0.497,3.86,-0.273,-1.85,0.253,0.152,0.0000,0.0000,0.0035,0.0001,0.0650
14,200,330,33,osfl,0.0083,0.0013,-0.032,-0.70,-0.281,-3.95,-0.064,-0.76,0.238,2.58,0.092,0.042,0.0000,0.4867,0.0001,0.4458,0.0102
14,207,309,105,osfl,0.0089,0.0019,-0.103,-1.17,0.171,1.54,-0.356,-3.98,0.113,0.94,0.037,0.085,0.0007,0.2428,0.1236,0.0001,0.3459
15,215,265,500,osfl,0.0067,9e-4,0.729,22.96,-0.119,-2.11,0.126,3.14,-0.126,-1.88,0.602,0.116,0.0000,0.0000,0.0351,0.0018,0.0599
15,216,500,500,osfl,0.0076,7e-4,0.199,5.93,-0.277,-6.06,-0.063,-1.01,0.308,3.59,0.065,0.113,0.0000,0.0000,0.0000,0.3131,0.0003
15,217,500,234,osfl,0.0062,0.0024,0.180,4.64,0.522,8.12,0.172,2.70,-0.111,-1.23,0.412,0.099,0.0000,0.0000,0.0000,0.0070,0.2181
4,51,49,192,pigr,0.0135,0.0029,0.406,4.08,-0.011,-0.06,-1.295,-7.68,0.475,3.19,0.573,0.036,0.0000,0.0001,0.9523,0.0000,0.0016
4,52,357,141,pigr,0.0116,0.0096,-0.100,-1.77,0.140,1.82,-0.066,-0.82,1.626,17.18,0.624,0.084,0.0000,0.0768,0.0696,0.4140,0.0000
4,53,76,500,pigr,0.0112,0.0027,1.192,29.33,1.431,18.62,-0.588,-8.67,-1.525,-16.87,0.865,0.049,0.0000,0.0000,0.0000,0.0000,0.0000
4,55,21,145,pigr,0.0123,0.0093,0.215,3.60,0.096,0.81,-0.495,-3.99,1.106,6.86,0.466,0.105,0.0000,0.0004,0.4173,0.0001,0.0000
4,59,500,152,pigr,0.0105,0.0026,0.884,34.50,0.058,1.45,-0.037,-1.19,0.224,5.38,0.875,0.046,0.0000,0.0000,0.1477,0.2356,0.0000
4,60,470,93,pigr,0.0061,0.0013,0.178,2.18,0.838,17.67,0.017,0.24,-0.482,-7.47,0.516,0.070,0.0000,0.0298,0.0000,0.8070,0.0000
4,62,41,80,pigr,0.0098,0.0042,0.427,9.93,0.392,7.65,0.335,3.17,-0.349,-5.04,0.967,0.027,0.0000,0.0000,0.0000,0.0019,0.0000
5,68,233,208,pigr,0.0092,0.0031,0.118,1.71,-0.382,-2.83,0.401,6.00,0.123,0.90,0.170,0.140,0.0000,0.0889,0.0049,0.0000,0.3675
5,69,500,500,pigr,0.0094,0.0031,0.533,20.83,0.138,2.87,0.308,4.71,-0.559,-6.35,0.564,0.083,0.0000,0.0000,0.0042,0.0000,0.0000
5,70,500,129,pigr,0.0106,0.0041,0.165,3.03,-0.153,-1.52,-0.048,-0.48,0.666,7.81,0.278,0.107,0.0000,0.0025,0.1281,0.6281,0.0000
5,71,500,167,pigr,0.015,0.0022,0.668,15.88,0.100,1.56,-0.253,-3.23,-0.356,-3.72,0.405,0.092,0.0000,0.0000,0.1204,0.0013,0.0002
5,72,500,210,pigr,0.0213,0.0061,-0.387,-9.29,0.661,8.41,0.214,2.85,0.765,6.40,0.672,0.073,0.0000,0.0000,0.0000,0.0045,0.0000
5,74,500,173,pigr,0.0238,0.0074,0.458,11.60,0.332,4.95,-0.327,-6.52,0.134,1.74,0.502,0.079,0.0000,0.0000,0.0000,0.0000,0.0816
5,77,500,398,pigr,0.0219,0.006,-0.091,-3.47,0.157,2.81,-0.025,-0.48,0.346,6.71,0.221,0.079,0.0000,0.0005,0.0051,0.6297,0.0000
5,78,500,365,pigr,0.0216,0.0034,0.167,6.05,-0.185,-4.34,-0.069,-1.61,0.208,6.59,0.107,0.070,0.0000,0.0000,0.0000,0.1074,0.0000
5,80,69,419,pigr,0.028,0.0112,0.610,16.50,0.100,1.88,-0.025,-0.50,-0.169,-2.36,0.490,0.084,0.0000,0.0000,0.0609,0.6173,0.0186
6A,87,121,36,pigr,0.0066,0.0018,1.007,9.14,0.665,4.32,-0.624,-2.76,0.062,0.24,0.816,0.077,0.0000,0.0000,0.0000,0.0065,0.8108
6A,88,500,29,pigr,0.0062,0.0026,0.407,8.64,0.334,6.52,0.146,2.38,0.150,1.90,0.612,0.055,0.0000,0.0000,0.0000,0.0175,0.0581
6A,89,500,28,pigr,0.0062,0.0031,0.250,5.64,0.833,19.54,0.127,2.28,0.236,3.30,0.746,0.051,0.0000,0.0000,0.0000,0.0232,0.0010
6A,90,500,101,pigr,0.0041,4e-4,0.695,17.31,0.752,9.06,0.107,1.69,-0.717,-6.40,0.691,0.069,0.0000,0.0000,0.0000,0.0916,0.0000
6A,94,251,500,pigr,0.0046,6e-4,0.189,3.73,-0.350,-4.60,-0.116,-2.70,0.710,5.43,0.123,0.092,0.0000,0.0002,0.0000,0.0070,0.0000
6A,95,500,109,pigr,0.0059,0.001,0.265,5.12,0.724,11.00,0.050,0.71,-0.082,-0.80,0.628,0.077,0.0000,0.0000,0.0000,0.4810,0.4251
6A,100,500,500,pigr,0.0091,0.0044,0.296,9.96,1.353,28.24,-0.408,-14.82,0.279,3.73,0.858,0.062,0.0000,0.0000,0.0000,0.0000,0.0002
6A,103,500,78,pigr,0.0281,0.0082,0.018,0.48,-0.207,-3.33,0.069,1.03,0.292,3.65,0.037,0.072,0.0000,0.6331,0.0009,0.3035,0.0003
6A,104,26,13,pigr,0.0535,0.0445,-0.282,-1.67,1.357,6.16,1.097,3.51,-0.305,-0.52,0.894,0.052,0.0000,0.1041,0.0000,0.0013,0.6058
6A,105,500,305,pigr,0.0238,0.0059,0.259,7.33,-0.007,-0.20,0.047,0.85,-0.024,-0.42,0.175,0.072,0.0000,0.0000,0.8434,0.3964,0.6749
6B,108,26,500,pigr,0.0238,0.0133,0.104,2.47,0.592,6.98,0.044,0.55,0.448,3.31,0.210,0.136,0.0000,0.0140,0.0000,0.5793,0.0010
9,136,31,49,pigr,0.0051,9e-4,0.492,2.37,0.175,0.74,0.339,1.48,-0.253,-0.45,0.564,0.102,0.0000,0.0202,0.4626,0.1438,0.6505
11,165,151,223,pigr,0.0133,0.0034,0.199,3.03,0.470,4.66,-0.258,-2.94,0.186,2.42,0.383,0.054,0.0000,0.0026,0.0000,0.0035,0.0158
11,166,21,160,pigr,0.0215,0.023,-0.061,-2.56,0.174,2.86,0.104,1.84,0.172,2.09,0.367,0.031,0.0000,0.0113,0.0047,0.0680,0.0376
11,168,500,18,pigr,0.0145,0.0023,0.220,4.07,-0.373,-5.05,-0.017,-0.28,0.166,2.49,0.064,0.047,0.0000,0.0001,0.0000,0.7785,0.0130
11,170,500,433,pigr,0.0128,0.0025,0.033,0.71,0.026,0.33,-0.129,-2.27,0.466,8.15,0.321,0.094,0.0000,0.4774,0.7408,0.0232,0.0000
11,171,130,320,pigr,0.0131,0.0027,0.318,4.39,0.620,7.20,0.366,5.63,-0.665,-7.14,0.630,0.062,0.0000,0.0000,0.0000,0.0000,0.0000
12,172,500,26,pigr,0.0137,0.0031,-0.011,-0.35,0.297,8.49,-0.014,-0.45,-0.089,-1.84,0.251,0.033,0.0000,0.7273,0.0000,0.6551,0.0669
12,175,500,81,pigr,0.0124,0.0034,0.016,0.53,0.446,13.88,0.083,2.26,-0.039,-0.80,0.616,0.039,0.0000,0.5972,0.0000,0.0243,0.4224
12,176,100,153,pigr,0.0136,0.0034,-0.078,-2.83,0.184,2.88,0.006,0.15,0.054,0.60,0.136,0.038,0.0000,0.0050,0.0043,0.8837,0.5520
12,177,37,61,pigr,0.0145,0.0026,0.245,5.35,0.404,3.71,-0.041,-0.77,-0.329,-2.88,0.771,0.038,0.0000,0.0000,0.0003,0.4431,0.0050
12,178,166,352,pigr,0.0131,0.0031,0.140,2.33,-0.002,-0.02,0.045,0.79,0.548,5.68,0.368,0.097,0.0000,0.0204,0.9809,0.4299,0.0000
12,179,500,127,pigr,0.0167,0.0062,0.452,8.20,0.435,7.56,-0.081,-1.27,-0.313,-4.71,0.416,0.063,0.0000,0.0000,0.0000,0.2057,0.0000
12,180,500,420,pigr,0.0141,0.0029,-0.095,-3.54,0.061,1.53,-0.041,-1.07,0.430,6.55,0.116,0.077,0.0000,0.0004,0.1272,0.2858,0.0000
12,181,67,500,pigr,0.0129,0.0036,0.180,9.82,0.208,14.44,0.125,8.50,-0.110,-3.05,0.807,0.021,0.0000,0.0000,0.0000,0.0000,0.0024
12,183,31,23,pigr,0.0154,0.0029,0.476,5.62,-0.263,-3.38,-0.083,-0.74,0.330,2.00,0.824,0.032,0.0000,0.0000,0.0014,0.4622,0.0510
14,199,12,500,pigr,0.0141,0.0045,1.010,37.65,-0.343,-4.88,-0.209,-3.21,-0.160,-2.02,0.796,0.080,0.0000,0.0000,0.0000,0.0014,0.0442
14,200,330,33,pigr,0.015,0.0071,-0.123,-1.72,0.032,0.30,0.084,0.64,0.556,3.85,0.158,0.063,0.0000,0.0861,0.7651,0.5252,0.0001
14,207,309,105,pigr,0.0191,0.0058,-0.098,-1.30,-0.204,-2.16,-0.064,-0.84,0.530,5.16,0.053,0.073,0.0000,0.1937,0.0315,0.4030,0.0000
15,215,265,500,pigr,0.0184,0.0057,0.368,10.58,0.196,3.06,-0.020,-0.45,-0.208,-2.83,0.240,0.126,0.0000,0.0000,0.0023,0.6499,0.0047
15,216,500,500,pigr,0.0134,0.0059,0.298,9.12,0.934,20.20,0.024,0.40,-0.885,-10.40,0.511,0.110,0.0000,0.0000,0.0000,0.6887,0.0000
15,217,500,234,pigr,0.0067,0.0033,0.263,8.14,0.303,5.62,0.088,1.64,0.439,6.01,0.639,0.084,0.0000,0.0000,0.0000,0.1016,0.0000
4,51,49,192,rubl,0.0162,0.0067,0.002,0.01,-0.884,-3.70,0.819,3.59,0.492,2.44,0.486,0.048,0.0000,0.9900,0.0003,0.0004,0.0154
4,52,357,141,rubl,0.0137,0.0088,0.007,0.15,0.043,0.66,-0.123,-1.82,1.039,13.09,0.490,0.071,0.0000,0.8794,0.5079,0.0693,0.0000
4,53,76,500,rubl,0.0084,0.0076,1.012,25.06,-0.036,-0.49,-0.027,-0.40,-0.685,-7.89,0.845,0.048,0.0000,0.0000,0.6243,0.6900,0.0000
4,55,21,145,rubl,0.0086,0.0026,0.486,7.44,0.843,6.52,-0.386,-2.84,-0.277,-1.57,0.494,0.114,0.0000,0.0000,0.0000,0.0050,0.1182
4,59,500,152,rubl,0.0123,0.0042,0.773,20.97,0.363,6.76,0.096,2.13,0.076,1.26,0.798,0.066,0.0000,0.0000,0.0000,0.0332,0.2097
4,60,470,93,rubl,0.0075,0.0018,-0.315,-4.05,1.160,25.73,-0.137,-2.09,-0.085,-1.38,0.629,0.067,0.0000,0.0001,0.0000,0.0369,0.1687
4,62,41,80,rubl,0.0177,0.005,0.844,5.99,-1.138,-6.76,0.194,0.56,0.083,0.36,0.512,0.090,0.0000,0.0000,0.0000,0.5773,0.7161
5,68,233,208,rubl,0.0122,0.0071,-0.060,-1.04,0.095,0.84,0.101,1.80,0.013,0.12,0.011,0.117,0.0679,0.2973,0.3993,0.0728,0.9076
5,69,500,500,rubl,0.0147,0.0041,-0.122,-5.51,0.786,19.58,-0.037,-0.65,0.094,1.26,0.782,0.071,0.0000,0.0000,0.0000,0.5143,0.2070
5,70,500,129,rubl,0.0091,0.0053,0.353,8.46,-0.320,-3.96,-0.087,-1.13,0.696,10.69,0.497,0.082,0.0000,0.0000,0.0001,0.2609,0.0000
5,71,500,167,rubl,0.02,0.0103,0.755,28.64,0.418,10.40,0.041,0.84,-0.219,-3.62,0.849,0.057,0.0000,0.0000,0.0000,0.4034,0.0003
5,72,500,210,rubl,0.0494,0.0169,0.277,6.64,0.080,1.02,-0.313,-4.21,0.200,1.65,0.169,0.072,0.0000,0.0000,0.3067,0.0000,0.0994
5,74,500,173,rubl,0.0411,0.0133,0.573,14.64,0.284,4.36,-0.100,-2.03,-0.332,-4.42,0.502,0.078,0.0000,0.0000,0.0000,0.0432,0.0000
5,77,500,398,rubl,0.025,0.0102,0.738,34.48,0.333,7.29,-0.206,-4.86,0.006,0.14,0.839,0.064,0.0000,0.0000,0.0000,0.0000,0.8902
5,78,500,365,rubl,0.0188,0.0088,0.419,10.61,0.690,11.00,-0.032,-0.51,-0.431,-9.46,0.414,0.101,0.0000,0.0000,0.0000,0.6089,0.0000
5,80,69,419,rubl,0.008,0.0052,0.080,1.55,0.374,5.03,-0.148,-2.15,-0.240,-2.40,0.088,0.117,0.0000,0.1207,0.0000,0.0323,0.0167
6A,87,121,36,rubl,0.0175,0.0052,0.109,1.49,-0.026,-0.26,-0.226,-1.50,1.156,6.73,0.591,0.052,0.0000,0.1380,0.7982,0.1352,0.0000
6A,88,500,29,rubl,0.0137,0.0072,0.527,9.11,0.159,2.42,0.291,3.74,-0.288,-3.01,0.414,0.070,0.0000,0.0000,0.0159,0.0002,0.0027
6A,89,500,28,rubl,0.0166,0.0081,0.270,4.76,1.037,18.15,0.176,2.41,0.191,2.03,0.702,0.068,0.0000,0.0000,0.0000,0.0164,0.0427
6A,90,500,101,rubl,0.0044,0.001,0.112,3.59,1.270,18.45,-0.003,-0.06,-0.678,-7.67,0.489,0.056,0.0000,0.0004,0.0000,0.9538,0.0000
6A,94,251,500,rubl,0.0036,5e-4,0.403,8.66,1.504,22.46,-0.664,-16.86,-0.617,-5.37,0.840,0.081,0.0000,0.0000,0.0000,0.0000,0.0000
6A,95,500,109,rubl,0.0148,0.009,0.179,3.89,0.708,11.90,-0.098,-1.56,0.478,5.25,0.750,0.067,0.0000,0.0001,0.0000,0.1201,0.0000
6A,100,500,500,rubl,0.0094,0.009,0.032,1.44,1.319,35.91,0.061,2.80,-0.022,-0.38,0.890,0.048,0.0000,0.1500,0.0000,0.0052,0.7058
6A,103,500,78,rubl,0.005,0.0016,0.047,1.13,-0.009,-0.13,0.176,2.24,-0.053,-0.56,0.019,0.082,0.0042,0.2584,0.8996,0.0254,0.5782
6A,104,26,13,rubl,0.0043,2e-4,-0.341,-3.46,0.589,4.58,0.773,4.25,0.971,2.84,0.954,0.031,0.0000,0.0015,0.0001,0.0002,0.0075
6A,105,500,305,rubl,0.0056,0.0023,0.015,0.28,0.119,2.14,0.295,3.51,-0.086,-1.00,0.085,0.110,0.0000,0.7802,0.0325,0.0005,0.3171
6B,108,26,500,rubl,0.0039,3e-4,0.083,1.92,0.579,6.76,-0.089,-1.08,0.232,1.62,0.141,0.138,0.0000,0.0556,0.0000,0.2825,0.1061
9,136,31,49,rubl,0.0138,0.0063,-0.393,-1.54,0.437,1.50,-0.435,-1.54,1.509,2.20,0.361,0.125,0.0000,0.1274,0.1375,0.1280,0.0307
11,165,151,223,rubl,0.0179,0.0047,0.397,8.85,0.253,3.67,0.271,4.51,-0.238,-4.54,0.824,0.037,0.0000,0.0000,0.0003,0.0000,0.0000
11,166,21,160,rubl,0.0127,0.0048,0.962,36.25,-0.356,-5.27,-0.242,-3.83,0.347,3.80,0.924,0.034,0.0000,0.0000,0.0000,0.0002,0.0002
11,168,500,18,rubl,0.0203,0.0034,0.702,7.17,-0.998,-7.17,-0.321,-2.89,0.626,5.24,0.145,0.086,0.0000,0.0000,0.0000,0.0040,0.0000
11,170,500,433,rubl,0.0184,0.0048,-0.109,-1.88,0.033,0.34,-0.127,-1.82,0.414,5.89,0.106,0.115,0.0000,0.0604,0.7322,0.0689,0.0000
11,171,130,320,rubl,0.0171,0.0045,0.343,2.97,-0.319,-2.33,0.605,5.85,0.022,0.15,0.396,0.099,0.0000,0.0031,0.0205,0.0000,0.8798
12,172,500,26,rubl,0.0221,0.0039,-0.305,-4.02,0.549,7.09,0.208,2.79,1.067,9.85,0.499,0.075,0.0000,0.0001,0.0000,0.0054,0.0000
12,175,500,81,rubl,0.015,0.0067,-0.116,-1.67,0.379,5.29,0.289,3.63,-0.233,-2.18,0.141,0.086,0.0000,0.0963,0.0000,0.0003,0.0297
12,176,100,153,rubl,0.0186,0.007,-0.183,-2.60,-0.266,-1.63,0.024,0.24,0.641,2.74,0.072,0.098,0.0002,0.0099,0.1042,0.8078,0.0065
12,177,37,61,rubl,0.0052,0.0024,0.128,1.34,0.410,1.81,0.835,7.56,-0.637,-2.68,0.680,0.080,0.0000,0.1823,0.0734,0.0000,0.0087
12,178,166,352,rubl,0.0139,0.0085,-0.310,-4.47,0.612,5.56,-0.060,-0.92,0.111,1.00,0.123,0.113,0.0000,0.0000,0.0000,0.3597,0.3194
12,179,500,127,rubl,0.0043,0.0011,0.318,4.97,0.658,9.62,-0.222,-2.94,-0.109,-1.39,0.438,0.074,0.0000,0.0000,0.0000,0.0034,0.1647
12,180,500,420,rubl,0.0042,5e-4,-0.093,-1.98,-0.065,-0.92,-0.030,-0.45,0.542,4.73,0.033,0.135,0.0000,0.0483,0.3587,0.6547,0.0000
12,181,67,500,rubl,0.0091,0.0058,-0.737,-7.74,-0.044,-0.57,0.102,1.35,2.216,11.57,0.427,0.112,0.0000,0.0000,0.5671,0.1789,0.0000
12,183,31,23,rubl,0.0043,5e-4,-0.040,-0.32,-0.271,-2.36,0.147,0.89,0.545,2.24,0.341,0.047,0.0001,0.7504,0.0224,0.3757,0.0297
14,199,12,500,rubl,0.004,3e-4,0.518,21.85,0.202,3.17,0.285,4.06,-0.318,-4.33,0.656,0.074,0.0000,0.0000,0.0016,0.0001,0.0000
14,200,330,33,rubl,0.0039,3e-4,-0.187,-2.94,-0.141,-1.46,0.549,4.67,-0.060,-0.46,0.065,0.057,0.0000,0.0035,0.1450,0.0000,0.6480
14,207,309,105,rubl,0.0041,2e-4,0.048,0.50,0.480,3.98,-0.472,-4.84,-0.136,-1.04,0.078,0.093,0.0000,0.6193,0.0001,0.0000,0.3005
15,215,265,500,rubl,0.0375,0.0137,0.039,1.07,0.113,1.76,-0.131,-3.00,0.155,2.16,0.025,0.131,0.0001,0.2868,0.0785,0.0027,0.0311
15,216,500,500,rubl,0.0445,0.0262,0.113,3.47,0.616,13.30,0.204,3.16,-0.084,-0.95,0.483,0.116,0.0000,0.0006,0.0000,0.0016,0.3423
15,217,500,234,rubl,0.0086,0.0085,-0.046,-1.02,0.535,7.24,0.430,5.90,0.265,2.54,0.470,0.114,0.0000,0.3074,0.0000,0.0000,0.0111
4,51,49,192,swth,0.1633,0.0499,0.439,6.79,-0.078,-0.68,-0.383,-3.50,0.952,9.85,0.973,0.023,0.0000,0.0000,0.4951,0.0006,0.0000
4,55,21,145,swth,0.1993,0.0384,0.279,3.78,0.574,3.93,-0.710,-4.62,1.045,5.24,0.504,0.129,0.0000,0.0002,0.0001,0.0000,0.0000
4,59,500,152,swth,0.237,0.0492,0.685,28.21,-0.089,-2.43,-0.044,-1.45,-0.077,-1.90,0.713,0.044,0.0000,0.0000,0.0153,0.1479,0.0579
4,60,470,93,swth,0.2849,0.0322,0.063,0.84,-0.052,-1.19,0.413,6.45,0.469,7.84,0.429,0.065,0.0000,0.4033,0.2358,0.0000,0.0000
4,62,41,80,swth,0.2298,0.0474,-0.651,-11.98,0.178,2.74,0.244,1.83,1.452,16.57,0.875,0.035,0.0000,0.0000,0.0070,0.0699,0.0000
5,68,233,208,swth,0.1245,0.0798,0.773,21.02,-0.197,-2.75,0.077,2.18,0.249,3.44,0.866,0.074,0.0000,0.0000,0.0063,0.0298,0.0006
5,69,500,500,swth,0.2503,0.048,0.401,20.66,0.543,15.46,0.208,4.16,0.546,8.15,0.905,0.063,0.0000,0.0000,0.0000,0.0000,0.0000
5,70,500,129,swth,0.0821,0.0257,0.380,7.58,-0.546,-5.76,0.057,0.62,0.794,10.07,0.440,0.098,0.0000,0.0000,0.0000,0.5375,0.0000
5,71,500,167,swth,0.1462,0.0326,0.449,10.73,0.276,4.18,-0.023,-0.29,-0.134,-1.38,0.438,0.091,0.0000,0.0000,0.0000,0.7708,0.1688
5,72,500,210,swth,0.1459,0.0428,-0.116,-2.99,1.355,18.52,0.257,3.79,0.743,6.45,0.915,0.068,0.0000,0.0029,0.0000,0.0002,0.0000
5,74,500,173,swth,0.1013,0.0255,0.502,10.14,0.992,11.65,-0.585,-9.52,0.120,1.26,0.572,0.100,0.0000,0.0000,0.0000,0.0000,0.2078
5,77,500,398,swth,0.1314,0.0531,0.675,25.06,0.426,7.48,-0.079,-1.53,-0.150,-2.89,0.757,0.080,0.0000,0.0000,0.0000,0.1273,0.0040
5,78,500,365,swth,0.1829,0.0502,0.187,4.40,1.147,17.30,-0.100,-1.46,-0.411,-8.39,0.446,0.107,0.0000,0.0000,0.0000,0.1437,0.0000
5,80,69,419,swth,0.2454,0.04,-0.044,-0.70,0.664,7.25,-0.090,-1.06,-0.294,-2.40,0.146,0.144,0.0000,0.4869,0.0000,0.2882,0.0170
6A,87,121,36,swth,0.2377,0.0475,1.261,20.35,0.212,2.45,-0.833,-6.54,-0.192,-1.32,0.911,0.044,0.0000,0.0000,0.0156,0.0000,0.1883
6A,88,500,29,swth,0.2036,0.0475,0.164,2.16,-0.190,-2.31,-0.383,-3.69,0.884,7.19,0.111,0.089,0.0000,0.0314,0.0214,0.0002,0.0000
6A,89,500,28,swth,0.1872,0.039,0.019,0.40,0.630,14.39,0.190,3.00,1.030,13.87,0.737,0.055,0.0000,0.6875,0.0000,0.0028,0.0000
6A,90,500,101,swth,0.1932,0.0549,0.574,16.00,0.507,6.59,0.366,6.66,-0.523,-5.19,0.716,0.063,0.0000,0.0000,0.0000,0.0000,0.0000
6A,94,251,500,swth,0.2311,0.0253,0.062,1.34,-0.181,-2.61,-0.252,-5.92,0.538,4.52,0.062,0.087,0.0000,0.1817,0.0092,0.0000,0.0000
6A,95,500,109,swth,0.2399,0.0438,0.153,3.18,0.073,1.16,-0.220,-3.35,0.695,7.24,0.408,0.073,0.0000,0.0015,0.2469,0.0009,0.0000
6A,100,500,500,swth,0.1984,0.0191,-0.289,-6.89,0.940,14.17,0.660,16.51,-0.258,-2.42,0.634,0.089,0.0000,0.0000,0.0000,0.0000,0.0157
6A,103,500,78,swth,0.2568,0.0383,0.607,17.46,0.189,3.04,-0.041,-0.63,0.228,2.90,0.698,0.068,0.0000,0.0000,0.0025,0.5272,0.0039
6A,104,26,13,swth,0.1742,0.018,-0.580,-2.10,1.419,3.94,1.723,3.38,0.370,0.39,0.867,0.086,0.0000,0.0428,0.0004,0.0018,0.7015
6A,105,500,305,swth,0.2572,0.0343,-0.097,-1.69,0.522,8.76,0.137,1.51,0.185,2.06,0.400,0.115,0.0000,0.0913,0.0000,0.1308,0.0395
6B,108,26,500,swth,0.203,0.0361,0.941,50.27,0.023,0.63,0.067,1.83,-0.277,-4.35,0.863,0.061,0.0000,0.0000,0.5322,0.0673,0.0000
9,136,31,49,swth,0.2655,0.0289,-0.046,-0.24,0.182,0.84,-0.158,-0.75,0.683,1.33,0.312,0.094,0.0000,0.8116,0.4064,0.4575,0.1874
11,165,151,223,swth,0.1106,0.0318,0.885,11.07,-0.314,-2.56,-0.712,-6.66,1.219,13.05,0.698,0.066,0.0000,0.0000,0.0110,0.0000,0.0000
11,166,21,160,swth,0.1482,0.026,-0.104,-1.93,-0.422,-3.09,0.164,1.29,0.739,4.01,0.072,0.069,0.0018,0.0551,0.0024,0.1996,0.0001
11,168,500,18,swth,0.1422,0.0547,-0.275,-4.33,0.225,2.71,0.335,4.76,0.550,7.25,0.268,0.055,0.0000,0.0000,0.0070,0.0000,0.0000
11,170,500,433,swth,0.0935,0.0439,0.326,10.00,0.330,6.07,-0.025,-0.63,0.426,10.61,0.865,0.065,0.0000,0.0000,0.0000,0.5265,0.0000
11,171,130,320,swth,0.1184,0.0596,0.932,7.96,-0.697,-5.01,-0.268,-2.55,1.072,7.12,0.673,0.100,0.0000,0.0000,0.0000,0.0111,0.0000
12,172,500,26,swth,0.2443,0.0479,-0.147,-2.60,0.079,1.32,0.114,1.95,0.543,6.29,0.153,0.060,0.0000,0.0097,0.1867,0.0517,0.0000
12,175,500,81,swth,0.289,0.03,0.472,10.01,-0.362,-7.04,0.045,0.76,0.188,2.44,0.185,0.059,0.0000,0.0000,0.0000,0.4492,0.0151
12,176,100,153,swth,0.2426,0.0574,0.877,15.07,-0.291,-2.16,0.210,2.58,0.354,1.83,0.827,0.081,0.0000,0.0000,0.0320,0.0105,0.0687
12,177,37,61,swth,0.3145,0.0368,0.186,2.14,0.543,2.63,0.235,2.33,-0.010,-0.04,0.767,0.073,0.0000,0.0349,0.0099,0.0217,0.9650
12,178,166,352,swth,0.2633,0.0844,-0.009,-0.15,-0.025,-0.25,-0.070,-1.18,0.693,6.88,0.241,0.102,0.0000,0.8829,0.8003,0.2403,0.0000
12,179,500,127,swth,0.2626,0.0624,0.622,11.26,0.192,3.16,0.074,1.08,-0.133,-1.96,0.532,0.067,0.0000,0.0000,0.0016,0.2821,0.0510
12,180,500,420,swth,0.2567,0.0571,0.592,15.37,-0.198,-3.48,0.107,1.94,-0.096,-1.04,0.360,0.110,0.0000,0.0000,0.0005,0.0525,0.2973
12,181,67,500,swth,0.3551,0.08,0.732,12.03,-0.416,-8.19,-0.044,-0.87,1.336,10.57,0.713,0.073,0.0000,0.0000,0.0000,0.3872,0.0000
12,183,31,23,swth,0.207,0.033,0.752,6.74,0.135,1.32,-0.177,-1.20,0.308,1.42,0.930,0.042,0.0000,0.0000,0.1939,0.2363,0.1629
14,199,12,500,swth,0.2731,0.0546,-0.001,-0.04,0.783,10.18,0.338,4.60,0.336,3.73,0.573,0.087,0.0000,0.9711,0.0000,0.0000,0.0002
14,200,330,33,swth,0.2674,0.0438,-1.080,-11.64,0.074,0.53,0.129,0.74,1.152,6.30,0.322,0.084,0.0000,0.0000,0.5976,0.4568,0.0000
14,207,309,105,swth,0.2069,0.0313,0.767,6.39,-0.670,-4.46,-0.095,-0.78,0.123,0.75,0.096,0.115,0.0000,0.0000,0.0000,0.4348,0.4521
15,215,265,500,swth,0.1282,0.0167,0.624,18.91,-0.030,-0.51,0.145,3.51,0.044,0.67,0.593,0.118,0.0000,0.0000,0.6093,0.0005,0.5053
15,216,500,500,swth,0.1539,0.0361,0.301,9.87,-0.211,-5.17,-0.069,-1.26,0.296,3.71,0.154,0.103,0.0000,0.0000,0.0000,0.2085,0.0002
15,217,500,234,swth,0.2317,0.0218,0.211,5.47,0.133,2.06,0.010,0.16,-0.086,-1.00,0.136,0.099,0.0000,0.0000,0.0398,0.8705,0.3200
4,51,49,192,wwcr,0.0939,0.015,0.649,3.71,0.597,1.92,-0.819,-2.76,-0.293,-1.12,0.697,0.063,0.0000,0.0003,0.0559,0.0062,0.2637
4,52,357,141,wwcr,0.0839,0.0121,-0.024,-0.61,0.160,2.95,0.262,4.60,0.814,12.17,0.635,0.060,0.0000,0.5430,0.0033,0.0000,0.0000
4,53,76,500,wwcr,0.0763,0.0103,1.235,19.49,2.113,17.72,-0.605,-5.70,-2.649,-18.73,0.731,0.077,0.0000,0.0000,0.0000,0.0000,0.0000
4,55,21,145,wwcr,0.0874,0.0247,0.575,8.05,0.408,2.88,-0.362,-2.43,0.097,0.50,0.445,0.125,0.0000,0.0000,0.0045,0.0160,0.6151
4,59,500,152,wwcr,0.0734,0.0144,0.197,4.83,-0.090,-1.45,0.069,1.37,0.082,1.25,0.129,0.073,0.0000,0.0000,0.1472,0.1721,0.2133
4,60,470,93,wwcr,0.0806,0.0234,-0.258,-3.85,0.089,2.29,0.484,8.56,-0.135,-2.56,0.176,0.057,0.0000,0.0001,0.0222,0.0000,0.0107
4,62,41,80,wwcr,0.1573,0.0413,-0.137,-1.82,0.785,8.78,0.187,1.02,-0.665,-5.51,0.581,0.048,0.0000,0.0707,0.0000,0.3122,0.0000
5,68,233,208,wwcr,0.0661,0.0117,0.342,4.86,-0.537,-3.91,-0.182,-2.67,0.220,1.59,0.134,0.142,0.0000,0.0000,0.0001,0.0078,0.1123
5,69,500,500,wwcr,0.0904,0.0331,0.032,1.50,0.739,18.03,-0.140,-2.49,-0.041,-0.54,0.744,0.072,0.0000,0.1340,0.0000,0.0131,0.5861
5,70,500,129,wwcr,0.0659,0.0185,0.500,13.16,0.140,1.98,-0.123,-1.78,0.070,1.19,0.562,0.074,0.0000,0.0000,0.0487,0.0750,0.2362
5,71,500,167,wwcr,0.0904,0.0248,0.808,25.14,0.242,4.89,-0.159,-2.62,-0.193,-2.59,0.735,0.070,0.0000,0.0000,0.0000,0.0089,0.0098
5,72,500,210,wwcr,0.1584,0.041,0.741,31.49,-0.067,-1.51,-0.656,-15.17,0.653,9.66,0.819,0.041,0.0000,0.0000,0.1328,0.0000,0.0000
5,74,500,173,wwcr,0.1871,0.0488,0.733,23.54,0.467,8.76,-0.259,-6.54,0.125,2.08,0.822,0.062,0.0000,0.0000,0.0000,0.0000,0.0379
5,77,500,398,wwcr,0.127,0.0304,-0.143,-3.91,-0.127,-1.67,0.388,5.47,0.422,5.99,0.170,0.110,0.0000,0.0001,0.0951,0.0000,0.0000
5,78,500,365,wwcr,0.1962,0.0518,0.496,11.96,-0.363,-5.68,-0.153,-2.38,0.601,12.66,0.402,0.103,0.0000,0.0000,0.0000,0.0175,0.0000
5,80,69,419,wwcr,0.1639,0.0425,-0.161,-2.61,0.042,0.47,0.037,0.44,0.772,6.46,0.137,0.141,0.0000,0.0093,0.6352,0.6577,0.0000
6A,87,121,36,wwcr,0.1645,0.0478,0.052,0.64,1.424,12.62,-0.252,-1.52,-0.192,-1.01,0.766,0.057,0.0000,0.5209,0.0000,0.1305,0.3121
6A,88,500,29,wwcr,0.1627,0.0613,0.129,1.98,0.396,5.44,0.017,0.19,-0.318,-2.93,0.145,0.079,0.0000,0.0484,0.0000,0.8476,0.0036
6A,89,500,28,wwcr,0.1918,0.0638,0.448,8.68,0.068,1.40,-0.079,-1.16,0.304,3.75,0.344,0.060,0.0000,0.0000,0.1631,0.2472,0.0002
6A,90,500,101,wwcr,0.0922,0.0529,0.923,24.76,0.468,5.85,0.331,5.58,-0.898,-8.80,0.778,0.067,0.0000,0.0000,0.0000,0.0000,0.0000
6A,94,251,500,wwcr,0.1051,0.0384,0.408,9.91,0.885,14.93,-0.778,-20.41,0.004,0.04,0.757,0.077,0.0000,0.0000,0.0000,0.0000,0.9720
6A,95,500,109,wwcr,0.2212,0.0623,0.400,8.02,0.508,7.76,0.041,0.60,-0.257,-2.53,0.555,0.074,0.0000,0.0000,0.0000,0.5478,0.0117
6A,100,500,500,wwcr,0.2265,0.0802,0.288,12.34,0.060,1.58,-0.355,-15.91,0.564,9.25,0.494,0.049,0.0000,0.0000,0.1140,0.0000,0.0000
6A,103,500,78,wwcr,0.1351,0.0465,0.413,8.97,0.011,0.15,0.219,2.63,0.270,2.72,0.461,0.089,0.0000,0.0000,0.8846,0.0087,0.0067
6A,104,26,13,wwcr,0.0784,0.0091,-0.605,-2.13,1.499,4.04,1.792,3.40,1.125,1.14,0.908,0.088,0.0000,0.0408,0.0003,0.0017,0.2624
6A,105,500,305,wwcr,0.1384,0.0436,0.112,1.91,-0.184,-3.02,0.440,4.84,0.365,3.93,0.152,0.119,0.0000,0.0560,0.0026,0.0000,0.0001
6B,108,26,500,wwcr,0.0709,0.0076,0.422,11.69,0.263,3.66,0.127,1.89,0.493,4.23,0.420,0.116,0.0000,0.0000,0.0003,0.0587,0.0000
9,136,31,49,wwcr,0.1208,0.0274,0.175,1.16,-0.022,-0.13,-0.252,-1.50,0.790,1.94,0.529,0.074,0.0000,0.2516,0.8978,0.1376,0.0562
11,165,151,223,wwcr,0.0888,0.0148,-0.081,-1.59,0.158,2.02,-0.109,-1.60,0.251,4.22,0.261,0.042,0.0000,0.1121,0.0444,0.1102,0.0000
11,166,21,160,wwcr,0.0846,0.0105,0.579,10.46,-0.934,-6.63,-0.240,-1.82,0.784,4.13,0.514,0.071,0.0000,0.0000,0.0000,0.0697,0.0001
11,168,500,18,wwcr,0.1041,0.0206,0.007,0.11,-0.067,-0.70,0.530,6.64,0.283,3.13,0.262,0.062,0.0000,0.9152,0.4815,0.0000,0.0019
11,170,500,433,wwcr,0.0804,0.0243,-0.121,-2.29,0.122,1.38,-0.259,-4.02,0.823,12.80,0.465,0.104,0.0000,0.0222,0.1669,0.0001,0.0000
11,171,130,320,wwcr,0.0951,0.0351,0.294,2.43,0.005,0.04,0.050,0.46,0.682,4.39,0.602,0.103,0.0000,0.0154,0.9720,0.6474,0.0000
12,172,500,26,wwcr,0.1163,0.0395,0.312,5.25,0.152,2.29,0.402,6.65,-0.179,-2.02,0.388,0.062,0.0000,0.0000,0.0223,0.0000,0.0444
12,175,500,81,wwcr,0.1282,0.0287,0.112,2.18,0.484,9.38,0.215,3.47,-0.002,-0.03,0.539,0.063,0.0000,0.0297,0.0000,0.0006,0.9798
12,176,100,153,wwcr,0.1236,0.0266,-0.498,-9.20,0.589,4.69,0.394,5.21,0.359,2.00,0.573,0.075,0.0000,0.0000,0.0000,0.0000,0.0470
12,177,37,61,wwcr,0.0949,0.0151,-0.029,-0.27,0.342,1.35,0.649,5.25,-0.200,-0.75,0.523,0.089,0.0000,0.7868,0.1810,0.0000,0.4551
12,178,166,352,wwcr,0.1089,0.014,0.140,2.40,0.134,1.44,0.196,3.56,-0.102,-1.08,0.192,0.095,0.0000,0.0168,0.1504,0.0004,0.2797
12,179,500,127,wwcr,0.0794,0.0289,0.104,1.32,0.347,4.33,-0.108,-1.23,0.209,2.19,0.221,0.091,0.0000,0.1862,0.0000,0.2197,0.0286
12,180,500,420,wwcr,0.0829,0.0159,-0.196,-4.13,-0.206,-2.90,0.068,1.00,0.587,5.08,0.030,0.136,0.0000,0.0000,0.0038,0.3176,0.0000
12,181,67,500,wwcr,0.1253,0.0187,0.642,7.54,0.364,5.31,-0.180,-2.64,-1.444,-8.37,0.119,0.097,0.0000,0.0000,0.0000,0.0086,0.0000
12,183,31,23,wwcr,0.0896,0.0164,-1.048,-5.00,0.837,4.35,-0.572,-2.07,1.253,3.07,0.458,0.079,0.0000,0.0000,0.0001,0.0437,0.0035
14,199,12,500,wwcr,0.0611,0.0132,0.368,8.44,0.722,6.15,0.699,5.31,-0.508,-3.76,0.443,0.133,0.0000,0.0000,0.0000,0.0000,0.0002
14,200,330,33,wwcr,0.0677,0.0101,-0.170,-2.22,-0.111,-0.94,0.251,1.76,0.563,3.64,0.090,0.069,0.0000,0.0274,0.3501,0.0799,0.0003
14,207,309,105,wwcr,0.0833,0.0119,0.009,0.10,0.024,0.21,-0.029,-0.31,0.186,1.50,0.025,0.088,0.0067,0.9177,0.8333,0.7541,0.1356
15,215,265,500,wwcr,0.1296,0.0308,0.068,2.12,0.136,2.40,0.019,0.47,0.641,8.78,0.391,0.117,0.0000,0.0339,0.0166,0.6419,0.0000
15,216,500,500,wwcr,0.1794,0.0609,0.035,1.19,0.770,18.08,-0.219,-3.76,0.205,2.49,0.522,0.105,0.0000,0.2350,0.0000,0.0002,0.0130
15,217,500,234,wwcr,0.1367,0.0402,0.235,5.02,0.296,3.86,0.664,8.70,-0.663,-6.31,0.307,0.119,0.0000,0.0000,0.0001,0.0000,0.0000
