ecoregion,species,cmi_tstat,gpp_tstat,led_tstat,lcc_tstat,cmi,gpp,led,lcc
51,caribou,3.08,0.28,0.59,4.55,0,0,0,1
52,caribou,0.43,3.63,2.61,10.51,0,0,0,1
53,caribou,8.06,13.25,14.39,6.72,0,0,1,0
55,caribou,0.62,6.84,1.71,2.76,0,1,0,0
59,caribou,4.8,2.56,3.61,1.01,1,0,0,0
60,caribou,5.35,5.43,3.42,10.05,0,0,0,1
62,caribou,4.2,10.54,1.76,3.48,0,1,0,0
68,caribou,0.26,1.56,4.47,1.78,0,0,1,0
69,caribou,4.53,7.25,2.81,7.43,0,0,0,1
70,caribou,1,1.05,0.85,0.91,0,1,0,0
71,caribou,5.81,2.22,2.99,4.05,1,0,0,0
72,caribou,12.59,8.21,9.35,0.87,1,0,0,0
74,caribou,2.99,3.58,2.27,1.68,0,1,0,0
77,caribou,5.92,6.66,1.4,0.1,0,1,0,0
78,caribou,6.56,0.14,2.35,6.87,0,0,0,1
80,caribou,1.76,8.88,3.38,5.52,0,1,0,0
87,caribou,4.66,5.42,3.09,8.91,0,0,0,1
88,caribou,5.02,8.76,3.67,1.1,0,1,0,0
89,caribou,0.05,0.17,7.35,7.15,0,0,1,0
90,caribou,10.55,1.34,3.52,1.02,1,0,0,0
94,caribou,0.67,33.68,7.02,2.49,0,1,0,0
95,caribou,2.21,1.42,0.57,13,0,0,0,1
100,caribou,11.55,29.6,15.48,3.64,0,1,0,0
103,caribou,0.91,4.05,1.48,1.04,0,1,0,0
104,caribou,2.41,6.86,2.68,0.84,0,1,0,0
105,caribou,7.5,6.73,0.23,0.49,1,0,0,0
136,caribou,6.47,0.23,0.21,0.57,1,0,0,0
215,caribou,5.86,0.35,2.36,0.61,1,0,0,0
216,caribou,5.11,11.39,2.05,4.58,0,1,0,0
217,caribou,2,6.14,1.1,1.88,0,1,0,0
51,allbirds,3.87,0.45,8.25,6.36,0,0,1,0
52,allbirds,0.11,2.19,0.91,9.86,0,0,0,1
53,allbirds,24.75,1.63,0.14,15.14,1,0,0,0
55,allbirds,1.51,0.55,0.47,2.86,0,0,0,1
59,allbirds,21.22,7.44,0.25,1.91,1,0,0,0
60,allbirds,2.11,17.46,6.28,6.37,0,1,0,0
62,allbirds,1.59,1.93,1,3.62,0,0,0,1
68,allbirds,22.82,1.09,5.72,6.23,1,0,0,0
69,allbirds,2.15,13.26,8.09,14.03,0,0,0,1
70,allbirds,2.49,6.51,0.5,16.5,0,0,0,1
71,allbirds,5.82,17.66,1.12,3.05,0,1,0,0
72,allbirds,3.09,0.88,1.66,4.92,0,0,0,1
74,allbirds,0.53,3.7,0.86,2.45,0,1,0,0
77,allbirds,6.23,2.48,1.94,12.23,0,0,0,1
78,allbirds,1.33,7.04,2.49,5.69,0,1,0,0
80,allbirds,4.45,9.46,0.41,1.3,0,1,0,0
87,allbirds,2.5,5.53,0.81,3.29,0,1,0,0
88,allbirds,4.75,3.61,2.67,2.3,1,0,0,0
89,allbirds,2.14,11.88,3.67,2.55,0,1,0,0
90,allbirds,7.14,4.85,9.45,3.62,0,0,1,0
94,allbirds,7.77,11.49,17.64,7.18,0,0,1,0
95,allbirds,3.67,0.73,2.62,4.51,0,0,0,1
100,allbirds,10.97,21.47,0.9,4.58,0,1,0,0
103,allbirds,5.83,1.65,0.03,1.78,1,0,0,0
104,allbirds,2.84,4.18,4.74,0.46,0,0,1,0
105,allbirds,0.93,10.64,0.85,3.21,0,1,0,0
108,allbirds,10.39,2.16,1.03,0.05,1,0,0,0
136,allbirds,2.72,2,0.48,2.72,1,0,0,0
165,allbirds,4.76,0.66,2.43,8.45,0,0,0,1
166,allbirds,2.33,7.35,0.43,5.3,0,1,0,0
168,allbirds,1.14,2.19,2.7,0.73,0,0,1,0
170,allbirds,1.63,2.12,3.79,2.96,0,0,1,0
171,allbirds,3.81,5.07,3.12,0.04,0,1,0,0
172,allbirds,2.33,2.25,2.67,6.77,0,0,0,1
175,allbirds,5,13.83,1.32,3.85,0,1,0,0
176,allbirds,4.77,3.88,0.13,0.99,1,0,0,0
177,allbirds,3.69,0.06,3.62,2.21,1,0,0,0
178,allbirds,1.48,0.83,3.43,1.17,0,0,1,0
179,allbirds,3.99,0.03,0.67,2.03,1,0,0,0
180,allbirds,8.64,2.67,3.51,1.11,1,0,0,0
181,allbirds,6.32,11.88,0.89,0.9,0,1,0,0
183,allbirds,3.9,1.04,0.5,1.38,1,0,0,0
199,allbirds,4.54,12.55,2.82,2.78,0,1,0,0
200,allbirds,0.52,1.67,1.2,0.48,0,1,0,0
207,allbirds,4.85,2.05,0.33,5.69,0,0,0,1
215,allbirds,0.27,0.46,3.74,5.84,0,0,0,1
216,allbirds,9.73,9.65,4.14,0.76,1,0,0,0
217,allbirds,2.76,12.99,1.02,1.77,0,1,0,0
51,forestbirds,1.98,2.58,5.21,2.9,0,0,1,0
52,forestbirds,0.91,1.74,1.04,13.59,0,0,0,1
53,forestbirds,2.03,16.38,5.13,6.08,0,1,0,0
55,forestbirds,2.11,2.49,2.73,2.01,0,0,1,0
59,forestbirds,12.24,3.63,3.5,0.5,1,0,0,0
60,forestbirds,7.21,22.88,0.8,8.63,0,1,0,0
62,forestbirds,2.53,4.87,0.26,5.28,0,0,0,1
68,forestbirds,14.96,1.74,2.56,5.27,1,0,0,0
69,forestbirds,2.11,16.32,8.25,10.56,0,1,0,0
70,forestbirds,5.33,6.08,1.84,10.32,0,0,0,1
71,forestbirds,5.66,16.46,0.09,4.67,0,1,0,0
72,forestbirds,8.7,8.07,1.8,8.95,0,0,0,1
74,forestbirds,2.28,11.73,4.72,2.32,0,1,0,0
77,forestbirds,3.16,6.85,0.09,12.03,0,0,0,1
78,forestbirds,1.03,8.7,3.14,4.31,0,1,0,0
80,forestbirds,4.05,10.44,0.44,2.46,0,1,0,0
87,forestbirds,3.39,6.78,0.44,4.73,0,1,0,0
88,forestbirds,4.28,4.68,3,2.82,0,1,0,0
89,forestbirds,4.32,12.97,3.4,3.91,0,1,0,0
90,forestbirds,11.22,3.93,9.04,2.76,1,0,0,0
94,forestbirds,8.8,10.79,18.65,5.37,0,0,1,0
95,forestbirds,2.72,1.06,1.67,5.14,0,0,0,1
100,forestbirds,8.54,17.94,13.12,7.91,0,1,0,0
103,forestbirds,6.44,1.69,0.24,1.96,1,0,0,0
104,forestbirds,2.39,4,6.15,1.55,0,0,1,0
105,forestbirds,2.21,9.8,1.99,3.7,0,1,0,0
108,forestbirds,10.3,1.52,2.22,1.51,1,0,0,0
136,forestbirds,2.33,1.34,0.47,2.08,1,0,0,0
165,forestbirds,2.95,0.73,3.85,10.58,0,0,0,1
166,forestbirds,18.33,4.13,7.73,3,1,0,0,0
168,forestbirds,1.32,3.54,3.36,3.15,0,1,0,0
170,forestbirds,2.11,5.27,3.47,8.18,0,0,0,1
171,forestbirds,0.57,5.29,1.76,1.58,0,1,0,0
172,forestbirds,3.61,1.66,2.24,7.07,0,0,0,1
175,forestbirds,1.27,2.78,3.54,5.28,0,0,0,1
176,forestbirds,3.46,2.26,0.68,0.42,1,0,0,0
177,forestbirds,4.01,0.31,3.77,1.66,1,0,0,0
178,forestbirds,1.06,3.9,2.44,3.42,0,1,0,0
179,forestbirds,5.05,3.83,2.27,3.11,1,0,0,0
180,forestbirds,11.28,3.96,3.61,0.96,1,0,0,0
181,forestbirds,14.1,16.09,7.99,4.94,0,1,0,0
183,forestbirds,1.77,0.7,0.84,1.4,1,0,0,0
199,forestbirds,8.61,6.86,2.36,3.22,1,0,0,0
200,forestbirds,8.4,2.93,0.89,2.62,1,0,0,0
207,forestbirds,1.93,1.95,0.47,7.29,0,0,0,1
215,forestbirds,1.86,1.44,0.68,8.09,0,0,0,1
216,forestbirds,5.61,10.52,5.19,1.89,0,1,0,0
217,forestbirds,6.04,14.48,3.06,0.26,0,1,0,0
51,allwaterfowl,0.42,2.85,1.36,4.57,0,0,0,1
52,allwaterfowl,1.49,1.57,4.22,0.46,0,0,1,0
53,allwaterfowl,9.75,1.98,46.71,8.3,0,0,1,0
55,allwaterfowl,2.04,8.23,1.71,5.22,0,1,0,0
59,allwaterfowl,0.03,1.59,2.39,1.49,0,0,1,0
60,allwaterfowl,0.92,16.61,4.12,0.64,0,1,0,0
62,allwaterfowl,1.85,7.19,0.26,0.46,0,1,0,0
68,allwaterfowl,2.69,1.64,3.83,2.26,0,0,1,0
69,allwaterfowl,44.82,3.31,10.32,0.6,1,0,0,0
70,allwaterfowl,1.34,3.12,1.89,8.56,0,0,0,1
71,allwaterfowl,0.11,4.68,1.9,1.83,0,1,0,0
72,allwaterfowl,4.84,5.44,11.12,2.13,0,0,1,0
74,allwaterfowl,3.4,0.98,1.41,0.82,1,0,0,0
77,allwaterfowl,9.15,7.29,7.83,5.65,1,0,0,0
78,allwaterfowl,17.12,8.49,4.59,4.22,1,0,0,0
80,allwaterfowl,0.83,11.37,1.31,8.31,0,1,0,0
87,allwaterfowl,2.8,1.22,0.45,0.25,1,0,0,0
88,allwaterfowl,2.05,0.25,3.08,4.18,0,0,0,1
89,allwaterfowl,0.41,0.43,9.91,1.92,0,0,1,0
90,allwaterfowl,2.02,0.37,26.55,1.65,0,0,1,0
94,allwaterfowl,2.98,8.57,0.46,10.09,0,0,0,1
95,allwaterfowl,0.65,10.36,12.87,6.58,0,0,1,0
100,allwaterfowl,8.63,6.74,20.79,0.88,0,0,1,0
103,allwaterfowl,5.44,4.11,6.29,3.06,0,0,1,0
104,allwaterfowl,2.05,4.78,2.06,1.49,0,1,0,0
105,allwaterfowl,0.12,7.86,6.82,4.17,0,1,0,0
108,allwaterfowl,0.45,5,0.89,3.09,0,1,0,0
136,allwaterfowl,1.64,6.16,1.08,0.56,0,1,0,0
165,allwaterfowl,4.4,2.5,12.77,4.08,0,0,1,0
166,allwaterfowl,2.96,0.04,14.71,1.11,0,0,1,0
168,allwaterfowl,3.26,3.89,2.63,3.18,0,1,0,0
170,allwaterfowl,4.09,0.55,3.63,4.3,0,0,0,1
171,allwaterfowl,0.47,1.86,3.18,4.03,0,0,0,1
172,allwaterfowl,2.48,2.32,1.43,3.57,0,0,0,1
175,allwaterfowl,1.81,2.5,11.7,3.4,0,0,1,0
176,allwaterfowl,8.23,6.42,4.34,1.89,1,0,0,0
177,allwaterfowl,5.05,3.06,0.47,3.75,1,0,0,0
178,allwaterfowl,9.06,1.24,3.84,7.46,1,0,0,0
179,allwaterfowl,1.91,2.03,3.53,7.89,0,0,0,1
180,allwaterfowl,2.64,2.66,3.85,3.94,0,0,0,1
181,allwaterfowl,2.42,0.17,20.48,0.61,0,0,1,0
183,allwaterfowl,0.86,2.1,1.13,2.32,0,0,0,1
199,allwaterfowl,10.82,3.24,3.21,1.19,1,0,0,0
200,allwaterfowl,6.68,3.48,0.99,4.48,1,0,0,0
207,allwaterfowl,2.22,2.7,3.06,2.57,0,0,1,0
215,allwaterfowl,0.81,2.96,1.24,2.54,0,1,0,0
216,allwaterfowl,4.77,1.93,0.48,4.01,1,0,0,0
217,allwaterfowl,0.74,12.16,4.99,4.44,0,1,0,0
51,cavitynesters,7.43,7.56,2.3,6.89,0,1,0,0
52,cavitynesters,1.09,4.15,6.03,15.3,0,0,0,1
53,cavitynesters,2.47,2.8,12.2,4.63,0,0,1,0
55,cavitynesters,2.99,1,0.94,4.4,0,0,0,1
59,cavitynesters,4.72,5.72,2.41,1.81,0,1,0,0
60,cavitynesters,6.47,1.86,4.04,7.76,0,0,0,1
62,cavitynesters,3.68,2.44,2.43,1.65,1,0,0,0
68,cavitynesters,3.04,7.97,10.26,7.32,0,0,1,0
69,cavitynesters,10.36,9.82,0.08,17.09,0,0,0,1
70,cavitynesters,3.2,2.39,8.94,2.26,0,0,1,0
71,cavitynesters,5.73,4.23,1.68,0.97,1,0,0,0
72,cavitynesters,3.31,5.84,3.9,8.96,0,0,0,1
74,cavitynesters,3.89,0.08,0.65,6.55,0,0,0,1
77,cavitynesters,5.6,2.43,6.68,0.8,0,0,1,0
78,cavitynesters,3.58,11.01,5.38,30.1,0,0,0,1
80,cavitynesters,6.87,4.15,6.91,5.78,0,0,1,0
87,cavitynesters,2.65,0.06,0.54,2.68,0,0,0,1
88,cavitynesters,1.51,0.37,5.49,0.29,0,0,1,0
89,cavitynesters,2.67,3,19.77,4.45,0,0,1,0
90,cavitynesters,1.56,2.7,33,3.91,0,0,1,0
94,cavitynesters,3.94,3.87,9.04,9.36,0,0,0,1
95,cavitynesters,0.04,5.06,6.05,8.41,0,0,0,1
100,cavitynesters,12.3,4.08,15.16,0.89,0,0,1,0
103,cavitynesters,0.91,3.8,4.53,0.23,0,0,1,0
104,cavitynesters,1.23,0.16,4.35,0.31,0,0,1,0
105,cavitynesters,5.29,5.87,1.65,4.41,0,1,0,0
108,cavitynesters,1.94,4.8,0.96,3.5,0,1,0,0
136,cavitynesters,2.6,1.72,0.25,0.54,1,0,0,0
165,cavitynesters,5.55,2.67,6.64,10.51,0,0,0,1
166,cavitynesters,8.58,2.85,10.62,1.97,0,0,1,0
168,cavitynesters,5.57,0.86,8.96,4.29,0,0,1,0
170,cavitynesters,4.54,0.17,2.27,9.26,0,0,0,1
171,cavitynesters,3.22,13.74,3.01,17.26,0,0,0,1
172,cavitynesters,1.31,3.24,7.71,1.16,0,0,1,0
175,cavitynesters,0.41,0.08,10.23,0.62,0,0,1,0
176,cavitynesters,8.07,4.16,4.8,3.36,1,0,0,0
177,cavitynesters,2.04,1.49,7.85,0.41,0,0,1,0
178,cavitynesters,4.34,6.29,6.26,0.54,0,1,0,0
179,cavitynesters,1.22,4.9,3.68,7.96,0,0,0,1
180,cavitynesters,5.23,4.33,5.19,3.92,1,0,0,0
181,cavitynesters,6.34,7.69,23.28,6.82,0,0,1,0
183,cavitynesters,4.31,1.45,1.62,1.64,1,0,0,0
199,cavitynesters,1.51,1.71,0.28,0.89,0,1,0,0
200,cavitynesters,2.29,3.59,0.2,5.59,0,0,0,1
207,cavitynesters,2.35,3.18,0.28,3.27,0,0,0,1
215,cavitynesters,0.24,5.09,0.04,1.1,0,1,0,0
216,cavitynesters,2.39,2.8,15.54,0.64,0,0,1,0
217,cavitynesters,3.44,2.31,6.23,0.54,0,0,1,0
51,groundnesters,1.67,0.98,1.43,4.37,0,0,0,1
52,groundnesters,2.49,2.56,5.76,1.24,0,0,1,0
53,groundnesters,12.5,2.46,38.83,3.65,0,0,1,0
55,groundnesters,1.39,9.56,1.21,5.41,0,1,0,0
59,groundnesters,0.41,1.81,3.51,2.01,0,0,1,0
60,groundnesters,3.08,10.56,3.89,1.88,0,1,0,0
62,groundnesters,4.31,1.46,1.21,2.34,1,0,0,0
68,groundnesters,0.01,2.81,5.1,0,0,0,1,0
69,groundnesters,26.76,4.66,3.21,6.73,1,0,0,0
70,groundnesters,0.84,3.72,1.72,9.64,0,0,0,1
71,groundnesters,1.69,5.03,0.63,0.35,0,1,0,0
72,groundnesters,1.53,22.41,8.05,8.96,0,1,0,0
74,groundnesters,9.37,12.61,5.29,4.9,0,1,0,0
77,groundnesters,8.78,5.82,4.71,3.41,1,0,0,0
78,groundnesters,14.34,2.29,1.57,1.69,1,0,0,0
80,groundnesters,3.32,10.44,1.51,6.53,0,1,0,0
87,groundnesters,0.92,6.27,2.57,0.39,0,1,0,0
88,groundnesters,0.41,1.78,3.37,7.24,0,0,0,1
89,groundnesters,3.24,7.64,1.13,2.59,0,1,0,0
90,groundnesters,12.48,0.2,2.81,1.53,1,0,0,0
94,groundnesters,6.43,5.24,0.45,5.56,1,0,0,0
95,groundnesters,3.17,19.25,5.52,1.96,0,1,0,0
100,groundnesters,3.76,5.4,17.27,7.77,0,0,1,0
103,groundnesters,2.16,6.61,1.53,0.76,0,1,0,0
104,groundnesters,2.58,5.36,1.93,2.18,0,1,0,0
105,groundnesters,1.5,10.46,5.7,5.2,0,1,0,0
108,groundnesters,3.96,6.43,2.37,3.6,0,1,0,0
136,groundnesters,1.4,4.59,1.22,0.93,0,1,0,0
165,groundnesters,2.52,0.98,10.47,7.99,0,0,1,0
166,groundnesters,0.8,0.54,11.83,1,0,0,1,0
168,groundnesters,2,1.71,5.37,1.68,0,0,1,0
170,groundnesters,4.88,1.95,6.18,2.44,0,0,1,0
171,groundnesters,0.49,3.1,1.61,2.49,0,1,0,0
172,groundnesters,4.84,2.83,7.73,0.92,0,0,1,0
175,groundnesters,6.74,0.54,6.79,2.83,0,0,1,0
176,groundnesters,11.39,2.01,6.55,0.83,1,0,0,0
177,groundnesters,4.37,2.29,2,2.57,1,0,0,0
178,groundnesters,4.82,0.92,1.72,5.26,0,0,0,1
179,groundnesters,0.5,0.96,3.26,10.8,0,0,0,1
180,groundnesters,1.62,0,1.39,2.78,0,0,0,1
181,groundnesters,0.56,9.67,13.37,6.29,0,0,1,0
183,groundnesters,0.92,1.42,3.37,2.34,0,0,1,0
199,groundnesters,9.93,4.88,3.73,0.96,1,0,0,0
200,groundnesters,9.9,4.1,0.22,7.68,1,0,0,0
207,groundnesters,2.32,2.27,3.24,1.44,0,0,1,0
215,groundnesters,0.28,2.07,1.13,2.78,0,0,0,1
216,groundnesters,1.74,17.78,0.55,3.17,0,1,0,0
217,groundnesters,1.6,15.57,2.96,8.07,0,1,0,0
51,overwaternesters,3.44,4.74,0.63,4.65,0,1,0,0
52,overwaternesters,0.18,1.24,3.33,0.61,0,0,1,0
53,overwaternesters,0.12,15.28,44.17,17.2,0,0,1,0
55,overwaternesters,2.31,7.44,1.11,4.24,0,1,0,0
59,overwaternesters,0.77,1.01,1.33,0.92,0,0,1,0
60,overwaternesters,0.48,20.95,3.59,2.99,0,1,0,0
62,overwaternesters,3.7,3.32,1.36,1.09,1,0,0,0
68,overwaternesters,1.22,2.45,2.9,7.77,0,0,0,1
69,overwaternesters,45.74,2.87,9.75,3.95,1,0,0,0
70,overwaternesters,6.51,0.79,0.23,0.42,1,0,0,0
71,overwaternesters,1.36,3.76,2.24,1.16,0,1,0,0
72,overwaternesters,21.27,5.37,10.86,2.23,1,0,0,0
74,overwaternesters,19.97,1.79,1.26,3.61,1,0,0,0
77,overwaternesters,2.65,1,1.87,2.61,1,0,0,0
78,overwaternesters,1.12,1.7,2.11,2.07,0,0,1,0
80,overwaternesters,3.48,7.2,3.69,4.09,0,1,0,0
87,overwaternesters,1.26,0.05,0.4,3.58,0,0,0,1
88,overwaternesters,2,1.31,0.13,0.73,1,0,0,0
89,overwaternesters,0.86,10.26,3.99,5.67,0,1,0,0
90,overwaternesters,9.01,0.45,8.79,0.51,1,0,0,0
94,overwaternesters,12.33,19.06,3.59,6,0,1,0,0
95,overwaternesters,2.89,15.29,4.34,4.45,0,1,0,0
100,overwaternesters,5.06,2.76,8.3,3.18,0,0,1,0
103,overwaternesters,2.24,4.45,0.56,3.98,0,1,0,0
104,overwaternesters,0.58,3.65,2.82,1.39,0,1,0,0
105,overwaternesters,6.98,12.01,1.37,5.37,0,1,0,0
108,overwaternesters,12.31,5.25,0.73,0.98,1,0,0,0
136,overwaternesters,1.25,5,3.62,2.07,0,1,0,0
165,overwaternesters,8.8,4.22,17.52,4.74,0,0,1,0
166,overwaternesters,7.67,1.37,14.41,0.5,0,0,1,0
168,overwaternesters,4.86,1.63,5.77,4.13,0,0,1,0
170,overwaternesters,7.24,0.69,1.53,2.18,1,0,0,0
171,overwaternesters,2.94,6.23,0.61,2.5,0,1,0,0
172,overwaternesters,1.91,0.74,5.22,0.34,0,0,1,0
175,overwaternesters,1.93,2.07,12.17,1.95,0,0,1,0
176,overwaternesters,2.8,4.77,0.03,0.42,0,1,0,0
177,overwaternesters,11.77,4.45,1.04,4.21,1,0,0,0
178,overwaternesters,9.26,0.3,3.54,6.55,1,0,0,0
179,overwaternesters,0.45,0.1,5.4,9.7,0,0,0,1
180,overwaternesters,5.12,0.7,5.14,0.54,0,0,1,0
181,overwaternesters,5.44,0.76,17.51,6.77,0,0,1,0
183,overwaternesters,0.21,0.68,2.5,2.3,0,0,1,0
199,overwaternesters,11.61,2.68,4.3,1.78,1,0,0,0
200,overwaternesters,1.78,4.18,2.53,13.06,0,0,0,1
207,overwaternesters,0.59,0.48,5.81,1.64,0,0,1,0
215,overwaternesters,5.35,2.05,0.43,0.48,1,0,0,0
216,overwaternesters,4.91,2.55,2.77,0.1,1,0,0,0
217,overwaternesters,5.66,4.05,0.56,1.04,1,0,0,0
89,blbw,4.64,18.11,1.78,1.37,0,1,0,0
90,blbw,17.31,14.57,1.58,17.81,0,0,0,1
94,blbw,4.12,2.27,8.67,1.74,0,0,1,0
95,blbw,9.19,8.32,0.79,2.33,1,0,0,0
100,blbw,16.27,23.69,1.12,13.32,0,1,0,0
108,blbw,62.5,0.26,0.32,0.01,1,0,0,0
51,boch,5.46,0.07,2.94,2.73,1,0,0,0
52,boch,1.9,4.19,2.57,7.43,0,0,0,1
53,boch,26.67,15.1,14.16,8.12,1,0,0,0
55,boch,4.97,2.38,2.43,0.55,1,0,0,0
59,boch,8.56,1.97,2.48,0.13,1,0,0,0
60,boch,2.3,4.86,5.9,4.57,0,0,1,0
62,boch,4.53,2.07,1.83,2.53,1,0,0,0
68,boch,0.39,2.47,5.72,0.57,0,0,1,0
69,boch,3.43,9.52,6.52,8.24,0,1,0,0
70,boch,5.85,1.04,0.35,3.75,1,0,0,0
71,boch,11.24,3.43,5.19,3.84,1,0,0,0
72,boch,9.86,1.39,7.74,3.57,1,0,0,0
74,boch,1.59,5.39,4.58,3.08,0,1,0,0
77,boch,5.34,5.33,4.73,9.01,0,0,0,1
78,boch,0.89,7.94,0.43,7.54,0,1,0,0
80,boch,1.12,5.97,1.95,3.86,0,1,0,0
87,boch,2.06,7.06,0.26,0.14,0,1,0,0
88,boch,3.8,1.02,1.67,0.61,1,0,0,0
89,boch,1.27,16.6,3.6,7.41,0,1,0,0
90,boch,20.43,6.47,3.1,2.27,1,0,0,0
94,boch,12.66,23.95,14.85,4.03,0,1,0,0
95,boch,1.52,2.76,0.62,1.01,0,1,0,0
100,boch,1.16,9.95,9.23,6.18,0,1,0,0
103,boch,15.8,2.8,0.21,0.02,1,0,0,0
104,boch,1.62,4.52,4.13,0.42,0,1,0,0
105,boch,2.63,7.2,2.94,0.07,0,1,0,0
108,boch,11.23,4.83,0.34,4.92,1,0,0,0
136,boch,1.52,2.18,1.34,0.7,0,1,0,0
165,boch,3.64,0.27,0.33,7.54,0,0,0,1
166,boch,11.66,3.89,2.84,1.69,1,0,0,0
168,boch,0.09,0.78,0.62,3.29,0,0,0,1
170,boch,3.89,1.13,0.98,13.72,0,0,0,1
171,boch,6.86,4.4,3.13,6.21,1,0,0,0
172,boch,4.58,6.15,3.89,7.44,0,0,0,1
175,boch,1.88,6.4,4.82,3.57,0,1,0,0
176,boch,0.47,5.26,5.17,4.11,0,1,0,0
177,boch,0.82,0.74,0.83,1.5,0,0,0,1
178,boch,4.89,8.25,0.88,2.02,0,1,0,0
179,boch,1.14,11.64,0.26,0.37,0,1,0,0
180,boch,3.69,0.93,0.1,3.87,0,0,0,1
181,boch,10.78,10.12,3.1,7.19,1,0,0,0
183,boch,1.74,2.68,0.83,3.05,0,0,0,1
199,boch,19.27,5.8,4.93,3.39,1,0,0,0
200,boch,0.1,1.84,2.55,3.1,0,0,0,1
207,boch,5.17,1.05,0.92,0.74,1,0,0,0
215,boch,20.51,0.56,5.3,0.19,1,0,0,0
216,boch,21.47,0.7,3.58,0.1,1,0,0,0
217,boch,15.28,3.25,5.51,2.66,1,0,0,0
72,brcr,5.56,5.83,2.76,6.29,0,0,0,1
74,brcr,7.77,6.48,4.68,1.11,1,0,0,0
78,brcr,7.12,4.18,0.27,13.68,0,0,0,1
88,brcr,0.83,7.83,1.6,15.42,0,0,0,1
89,brcr,3.82,14.32,0.01,1.64,0,1,0,0
90,brcr,8.51,3.95,0.96,2.84,1,0,0,0
94,brcr,11.03,5.8,17.44,1.92,0,0,1,0
95,brcr,10.55,8.72,1.83,2.33,1,0,0,0
100,brcr,2.68,27.15,1.13,4.21,0,1,0,0
103,brcr,1.77,2.5,0.36,0.85,0,1,0,0
108,brcr,22.88,2.31,2.89,3.59,1,0,0,0
172,brcr,10.43,3.94,2.21,4.42,1,0,0,0
175,brcr,12.25,9.62,4.11,4.48,1,0,0,0
177,brcr,1.95,1.68,0.19,1.64,1,0,0,0
179,brcr,3.9,11.55,0.92,1.81,0,1,0,0
180,brcr,0.36,0.62,1,1.77,0,0,0,1
199,brcr,9.06,11.01,2.63,2.18,0,1,0,0
200,brcr,1.87,1.47,1.87,6.18,0,0,0,1
207,brcr,3.35,2.18,0.15,2.3,1,0,0,0
217,brcr,3.3,7.63,6.35,1.65,0,1,0,0
78,btnw,8.81,2.14,0.42,7.98,1,0,0,0
80,btnw,10.17,7.34,2.86,6.06,1,0,0,0
87,btnw,8.18,7.08,2.54,4.52,1,0,0,0
88,btnw,1.31,6.31,1.53,6.58,0,0,0,1
89,btnw,4.98,18.17,0.46,4.34,0,1,0,0
90,btnw,5.3,19.48,0.25,10.44,0,1,0,0
94,btnw,10.28,20.9,24.07,4.25,0,0,1,0
95,btnw,7.17,6.9,2.44,8.04,0,0,0,1
100,btnw,3.49,36.51,0.11,5.85,0,1,0,0
103,btnw,4.81,0.88,2.49,0.57,1,0,0,0
104,btnw,1.97,5.64,4.13,1.26,0,1,0,0
108,btnw,60.21,0.26,0.05,0.5,1,0,0,0
136,btnw,2.2,1.49,1.21,2.43,0,0,0,1
207,btnw,6.63,1.04,6.28,2.25,1,0,0,0
216,btnw,19.77,2.79,2.48,2.12,1,0,0,0
217,btnw,2.21,9.98,4.24,0.76,0,1,0,0
62,cawa,12.84,0.04,3.38,6.54,1,0,0,0
88,cawa,8.28,7.75,1.71,0.61,1,0,0,0
89,cawa,5.25,21.45,0.07,4.36,0,1,0,0
90,cawa,7.6,10.97,1.83,11.83,0,0,0,1
94,cawa,2.33,4.76,10.11,1.19,0,0,1,0
95,cawa,8.79,12.12,0.19,1.29,0,1,0,0
100,cawa,20.13,41.69,1.23,3.75,0,1,0,0
136,cawa,0.95,0.91,2,0.59,0,0,1,0
216,cawa,4.83,5.7,3.4,10.98,0,0,0,1
217,cawa,4.83,9.16,2.26,0.14,0,1,0,0
55,cmwa,5.35,0.51,1.28,0.06,1,0,0,0
60,cmwa,0.19,3.38,0.24,0.73,0,1,0,0
69,cmwa,2.15,12.43,0.16,19.11,0,0,0,1
71,cmwa,14.25,0.71,1.51,1.33,1,0,0,0
87,cmwa,10.16,1.63,1.4,1.46,1,0,0,0
88,cmwa,9.42,8.34,2.68,0.93,1,0,0,0
89,cmwa,4.24,22.23,0.9,3.38,0,1,0,0
90,cmwa,7.84,1.35,9.29,0.84,0,0,1,0
94,cmwa,14.42,19.6,4.45,3.21,0,1,0,0
95,cmwa,0.7,14.72,2.92,6.21,0,1,0,0
100,cmwa,0.13,29.5,0.14,7.22,0,1,0,0
103,cmwa,3.57,2.54,3.91,1.66,0,0,1,0
136,cmwa,0.25,0.33,2.04,0.31,0,0,1,0
207,cmwa,2.52,5.15,2.32,0.23,0,1,0,0
217,cmwa,2.73,5.11,1.91,2.03,0,1,0,0
51,osfl,5.09,6.61,4.29,1.48,0,1,0,0
55,osfl,3.96,1.01,0.51,0.01,1,0,0,0
60,osfl,0.04,6.78,4.65,6.05,0,1,0,0
62,osfl,2.66,10.92,1.55,7.68,0,1,0,0
69,osfl,2.03,25.37,8.67,4.94,0,1,0,0
71,osfl,10.6,14.83,1.45,0.84,0,1,0,0
72,osfl,19.69,14.17,0.91,1.1,1,0,0,0
74,osfl,0.32,0.65,6.01,0.77,0,0,1,0
78,osfl,6.2,5.43,2.79,0.54,1,0,0,0
80,osfl,4.94,0.18,1.44,0.37,1,0,0,0
87,osfl,2.2,11.82,5.41,4.25,0,1,0,0
88,osfl,3.57,7.54,3.2,3.2,0,1,0,0
89,osfl,3.06,18.42,0.04,4.39,0,1,0,0
90,osfl,21.05,10.2,3.63,11.55,1,0,0,0
94,osfl,3.16,3,6.74,5.6,0,0,1,0
95,osfl,2.63,14.78,1.42,0.7,0,1,0,0
100,osfl,4.65,22.12,19.88,15.12,0,1,0,0
103,osfl,6.62,6.73,1.22,0.42,0,1,0,0
108,osfl,7.08,0.78,0.17,3.38,1,0,0,0
136,osfl,1.58,0.15,0.87,0.11,1,0,0,0
165,osfl,3.46,0.9,10.18,7.4,0,0,1,0
168,osfl,8.53,5.41,5.6,1.38,1,0,0,0
170,osfl,3.56,2.28,1.07,0.5,1,0,0,0
171,osfl,3.21,2.72,1.62,0.75,1,0,0,0
172,osfl,0.86,0.35,0.24,2.55,0,0,0,1
175,osfl,17.96,7.16,2.76,1.33,1,0,0,0
176,osfl,7.56,3.01,2.48,0.07,1,0,0,0
177,osfl,0.59,3.17,2.07,2.71,0,1,0,0
178,osfl,1.1,0.57,0.48,1.34,0,0,0,1
179,osfl,0.2,1.45,0.12,2.4,0,0,0,1
180,osfl,0.2,5.47,1.65,5.58,0,0,0,1
181,osfl,7.11,3.63,7.96,4.27,0,0,1,0
183,osfl,0.38,5.5,0.85,0.57,0,1,0,0
199,osfl,6.23,2.93,3.86,1.85,1,0,0,0
200,osfl,0.7,3.95,0.76,2.58,0,1,0,0
207,osfl,1.17,1.54,3.98,0.94,0,0,1,0
215,osfl,22.96,2.11,3.14,1.88,1,0,0,0
216,osfl,5.93,6.06,1.01,3.59,0,1,0,0
217,osfl,4.64,8.12,2.7,1.23,0,1,0,0
51,pigr,4.08,0.06,7.68,3.19,0,0,1,0
52,pigr,1.77,1.82,0.82,17.18,0,0,0,1
53,pigr,29.33,18.62,8.67,16.87,1,0,0,0
55,pigr,3.6,0.81,3.99,6.86,0,0,0,1
59,pigr,34.5,1.45,1.19,5.38,1,0,0,0
60,pigr,2.18,17.67,0.24,7.47,0,1,0,0
62,pigr,9.93,7.65,3.17,5.04,1,0,0,0
68,pigr,1.71,2.83,6,0.9,0,0,1,0
69,pigr,20.83,2.87,4.71,6.35,1,0,0,0
70,pigr,3.03,1.52,0.48,7.81,0,0,0,1
71,pigr,15.88,1.56,3.23,3.72,1,0,0,0
72,pigr,9.29,8.41,2.85,6.4,1,0,0,0
74,pigr,11.6,4.95,6.52,1.74,1,0,0,0
77,pigr,3.47,2.81,0.48,6.71,0,0,0,1
78,pigr,6.05,4.34,1.61,6.59,0,0,0,1
80,pigr,16.5,1.88,0.5,2.36,1,0,0,0
87,pigr,9.14,4.32,2.76,0.24,1,0,0,0
88,pigr,8.64,6.52,2.38,1.9,1,0,0,0
89,pigr,5.64,19.54,2.28,3.3,0,1,0,0
90,pigr,17.31,9.06,1.69,6.4,1,0,0,0
94,pigr,3.73,4.6,2.7,5.43,0,0,0,1
95,pigr,5.12,11,0.71,0.8,0,1,0,0
100,pigr,9.96,28.24,14.82,3.73,0,1,0,0
103,pigr,0.48,3.33,1.03,3.65,0,0,0,1
104,pigr,1.67,6.16,3.51,0.52,0,1,0,0
105,pigr,7.33,0.2,0.85,0.42,1,0,0,0
108,pigr,2.47,6.98,0.55,3.31,0,1,0,0
136,pigr,2.37,0.74,1.48,0.45,1,0,0,0
165,pigr,3.03,4.66,2.94,2.42,0,1,0,0
166,pigr,2.56,2.86,1.84,2.09,0,1,0,0
168,pigr,4.07,5.05,0.28,2.49,0,1,0,0
170,pigr,0.71,0.33,2.27,8.15,0,0,0,1
171,pigr,4.39,7.2,5.63,7.14,0,1,0,0
172,pigr,0.35,8.49,0.45,1.84,0,1,0,0
175,pigr,0.53,13.88,2.26,0.8,0,1,0,0
176,pigr,2.83,2.88,0.15,0.6,0,1,0,0
177,pigr,5.35,3.71,0.77,2.88,1,0,0,0
178,pigr,2.33,0.02,0.79,5.68,0,0,0,1
179,pigr,8.2,7.56,1.27,4.71,1,0,0,0
180,pigr,3.54,1.53,1.07,6.55,0,0,0,1
181,pigr,9.82,14.44,8.5,3.05,0,1,0,0
183,pigr,5.62,3.38,0.74,2,1,0,0,0
199,pigr,37.65,4.88,3.21,2.02,1,0,0,0
200,pigr,1.72,0.3,0.64,3.85,0,0,0,1
207,pigr,1.3,2.16,0.84,5.16,0,0,0,1
215,pigr,10.58,3.06,0.45,2.83,1,0,0,0
216,pigr,9.12,20.2,0.4,10.4,0,1,0,0
217,pigr,8.14,5.62,1.64,6.01,1,0,0,0
51,rubl,0.01,3.7,3.59,2.44,0,1,0,0
52,rubl,0.15,0.66,1.82,13.09,0,0,0,1
53,rubl,25.06,0.49,0.4,7.89,1,0,0,0
55,rubl,7.44,6.52,2.84,1.57,1,0,0,0
59,rubl,20.97,6.76,2.13,1.26,1,0,0,0
60,rubl,4.05,25.73,2.09,1.38,0,1,0,0
62,rubl,5.99,6.76,0.56,0.36,0,1,0,0
68,rubl,1.04,0.84,1.8,0.12,0,0,1,0
69,rubl,5.51,19.58,0.65,1.26,0,1,0,0
70,rubl,8.46,3.96,1.13,10.69,0,0,0,1
71,rubl,28.64,10.4,0.84,3.62,1,0,0,0
72,rubl,6.64,1.02,4.21,1.65,1,0,0,0
74,rubl,14.64,4.36,2.03,4.42,1,0,0,0
77,rubl,34.48,7.29,4.86,0.14,1,0,0,0
78,rubl,10.61,11,0.51,9.46,0,1,0,0
80,rubl,1.55,5.03,2.15,2.4,0,1,0,0
87,rubl,1.49,0.26,1.5,6.73,0,0,0,1
88,rubl,9.11,2.42,3.74,3.01,1,0,0,0
89,rubl,4.76,18.15,2.41,2.03,0,1,0,0
90,rubl,3.59,18.45,0.06,7.67,0,1,0,0
94,rubl,8.66,22.46,16.86,5.37,0,1,0,0
95,rubl,3.89,11.9,1.56,5.25,0,1,0,0
100,rubl,1.44,35.91,2.8,0.38,0,1,0,0
103,rubl,1.13,0.13,2.24,0.56,0,0,1,0
104,rubl,3.46,4.58,4.25,2.84,0,1,0,0
105,rubl,0.28,2.14,3.51,1,0,0,1,0
108,rubl,1.92,6.76,1.08,1.62,0,1,0,0
136,rubl,1.54,1.5,1.54,2.2,0,0,0,1
165,rubl,8.85,3.67,4.51,4.54,1,0,0,0
166,rubl,36.25,5.27,3.83,3.8,1,0,0,0
168,rubl,7.17,7.17,2.89,5.24,1,0,0,0
170,rubl,1.88,0.34,1.82,5.89,0,0,0,1
171,rubl,2.97,2.33,5.85,0.15,0,0,1,0
172,rubl,4.02,7.09,2.79,9.85,0,0,0,1
175,rubl,1.67,5.29,3.63,2.18,0,1,0,0
176,rubl,2.6,1.63,0.24,2.74,0,0,0,1
177,rubl,1.34,1.81,7.56,2.68,0,0,1,0
178,rubl,4.47,5.56,0.92,1,0,1,0,0
179,rubl,4.97,9.62,2.94,1.39,0,1,0,0
180,rubl,1.98,0.92,0.45,4.73,0,0,0,1
181,rubl,7.74,0.57,1.35,11.57,0,0,0,1
183,rubl,0.32,2.36,0.89,2.24,0,1,0,0
199,rubl,21.85,3.17,4.06,4.33,1,0,0,0
200,rubl,2.94,1.46,4.67,0.46,0,0,1,0
207,rubl,0.5,3.98,4.84,1.04,0,0,1,0
215,rubl,1.07,1.76,3,2.16,0,0,1,0
216,rubl,3.47,13.3,3.16,0.95,0,1,0,0
217,rubl,1.02,7.24,5.9,2.54,0,1,0,0
51,swth,6.79,0.68,3.5,9.85,0,0,0,1
55,swth,3.78,3.93,4.62,5.24,0,0,0,1
59,swth,28.21,2.43,1.45,1.9,1,0,0,0
60,swth,0.84,1.19,6.45,7.84,0,0,0,1
62,swth,11.98,2.74,1.83,16.57,0,0,0,1
68,swth,21.02,2.75,2.18,3.44,1,0,0,0
69,swth,20.66,15.46,4.16,8.15,1,0,0,0
70,swth,7.58,5.76,0.62,10.07,0,0,0,1
71,swth,10.73,4.18,0.29,1.38,1,0,0,0
72,swth,2.99,18.52,3.79,6.45,0,1,0,0
74,swth,10.14,11.65,9.52,1.26,0,1,0,0
77,swth,25.06,7.48,1.53,2.89,1,0,0,0
78,swth,4.4,17.3,1.46,8.39,0,1,0,0
80,swth,0.7,7.25,1.06,2.4,0,1,0,0
87,swth,20.35,2.45,6.54,1.32,1,0,0,0
88,swth,2.16,2.31,3.69,7.19,0,0,0,1
89,swth,0.4,14.39,3,13.87,0,1,0,0
90,swth,16,6.59,6.66,5.19,1,0,0,0
94,swth,1.34,2.61,5.92,4.52,0,0,1,0
95,swth,3.18,1.16,3.35,7.24,0,0,0,1
100,swth,6.89,14.17,16.51,2.42,0,0,1,0
103,swth,17.46,3.04,0.63,2.9,1,0,0,0
104,swth,2.1,3.94,3.38,0.39,0,1,0,0
105,swth,1.69,8.76,1.51,2.06,0,1,0,0
108,swth,50.27,0.63,1.83,4.35,1,0,0,0
136,swth,0.24,0.84,0.75,1.33,0,0,0,1
165,swth,11.07,2.56,6.66,13.05,0,0,0,1
166,swth,1.93,3.09,1.29,4.01,0,0,0,1
168,swth,4.33,2.71,4.76,7.25,0,0,0,1
170,swth,10,6.07,0.63,10.61,0,0,0,1
171,swth,7.96,5.01,2.55,7.12,1,0,0,0
172,swth,2.6,1.32,1.95,6.29,0,0,0,1
175,swth,10.01,7.04,0.76,2.44,1,0,0,0
176,swth,15.07,2.16,2.58,1.83,1,0,0,0
177,swth,2.14,2.63,2.33,0.04,0,1,0,0
178,swth,0.15,0.25,1.18,6.88,0,0,0,1
179,swth,11.26,3.16,1.08,1.96,1,0,0,0
180,swth,15.37,3.48,1.94,1.04,1,0,0,0
181,swth,12.03,8.19,0.87,10.57,1,0,0,0
183,swth,6.74,1.32,1.2,1.42,1,0,0,0
199,swth,0.04,10.18,4.6,3.73,0,1,0,0
200,swth,11.64,0.53,0.74,6.3,1,0,0,0
207,swth,6.39,4.46,0.78,0.75,1,0,0,0
215,swth,18.91,0.51,3.51,0.67,1,0,0,0
216,swth,9.87,5.17,1.26,3.71,1,0,0,0
217,swth,5.47,2.06,0.16,1,1,0,0,0
51,wwcr,3.71,1.92,2.76,1.12,1,0,0,0
52,wwcr,0.61,2.95,4.6,12.17,0,0,0,1
53,wwcr,19.49,17.72,5.7,18.73,1,0,0,0
55,wwcr,8.05,2.88,2.43,0.5,1,0,0,0
59,wwcr,4.83,1.45,1.37,1.25,1,0,0,0
60,wwcr,3.85,2.29,8.56,2.56,0,0,1,0
62,wwcr,1.82,8.78,1.02,5.51,0,1,0,0
68,wwcr,4.86,3.91,2.67,1.59,1,0,0,0
69,wwcr,1.5,18.03,2.49,0.54,0,1,0,0
70,wwcr,13.16,1.98,1.78,1.19,1,0,0,0
71,wwcr,25.14,4.89,2.62,2.59,1,0,0,0
72,wwcr,31.49,1.51,15.17,9.66,1,0,0,0
74,wwcr,23.54,8.76,6.54,2.08,1,0,0,0
77,wwcr,3.91,1.67,5.47,5.99,0,0,0,1
78,wwcr,11.96,5.68,2.38,12.66,0,0,0,1
80,wwcr,2.61,0.47,0.44,6.46,0,0,0,1
87,wwcr,0.64,12.62,1.52,1.01,0,1,0,0
88,wwcr,1.98,5.44,0.19,2.93,0,1,0,0
89,wwcr,8.68,1.4,1.16,3.75,1,0,0,0
90,wwcr,24.76,5.85,5.58,8.8,1,0,0,0
94,wwcr,9.91,14.93,20.41,0.04,0,0,1,0
95,wwcr,8.02,7.76,0.6,2.53,1,0,0,0
100,wwcr,12.34,1.58,15.91,9.25,0,0,1,0
103,wwcr,8.97,0.15,2.63,2.72,1,0,0,0
104,wwcr,2.13,4.04,3.4,1.14,0,1,0,0
105,wwcr,1.91,3.02,4.84,3.93,0,0,1,0
108,wwcr,11.69,3.66,1.89,4.23,1,0,0,0
136,wwcr,1.16,0.13,1.5,1.94,0,0,0,1
165,wwcr,1.59,2.02,1.6,4.22,0,0,0,1
166,wwcr,10.46,6.63,1.82,4.13,1,0,0,0
168,wwcr,0.11,0.7,6.64,3.13,0,0,1,0
170,wwcr,2.29,1.38,4.02,12.8,0,0,0,1
171,wwcr,2.43,0.04,0.46,4.39,0,0,0,1
172,wwcr,5.25,2.29,6.65,2.02,0,0,1,0
175,wwcr,2.18,9.38,3.47,0.03,0,1,0,0
176,wwcr,9.2,4.69,5.21,2,1,0,0,0
177,wwcr,0.27,1.35,5.25,0.75,0,0,1,0
178,wwcr,2.4,1.44,3.56,1.08,0,0,1,0
179,wwcr,1.32,4.33,1.23,2.19,0,1,0,0
180,wwcr,4.13,2.9,1,5.08,0,0,0,1
181,wwcr,7.54,5.31,2.64,8.37,0,0,0,1
183,wwcr,5,4.35,2.07,3.07,1,0,0,0
199,wwcr,8.44,6.15,5.31,3.76,1,0,0,0
200,wwcr,2.22,0.94,1.76,3.64,0,0,0,1
207,wwcr,0.1,0.21,0.31,1.5,0,0,0,1
215,wwcr,2.12,2.4,0.47,8.78,0,0,0,1
216,wwcr,1.19,18.08,3.76,2.49,0,1,0,0
217,wwcr,5.02,3.86,8.7,6.31,0,0,1,0
