Species,Ecoregion,Networks,CMI,GPP,LED,LCC,R2,RMSE
CARIBOU,51,"241 (49,192)",-0.532 (-3.08),-0.085 (-0.28),-0.171 (-0.59),1.176 (4.55),0.54,0.062
CARIBOU,52,"498 (357,141)",0.01 (0.43),0.11 (3.63),0.083 (2.61),0.391 (10.51),0.587,0.033
CARIBOU,53,"576 (76,500)",-0.265 (-8.06),-0.822 (-13.25),0.787 (14.39),0.493 (6.72),0.667,0.04
CARIBOU,55,"166 (21,145)",-0.032 (-0.62),0.701 (6.84),0.185 (1.71),-0.386 (-2.76),0.316,0.091
CARIBOU,59,"652 (500,152)",0.169 (4.8),-0.134 (-2.56),0.155 (3.61),0.058 (1.01),0.17,0.063
CARIBOU,60,"563 (470,93)",0.089 (5.35),0.052 (5.43),-0.048 (-3.42),0.132 (10.05),0.482,0.014
CARIBOU,62,"121 (41,80)",-0.175 (-4.2),0.525 (10.54),0.18 (1.76),-0.234 (-3.48),0.672,0.027
CARIBOU,68,"441 (233,208)",-0.022 (-0.26),-0.339 (-1.56),0.478 (4.47),0.268 (1.78),0.296,0.074
CARIBOU,69,"1000 (500,500)",0.257 (4.53),0.701 (7.25),0.38 (2.81),-1.426 (-7.43),0.334,0.12
CARIBOU,70,"629 (500,129)",-0.334 (-1),1.495 (1.05),-1.165 (-0.85),-0.913 (-0.91),-0.107,0.113
CARIBOU,71,"667 (500,167)",-0.331 (-5.81),0.186 (2.22),-0.285 (-2.99),0.485 (4.05),0.177,0.082
CARIBOU,72,"710 (500,210)",0.265 (12.59),0.344 (8.21),0.355 (9.35),-0.056 (-0.87),0.909,0.036
CARIBOU,74,"673 (500,173)",0.101 (2.99),-0.211 (-3.58),0.097 (2.27),-0.11 (-1.68),0.02,0.068
CARIBOU,77,"898 (500,398)",0.151 (5.92),0.357 (6.66),-0.07 (-1.4),-0.005 (-0.1),0.389,0.076
CARIBOU,78,"865 (500,365)",0.159 (6.56),-0.005 (-0.14),-0.09 (-2.35),0.192 (6.87),0.218,0.061
CARIBOU,80,"488 (69,419)",0.079 (1.76),0.578 (8.88),-0.204 (-3.38),-0.482 (-5.52),0.203,0.103
CARIBOU,87,"157 (121,36)",-0.216 (-4.66),0.351 (5.42),-0.294 (-3.09),0.967 (8.91),0.504,0.033
CARIBOU,88,"529 (500,29)",-0.219 (-5.02),0.434 (8.76),0.22 (3.67),0.08 (1.1),0.251,0.053
CARIBOU,89,"528 (500,28)",-0.002 (-0.05),-0.007 (-0.17),0.407 (7.35),0.482 (7.15),0.394,0.049
CARIBOU,90,"601 (500,101)",0.247 (10.55),-0.069 (-1.34),0.139 (3.52),0.064 (1.02),0.525,0.043
CARIBOU,94,"751 (251,500)",0.013 (0.67),1.005 (33.68),-0.124 (-7.02),0.125 (2.49),0.965,0.037
CARIBOU,95,"609 (500,109)",-0.09 (-2.21),-0.077 (-1.42),0.032 (0.57),1.057 (13),0.523,0.061
CARIBOU,100,"1000 (500,500)",0.344 (11.55),1.437 (29.6),-0.439 (-15.48),-0.284 (-3.64),0.813,0.063
CARIBOU,103,"578 (500,78)",-0.031 (-0.91),0.237 (4.05),0.093 (1.48),-0.079 (-1.04),0.057,0.066
CARIBOU,104,"39 (26,13)",-0.432 (-2.41),1.605 (6.86),0.891 (2.68),0.523 (0.84),0.925,0.056
CARIBOU,105,"805 (500,305)",0.343 (7.5),0.32 (6.73),-0.016 (-0.23),-0.036 (-0.49),0.451,0.093
CARIBOU,136,"80 (31,49)",0.723 (6.47),-0.029 (-0.23),-0.026 (-0.21),-0.17 (-0.57),0.788,0.055
CARIBOU,215,"765 (265,500)",0.188 (5.86),0.02 (0.35),-0.102 (-2.36),-0.045 (-0.61),0.047,0.117
CARIBOU,216,"1000 (500,500)",-0.152 (-5.11),0.514 (11.39),0.115 (2.05),0.367 (4.58),0.423,0.103
CARIBOU,217,"734 (500,234)",0.052 (2),0.264 (6.14),0.047 (1.1),-0.112 (-1.88),0.154,0.067
ALLBIRDS,51,"241 (49,192)",0.714 (3.87),-0.148 (-0.45),-2.581 (-8.25),1.757 (6.36),0.783,0.066
ALLBIRDS,52,"498 (357,141)",0.006 (0.11),0.175 (2.19),0.077 (0.91),0.972 (9.86),0.468,0.088
ALLBIRDS,53,"576 (76,500)",1.091 (24.75),0.133 (1.63),0.01 (0.14),-1.455 (-15.14),0.79,0.053
ALLBIRDS,55,"166 (21,145)",0.076 (1.51),-0.055 (-0.55),0.049 (0.47),0.389 (2.86),0.108,0.088
ALLBIRDS,59,"652 (500,152)",0.659 (21.22),0.35 (7.44),-0.01 (-0.25),-0.1 (-1.91),0.74,0.057
ALLBIRDS,60,"563 (470,93)",0.157 (2.11),0.752 (17.46),0.394 (6.28),-0.373 (-6.37),0.637,0.064
ALLBIRDS,62,"121 (41,80)",0.19 (1.59),0.275 (1.93),0.293 (1),-0.697 (-3.62),0.392,0.076
ALLBIRDS,68,"441 (233,208)",0.743 (22.82),-0.069 (-1.09),-0.18 (-5.72),0.398 (6.23),0.889,0.066
ALLBIRDS,69,"1000 (500,500)",-0.045 (-2.15),0.519 (13.26),0.437 (8.09),0.991 (14.03),0.89,0.069
ALLBIRDS,70,"629 (500,129)",0.11 (2.49),-0.532 (-6.51),0.041 (0.5),1.138 (16.5),0.484,0.087
ALLBIRDS,71,"667 (500,167)",0.204 (5.82),0.95 (17.66),0.073 (1.12),0.252 (3.05),0.781,0.077
ALLBIRDS,72,"710 (500,210)",0.098 (3.09),-0.053 (-0.88),-0.093 (-1.66),0.469 (4.92),0.245,0.055
ALLBIRDS,74,"673 (500,173)",0.023 (0.53),0.276 (3.7),0.047 (0.86),0.207 (2.45),0.195,0.088
ALLBIRDS,77,"898 (500,398)",-0.163 (-6.23),0.138 (2.48),0.101 (1.94),0.624 (12.23),0.455,0.079
ALLBIRDS,78,"865 (500,365)",0.058 (1.33),0.483 (7.04),0.178 (2.49),0.287 (5.69),0.471,0.11
ALLBIRDS,80,"488 (69,419)",-0.28 (-4.45),0.86 (9.46),-0.035 (-0.41),-0.159 (-1.3),0.23,0.143
ALLBIRDS,87,"157 (121,36)",0.206 (2.5),0.636 (5.53),-0.137 (-0.81),-0.635 (-3.29),0.378,0.058
ALLBIRDS,88,"529 (500,29)",0.335 (4.75),0.279 (3.61),0.255 (2.67),-0.266 (-2.3),0.263,0.084
ALLBIRDS,89,"528 (500,28)",-0.118 (-2.14),0.619 (11.88),-0.263 (-3.67),0.22 (2.55),0.295,0.063
ALLBIRDS,90,"601 (500,101)",0.218 (7.14),0.33 (4.85),0.466 (9.45),-0.316 (-3.62),0.554,0.054
ALLBIRDS,94,"751 (251,500)",0.446 (7.77),-1 (-11.49),0.885 (17.64),1.038 (7.18),0.63,0.104
ALLBIRDS,95,"609 (500,109)",-0.224 (-3.67),0.056 (0.73),0.216 (2.62),0.551 (4.51),0.153,0.089
ALLBIRDS,100,"1000 (500,500)",0.315 (10.97),0.999 (21.47),0.023 (0.9),-0.331 (-4.58),0.779,0.06
ALLBIRDS,103,"578 (500,78)",0.259 (5.83),0.126 (1.65),0.003 (0.03),-0.173 (-1.78),0.132,0.087
ALLBIRDS,104,"39 (26,13)",-0.789 (-2.84),1.515 (4.18),2.438 (4.74),-0.445 (-0.46),0.857,0.086
ALLBIRDS,105,"805 (500,305)",-0.052 (-0.93),0.62 (10.64),0.074 (0.85),0.292 (3.21),0.52,0.114
ALLBIRDS,108,"526 (26,500)",0.359 (10.39),0.143 (2.16),-0.068 (-1.03),-0.005 (-0.05),0.237,0.111
ALLBIRDS,136,"80 (31,49)",-0.63 (-2.72),0.527 (2),-0.122 (-0.48),1.686 (2.72),0.535,0.113
ALLBIRDS,165,"374 (151,223)",0.277 (4.76),0.059 (0.66),-0.189 (-2.43),0.575 (8.45),0.693,0.048
ALLBIRDS,166,"181 (21,160)",0.157 (2.33),-1.262 (-7.35),0.07 (0.43),1.227 (5.3),0.259,0.087
ALLBIRDS,168,"518 (500,18)",-0.077 (-1.14),-0.195 (-2.19),0.194 (2.7),0.056 (0.73),0.022,0.06
ALLBIRDS,170,"933 (500,433)",0.089 (1.63),0.192 (2.12),-0.253 (-3.79),0.198 (2.96),0.171,0.11
ALLBIRDS,171,"450 (130,320)",-0.258 (-3.81),0.407 (5.07),0.189 (3.12),0.004 (0.04),0.317,0.058
ALLBIRDS,172,"526 (500,26)",-0.164 (-2.33),0.156 (2.25),-0.188 (-2.67),0.705 (6.77),0.152,0.072
ALLBIRDS,175,"581 (500,81)",-0.244 (-5),0.717 (13.83),0.075 (1.32),-0.298 (-3.85),0.393,0.06
ALLBIRDS,176,"253 (100,153)",0.318 (4.77),-0.6 (-3.88),-0.012 (-0.13),0.221 (0.99),0.078,0.093
ALLBIRDS,177,"98 (37,61)",0.498 (3.69),0.021 (0.06),-0.566 (-3.62),0.744 (2.21),0.524,0.113
ALLBIRDS,178,"518 (166,352)",-0.099 (-1.48),0.088 (0.83),0.217 (3.43),0.126 (1.17),0.077,0.109
ALLBIRDS,179,"627 (500,127)",0.268 (3.99),-0.002 (-0.03),-0.052 (-0.67),0.166 (2.03),0.184,0.076
ALLBIRDS,180,"920 (500,420)",0.336 (8.64),-0.154 (-2.67),0.196 (3.51),-0.105 (-1.11),0.18,0.112
ALLBIRDS,181,"567 (67,500)",-0.362 (-6.32),0.552 (11.88),0.043 (0.89),0.106 (0.9),0.428,0.067
ALLBIRDS,183,"54 (31,23)",0.415 (3.9),-0.101 (-1.04),0.071 (0.5),-0.285 (-1.38),0.37,0.04
ALLBIRDS,199,"512 (12,500)",-0.151 (-4.54),1.099 (12.55),0.261 (2.82),-0.282 (-2.78),0.411,0.099
ALLBIRDS,200,"363 (330,33)",0.041 (0.52),0.199 (1.67),0.182 (1.2),-0.075 (-0.48),0.054,0.073
ALLBIRDS,207,"414 (309,105)",0.368 (4.85),-0.195 (-2.05),0.025 (0.33),0.586 (5.69),0.441,0.073
ALLBIRDS,215,"765 (265,500)",-0.011 (-0.27),0.033 (0.46),0.183 (3.74),0.508 (5.84),0.247,0.145
ALLBIRDS,216,"1000 (500,500)",0.353 (9.73),0.468 (9.65),-0.266 (-4.14),-0.072 (-0.76),0.345,0.119
ALLBIRDS,217,"734 (500,234)",0.102 (2.76),0.792 (12.99),-0.061 (-1.02),-0.147 (-1.77),0.398,0.095
FORESTBIRDS,51,"241 (49,192)",0.385 (1.98),0.891 (2.58),-1.717 (-5.21),0.844 (2.9),0.824,0.07
FORESTBIRDS,52,"498 (357,141)",-0.053 (-0.91),0.139 (1.74),-0.087 (-1.04),1.333 (13.59),0.523,0.087
FORESTBIRDS,53,"576 (76,500)",0.134 (2.03),2.042 (16.38),-0.561 (-5.13),-0.895 (-6.08),0.496,0.08
FORESTBIRDS,55,"166 (21,145)",-0.131 (-2.11),-0.307 (-2.49),0.354 (2.73),0.338 (2.01),0.073,0.109
FORESTBIRDS,59,"652 (500,152)",0.513 (12.24),0.227 (3.63),0.182 (3.5),-0.035 (-0.5),0.584,0.076
FORESTBIRDS,60,"563 (470,93)",0.628 (7.21),1.156 (22.88),0.059 (0.8),-0.593 (-8.63),0.714,0.075
FORESTBIRDS,62,"121 (41,80)",0.337 (2.53),0.773 (4.87),0.086 (0.26),-1.133 (-5.28),0.655,0.085
FORESTBIRDS,68,"441 (233,208)",0.65 (14.96),-0.148 (-1.74),-0.108 (-2.56),0.45 (5.27),0.794,0.088
FORESTBIRDS,69,"1000 (500,500)",-0.045 (-2.11),0.624 (16.32),0.435 (8.25),0.747 (10.56),0.897,0.067
FORESTBIRDS,70,"629 (500,129)",0.279 (5.33),-0.586 (-6.08),0.18 (1.84),0.844 (10.32),0.393,0.102
FORESTBIRDS,71,"667 (500,167)",0.205 (5.66),0.905 (16.46),0.006 (0.09),0.402 (4.67),0.767,0.079
FORESTBIRDS,72,"710 (500,210)",0.295 (8.7),-0.522 (-8.07),-0.111 (-1.8),0.903 (8.95),0.371,0.059
FORESTBIRDS,74,"673 (500,173)",-0.098 (-2.28),0.883 (11.73),-0.255 (-4.72),0.192 (2.32),0.268,0.087
FORESTBIRDS,77,"898 (500,398)",-0.078 (-3.16),0.357 (6.85),-0.004 (-0.09),0.569 (12.03),0.603,0.074
FORESTBIRDS,78,"865 (500,365)",0.043 (1.03),0.571 (8.7),0.21 (3.14),0.209 (4.31),0.491,0.106
FORESTBIRDS,80,"488 (69,419)",-0.256 (-4.05),0.953 (10.44),-0.037 (-0.44),-0.301 (-2.46),0.254,0.144
FORESTBIRDS,87,"157 (121,36)",0.314 (3.39),0.878 (6.78),-0.083 (-0.44),-1.026 (-4.73),0.533,0.065
FORESTBIRDS,88,"529 (500,29)",0.28 (4.28),0.351 (4.68),0.268 (3),-0.315 (-2.82),0.294,0.079
FORESTBIRDS,89,"528 (500,28)",-0.229 (-4.32),0.678 (12.97),-0.23 (-3.4),0.336 (3.91),0.35,0.062
FORESTBIRDS,90,"601 (500,101)",0.372 (11.22),0.269 (3.93),0.459 (9.04),-0.257 (-2.76),0.677,0.056
FORESTBIRDS,94,"751 (251,500)",0.494 (8.8),-0.891 (-10.79),0.884 (18.65),0.754 (5.37),0.632,0.102
FORESTBIRDS,95,"609 (500,109)",-0.166 (-2.72),0.084 (1.06),0.142 (1.67),0.625 (5.14),0.204,0.091
FORESTBIRDS,100,"1000 (500,500)",0.27 (8.54),0.935 (17.94),0.391 (13.12),-0.654 (-7.91),0.754,0.067
FORESTBIRDS,103,"578 (500,78)",0.296 (6.44),0.132 (1.69),0.021 (0.24),-0.198 (-1.96),0.16,0.09
FORESTBIRDS,104,"39 (26,13)",-0.56 (-2.39),1.224 (4),2.67 (6.15),-1.26 (-1.55),0.858,0.073
FORESTBIRDS,105,"805 (500,305)",-0.131 (-2.21),0.6 (9.8),0.185 (1.99),0.345 (3.7),0.491,0.12
FORESTBIRDS,108,"526 (26,500)",0.348 (10.3),0.099 (1.52),-0.144 (-2.22),0.17 (1.51),0.231,0.111
FORESTBIRDS,136,"80 (31,49)",-0.572 (-2.33),0.374 (1.34),0.127 (0.47),1.365 (2.08),0.439,0.12
FORESTBIRDS,165,"374 (151,223)",0.136 (2.95),0.052 (0.73),-0.238 (-3.85),0.571 (10.58),0.649,0.038
FORESTBIRDS,166,"181 (21,160)",0.633 (18.33),-0.364 (-4.13),-0.636 (-7.73),0.355 (3),0.705,0.045
FORESTBIRDS,168,"518 (500,18)",-0.105 (-1.32),-0.38 (-3.54),0.304 (3.36),0.293 (3.15),0.055,0.071
FORESTBIRDS,170,"933 (500,433)",-0.112 (-2.11),0.459 (5.27),-0.223 (-3.47),0.526 (8.18),0.494,0.105
FORESTBIRDS,171,"450 (130,320)",-0.053 (-0.57),0.584 (5.29),0.147 (1.76),0.189 (1.58),0.632,0.08
FORESTBIRDS,172,"526 (500,26)",-0.218 (-3.61),0.108 (1.66),-0.138 (-2.24),0.646 (7.07),0.154,0.062
FORESTBIRDS,175,"581 (500,81)",0.068 (1.27),0.154 (2.78),-0.228 (-3.54),0.439 (5.28),0.264,0.066
FORESTBIRDS,176,"253 (100,153)",-0.227 (-3.46),0.344 (2.26),-0.063 (-0.68),0.091 (0.42),0.036,0.091
FORESTBIRDS,177,"98 (37,61)",0.488 (4.01),0.088 (0.31),-0.53 (-3.77),0.503 (1.66),0.521,0.101
FORESTBIRDS,178,"518 (166,352)",0.073 (1.06),-0.426 (-3.9),0.158 (2.44),0.378 (3.42),0.057,0.112
FORESTBIRDS,179,"627 (500,127)",0.329 (5.05),-0.27 (-3.83),-0.179 (-2.27),0.248 (3.11),0.145,0.076
FORESTBIRDS,180,"920 (500,420)",0.424 (11.28),-0.222 (-3.96),0.194 (3.61),-0.088 (-0.96),0.25,0.108
FORESTBIRDS,181,"567 (67,500)",-1.024 (-14.1),1.007 (16.09),0.484 (7.99),0.738 (4.94),0.703,0.086
FORESTBIRDS,183,"54 (31,23)",0.271 (1.77),-0.098 (-0.7),0.169 (0.84),-0.416 (-1.4),-0.003,0.057
FORESTBIRDS,199,"512 (12,500)",-0.249 (-8.61),0.518 (6.86),0.179 (2.36),-0.295 (-3.22),0.142,0.091
FORESTBIRDS,200,"363 (330,33)",0.599 (8.4),0.319 (2.93),-0.114 (-0.89),-0.381 (-2.62),0.288,0.065
FORESTBIRDS,207,"414 (309,105)",0.148 (1.93),-0.187 (-1.95),0.036 (0.47),0.76 (7.29),0.384,0.074
FORESTBIRDS,215,"765 (265,500)",-0.072 (-1.86),0.105 (1.44),0.034 (0.68),0.683 (8.09),0.236,0.143
FORESTBIRDS,216,"1000 (500,500)",0.194 (5.61),0.503 (10.52),-0.324 (-5.19),0.175 (1.89),0.352,0.116
FORESTBIRDS,217,"734 (500,234)",0.202 (6.04),0.811 (14.48),-0.165 (-3.06),0.02 (0.26),0.555,0.086
ALLWATERFOWL,51,"241 (49,192)",0.078 (0.42),-0.949 (-2.85),-0.431 (-1.36),1.282 (4.57),0.306,0.067
ALLWATERFOWL,52,"498 (357,141)",0.092 (1.49),-0.132 (-1.57),0.374 (4.22),-0.048 (-0.46),0.066,0.093
ALLWATERFOWL,53,"576 (76,500)",-0.205 (-9.75),0.077 (1.98),1.638 (46.71),-0.384 (-8.3),0.964,0.025
ALLWATERFOWL,55,"166 (21,145)",0.119 (2.04),0.956 (8.23),0.208 (1.71),-0.827 (-5.22),0.4,0.103
ALLWATERFOWL,59,"652 (500,152)",0.002 (0.03),-0.115 (-1.59),0.141 (2.39),0.119 (1.49),0.03,0.088
ALLWATERFOWL,60,"563 (470,93)",0.063 (0.92),0.654 (16.61),0.236 (4.12),-0.034 (-0.64),0.619,0.058
ALLWATERFOWL,62,"121 (41,80)",-0.072 (-1.85),0.336 (7.19),0.025 (0.26),-0.029 (-0.46),0.629,0.025
ALLWATERFOWL,68,"441 (233,208)",-0.155 (-2.69),-0.184 (-1.64),0.213 (3.83),0.256 (2.26),0.05,0.116
ALLWATERFOWL,69,"1000 (500,500)",0.773 (44.82),0.108 (3.31),-0.46 (-10.32),-0.037 (-0.6),0.73,0.058
ALLWATERFOWL,70,"629 (500,129)",0.057 (1.34),-0.255 (-3.12),0.149 (1.89),0.561 (8.56),0.256,0.082
ALLWATERFOWL,71,"667 (500,167)",0.004 (0.11),0.26 (4.68),0.128 (1.9),-0.156 (-1.83),0.11,0.08
ALLWATERFOWL,72,"710 (500,210)",-0.124 (-4.84),0.268 (5.44),0.521 (11.12),0.161 (2.13),0.782,0.044
ALLWATERFOWL,74,"673 (500,173)",0.169 (3.4),0.086 (0.98),0.088 (1.41),-0.078 (-0.82),0.101,0.098
ALLWATERFOWL,77,"898 (500,398)",0.278 (9.15),0.468 (7.29),0.466 (7.83),-0.328 (-5.65),0.61,0.09
ALLWATERFOWL,78,"865 (500,365)",0.629 (17.12),-0.485 (-8.49),0.262 (4.59),0.176 (4.22),0.445,0.093
ALLWATERFOWL,80,"488 (69,419)",-0.04 (-0.83),0.801 (11.37),0.086 (1.31),-0.785 (-8.31),0.289,0.111
ALLWATERFOWL,87,"157 (121,36)",0.174 (2.8),0.106 (1.22),0.058 (0.45),0.036 (0.25),0.508,0.044
ALLWATERFOWL,88,"529 (500,29)",-0.113 (-2.05),0.015 (0.25),0.222 (3.08),0.373 (4.18),0.088,0.064
ALLWATERFOWL,89,"528 (500,28)",-0.02 (-0.41),0.021 (0.43),0.602 (9.91),-0.15 (-1.92),0.217,0.058
ALLWATERFOWL,90,"601 (500,101)",-0.039 (-2.02),-0.016 (-0.37),0.829 (26.55),0.092 (1.65),0.782,0.034
ALLWATERFOWL,94,"751 (251,500)",-0.09 (-2.98),-0.387 (-8.57),0.012 (0.46),0.776 (10.09),0.179,0.054
ALLWATERFOWL,95,"609 (500,109)",-0.027 (-0.65),0.552 (10.36),0.714 (12.87),-0.537 (-6.58),0.587,0.061
ALLWATERFOWL,100,"1000 (500,500)",0.328 (8.63),-0.416 (-6.74),0.741 (20.79),-0.088 (-0.88),0.535,0.08
ALLWATERFOWL,103,"578 (500,78)",-0.247 (-5.44),0.32 (4.11),0.546 (6.29),0.308 (3.06),0.258,0.09
ALLWATERFOWL,104,"39 (26,13)",-0.513 (-2.05),1.562 (4.78),0.955 (2.06),1.298 (1.49),0.904,0.078
ALLWATERFOWL,105,"805 (500,305)",-0.006 (-0.12),0.406 (7.86),0.528 (6.82),-0.332 (-4.17),0.346,0.1
ALLWATERFOWL,108,"526 (26,500)",0.022 (0.45),0.491 (5),-0.085 (-0.89),0.527 (3.09),0.097,0.163
ALLWATERFOWL,136,"80 (31,49)",-0.175 (-1.64),0.75 (6.16),0.128 (1.08),-0.161 (-0.56),0.681,0.052
ALLWATERFOWL,165,"374 (151,223)",-0.295 (-4.4),-0.257 (-2.5),1.144 (12.77),-0.32 (-4.08),0.765,0.055
ALLWATERFOWL,166,"181 (21,160)",-0.112 (-2.96),-0.004 (-0.04),1.326 (14.71),-0.144 (-1.11),0.628,0.049
ALLWATERFOWL,168,"518 (500,18)",0.221 (3.26),-0.352 (-3.89),-0.198 (-2.63),0.241 (3.18),0.033,0.058
ALLWATERFOWL,170,"933 (500,433)",0.257 (4.09),0.057 (0.55),-0.278 (-3.63),0.331 (4.3),0.271,0.125
ALLWATERFOWL,171,"450 (130,320)",0.048 (0.47),-0.221 (-1.86),0.285 (3.18),0.519 (4.03),0.419,0.086
ALLWATERFOWL,172,"526 (500,26)",0.174 (2.48),0.171 (2.32),0.094 (1.43),0.368 (3.57),0.236,0.072
ALLWATERFOWL,175,"581 (500,81)",0.084 (1.81),0.125 (2.5),0.682 (11.7),-0.256 (-3.4),0.391,0.058
ALLWATERFOWL,176,"253 (100,153)",0.35 (8.23),0.634 (6.42),-0.258 (-4.34),0.267 (1.89),0.826,0.059
ALLWATERFOWL,177,"98 (37,61)",0.548 (5.05),-0.787 (-3.06),-0.059 (-0.47),1.016 (3.75),0.442,0.091
ALLWATERFOWL,178,"518 (166,352)",0.708 (9.06),0.154 (1.24),0.283 (3.84),-0.936 (-7.46),0.341,0.127
ALLWATERFOWL,179,"627 (500,127)",0.122 (1.91),0.139 (2.03),0.273 (3.53),0.632 (7.89),0.569,0.078
ALLWATERFOWL,180,"920 (500,420)",0.12 (2.64),-0.18 (-2.66),0.251 (3.85),0.43 (3.94),0.16,0.13
ALLWATERFOWL,181,"567 (67,500)",0.111 (2.42),0.007 (0.17),0.744 (20.48),0.06 (0.61),0.663,0.053
ALLWATERFOWL,183,"54 (31,23)",-0.104 (-0.86),-0.232 (-2.1),-0.179 (-1.13),0.542 (2.32),0.077,0.045
ALLWATERFOWL,199,"512 (12,500)",0.44 (10.82),-0.344 (-3.24),0.322 (3.21),-0.154 (-1.19),0.221,0.125
ALLWATERFOWL,200,"363 (330,33)",0.24 (6.68),-0.193 (-3.48),0.066 (0.99),0.318 (4.48),0.368,0.033
ALLWATERFOWL,207,"414 (309,105)",0.224 (2.22),-0.341 (-2.7),0.313 (3.06),0.352 (2.57),0.129,0.097
ALLWATERFOWL,215,"765 (265,500)",-0.035 (-0.81),0.227 (2.96),0.066 (1.24),-0.231 (-2.54),0.014,0.156
ALLWATERFOWL,216,"1000 (500,500)",0.148 (4.77),0.083 (1.93),-0.029 (-0.48),0.34 (4.01),0.207,0.107
ALLWATERFOWL,217,"734 (500,234)",-0.022 (-0.74),0.596 (12.16),0.238 (4.99),-0.295 (-4.44),0.356,0.076
CAVITYNESTERS,51,"241 (49,192)",0.607 (7.43),-1.097 (-7.56),-0.319 (-2.3),0.843 (6.89),0.649,0.029
CAVITYNESTERS,52,"498 (357,141)",0.043 (1.09),-0.227 (-4.15),0.346 (6.03),1.031 (15.3),0.637,0.06
CAVITYNESTERS,53,"576 (76,500)",-0.063 (-2.47),0.134 (2.8),0.526 (12.2),-0.263 (-4.63),0.589,0.031
CAVITYNESTERS,55,"166 (21,145)",0.156 (2.99),-0.103 (-1),-0.103 (-0.94),0.621 (4.4),0.24,0.092
CAVITYNESTERS,59,"652 (500,152)",0.17 (4.72),-0.313 (-5.72),0.108 (2.41),0.108 (1.81),0.091,0.066
CAVITYNESTERS,60,"563 (470,93)",0.451 (6.47),-0.075 (-1.86),0.238 (4.04),0.427 (7.76),0.502,0.06
CAVITYNESTERS,62,"121 (41,80)",-0.305 (-3.68),0.241 (2.44),0.494 (2.43),0.22 (1.65),0.31,0.053
CAVITYNESTERS,68,"441 (233,208)",0.156 (3.04),-0.798 (-7.97),0.509 (10.26),0.739 (7.32),0.599,0.104
CAVITYNESTERS,69,"1000 (500,500)",0.187 (10.36),0.335 (9.82),0.004 (0.08),1.086 (17.09),0.864,0.06
CAVITYNESTERS,70,"629 (500,129)",-0.131 (-3.2),-0.181 (-2.39),0.66 (8.94),0.143 (2.26),0.162,0.08
CAVITYNESTERS,71,"667 (500,167)",0.239 (5.73),-0.273 (-4.23),0.131 (1.68),0.095 (0.97),0.083,0.09
CAVITYNESTERS,72,"710 (500,210)",0.086 (3.31),0.28 (5.84),-0.178 (-3.9),0.687 (8.96),0.727,0.045
CAVITYNESTERS,74,"673 (500,173)",0.18 (3.89),0.007 (0.08),0.039 (0.65),0.586 (6.55),0.411,0.093
CAVITYNESTERS,77,"898 (500,398)",0.163 (5.6),0.149 (2.43),0.382 (6.68),-0.044 (-0.8),0.414,0.086
CAVITYNESTERS,78,"865 (500,365)",0.119 (3.58),-0.573 (-11.01),0.286 (5.38),1.15 (30.1),0.749,0.083
CAVITYNESTERS,80,"488 (69,419)",0.345 (6.87),0.302 (4.15),0.467 (6.91),-0.564 (-5.78),0.346,0.115
CAVITYNESTERS,87,"157 (121,36)",0.154 (2.65),-0.005 (-0.06),0.065 (0.54),0.365 (2.68),0.614,0.041
CAVITYNESTERS,88,"529 (500,29)",-0.078 (-1.51),-0.021 (-0.37),0.426 (5.49),0.028 (0.29),0.072,0.063
CAVITYNESTERS,89,"528 (500,28)",0.091 (2.67),0.099 (3),0.869 (19.77),0.24 (4.45),0.734,0.04
CAVITYNESTERS,90,"601 (500,101)",-0.029 (-1.56),0.108 (2.7),0.977 (33),0.21 (3.91),0.883,0.033
CAVITYNESTERS,94,"751 (251,500)",-0.12 (-3.94),-0.173 (-3.87),-0.248 (-9.04),0.72 (9.36),0.232,0.057
CAVITYNESTERS,95,"609 (500,109)",-0.002 (-0.04),-0.265 (-5.06),0.338 (6.05),0.701 (8.41),0.439,0.059
CAVITYNESTERS,100,"1000 (500,500)",0.503 (12.3),-0.274 (-4.08),0.588 (15.16),0.093 (0.89),0.584,0.088
CAVITYNESTERS,103,"578 (500,78)",0.038 (0.91),0.269 (3.8),0.348 (4.53),0.021 (0.23),0.244,0.082
CAVITYNESTERS,104,"39 (26,13)",-0.134 (-1.23),-0.023 (-0.16),0.877 (4.35),0.117 (0.31),0.794,0.034
CAVITYNESTERS,105,"805 (500,305)",0.255 (5.29),-0.294 (-5.87),0.124 (1.65),0.348 (4.41),0.106,0.098
CAVITYNESTERS,108,"526 (26,500)",0.091 (1.94),0.438 (4.8),0.087 (0.96),0.546 (3.5),0.143,0.152
CAVITYNESTERS,136,"80 (31,49)",0.232 (2.6),0.175 (1.72),0.024 (0.25),-0.128 (-0.54),0.577,0.044
CAVITYNESTERS,165,"374 (151,223)",-0.406 (-5.55),-0.301 (-2.67),0.65 (6.64),0.898 (10.51),0.866,0.06
CAVITYNESTERS,166,"181 (21,160)",-0.45 (-8.58),-0.381 (-2.85),1.326 (10.62),0.355 (1.97),0.409,0.068
CAVITYNESTERS,168,"518 (500,18)",0.661 (5.57),-0.134 (-0.86),-1.21 (-8.96),0.592 (4.29),0.152,0.105
CAVITYNESTERS,170,"933 (500,433)",-0.241 (-4.54),0.015 (0.17),-0.146 (-2.27),0.606 (9.26),0.192,0.106
CAVITYNESTERS,171,"450 (130,320)",0.25 (3.22),-1.263 (-13.74),0.209 (3.01),1.719 (17.26),0.763,0.066
CAVITYNESTERS,172,"526 (500,26)",-0.092 (-1.31),0.219 (3.24),0.513 (7.71),-0.107 (-1.16),0.241,0.067
CAVITYNESTERS,175,"581 (500,81)",-0.021 (-0.41),-0.004 (-0.08),0.633 (10.23),0.049 (0.62),0.34,0.062
CAVITYNESTERS,176,"253 (100,153)",-0.468 (-8.07),0.56 (4.16),0.388 (4.8),0.647 (3.36),0.649,0.081
CAVITYNESTERS,177,"98 (37,61)",0.234 (2.04),-0.407 (-1.49),1.045 (7.85),0.116 (0.41),0.606,0.096
CAVITYNESTERS,178,"518 (166,352)",-0.257 (-4.34),0.592 (6.29),0.35 (6.26),-0.052 (-0.54),0.315,0.096
CAVITYNESTERS,179,"627 (500,127)",0.067 (1.22),0.299 (4.9),0.248 (3.68),0.536 (7.96),0.64,0.067
CAVITYNESTERS,180,"920 (500,420)",0.221 (5.23),-0.272 (-4.33),0.314 (5.19),0.395 (3.92),0.236,0.122
CAVITYNESTERS,181,"567 (67,500)",0.246 (6.34),0.24 (7.69),0.71 (23.28),-0.528 (-6.82),0.745,0.044
CAVITYNESTERS,183,"54 (31,23)",0.673 (4.31),0.208 (1.45),-0.333 (-1.62),-0.498 (-1.64),0.557,0.059
CAVITYNESTERS,199,"512 (12,500)",0.047 (1.51),-0.146 (-1.71),-0.028 (-0.28),-0.08 (-0.89),0.024,0.095
CAVITYNESTERS,200,"363 (330,33)",-0.122 (-2.29),0.286 (3.59),0.02 (0.2),-0.577 (-5.59),0.191,0.047
CAVITYNESTERS,207,"414 (309,105)",0.22 (2.35),-0.373 (-3.18),0.027 (0.28),0.416 (3.27),0.057,0.09
CAVITYNESTERS,215,"765 (265,500)",-0.009 (-0.24),0.307 (5.09),-0.002 (-0.04),-0.078 (-1.1),0.048,0.128
CAVITYNESTERS,216,"1000 (500,500)",-0.062 (-2.39),0.099 (2.8),0.754 (15.54),-0.043 (-0.64),0.418,0.087
CAVITYNESTERS,217,"734 (500,234)",0.115 (3.44),0.127 (2.31),0.333 (6.23),0.041 (0.54),0.367,0.085
GROUNDNESTERS,51,"241 (49,192)",-0.293 (-1.67),-0.305 (-0.98),-0.427 (-1.43),1.15 (4.37),0.394,0.063
GROUNDNESTERS,52,"498 (357,141)",0.148 (2.49),-0.208 (-2.56),0.49 (5.76),-0.124 (-1.24),0.112,0.089
GROUNDNESTERS,53,"576 (76,500)",-0.359 (-12.5),-0.128 (-2.46),1.842 (38.83),-0.224 (-3.65),0.94,0.034
GROUNDNESTERS,55,"166 (21,145)",0.08 (1.39),1.093 (9.56),0.146 (1.21),-0.844 (-5.41),0.447,0.101
GROUNDNESTERS,59,"652 (500,152)",0.021 (0.41),-0.141 (-1.81),0.222 (3.51),0.169 (2.01),0.082,0.094
GROUNDNESTERS,60,"563 (470,93)",0.239 (3.08),0.475 (10.56),0.254 (3.89),0.115 (1.88),0.554,0.067
GROUNDNESTERS,62,"121 (41,80)",0.207 (4.31),-0.084 (-1.46),-0.143 (-1.21),0.181 (2.34),0.559,0.031
GROUNDNESTERS,68,"441 (233,208)",0 (-0.01),-0.345 (-2.81),0.309 (5.1),0 (0),0.052,0.127
GROUNDNESTERS,69,"1000 (500,500)",0.434 (26.76),0.141 (4.66),-0.136 (-3.21),-0.375 (-6.73),0.521,0.053
GROUNDNESTERS,70,"629 (500,129)",-0.041 (-0.84),-0.332 (-3.72),0.148 (1.72),0.72 (9.64),0.204,0.095
GROUNDNESTERS,71,"667 (500,167)",-0.078 (-1.69),0.362 (5.03),0.054 (0.63),0.038 (0.35),0.108,0.101
GROUNDNESTERS,72,"710 (500,210)",-0.04 (-1.53),1.144 (22.41),0.387 (8.05),0.7 (8.96),0.959,0.045
GROUNDNESTERS,74,"673 (500,173)",0.455 (9.37),1.04 (12.61),-0.32 (-5.29),-0.452 (-4.9),0.486,0.097
GROUNDNESTERS,77,"898 (500,398)",0.298 (8.78),0.416 (5.82),0.32 (4.71),-0.225 (-3.41),0.517,0.101
GROUNDNESTERS,78,"865 (500,365)",0.548 (14.34),-0.137 (-2.29),0.097 (1.57),-0.075 (-1.69),0.312,0.096
GROUNDNESTERS,80,"488 (69,419)",-0.177 (-3.32),0.805 (10.44),-0.108 (-1.51),-0.675 (-6.53),0.19,0.122
GROUNDNESTERS,87,"157 (121,36)",0.072 (0.92),0.679 (6.27),-0.41 (-2.57),-0.07 (-0.39),0.268,0.054
GROUNDNESTERS,88,"529 (500,29)",0.025 (0.41),-0.119 (-1.78),-0.283 (-3.37),0.743 (7.24),0.094,0.073
GROUNDNESTERS,89,"528 (500,28)",-0.186 (-3.24),0.399 (7.64),0.083 (1.13),-0.235 (-2.59),0.102,0.065
GROUNDNESTERS,90,"601 (500,101)",0.368 (12.48),-0.013 (-0.2),0.131 (2.81),-0.124 (-1.53),0.522,0.052
GROUNDNESTERS,94,"751 (251,500)",-0.237 (-6.43),-0.287 (-5.24),0.016 (0.45),0.521 (5.56),0.089,0.068
GROUNDNESTERS,95,"609 (500,109)",0.124 (3.17),1.005 (19.25),0.303 (5.52),-0.152 (-1.96),0.821,0.059
GROUNDNESTERS,100,"1000 (500,500)",-0.139 (-3.76),0.328 (5.4),0.627 (17.27),-0.769 (-7.77),0.294,0.081
GROUNDNESTERS,103,"578 (500,78)",-0.082 (-2.16),0.429 (6.61),-0.103 (-1.53),0.062 (0.76),0.116,0.075
GROUNDNESTERS,104,"39 (26,13)",-0.614 (-2.58),1.666 (5.36),0.85 (1.93),1.803 (2.18),0.926,0.074
GROUNDNESTERS,105,"805 (500,305)",0.075 (1.5),0.544 (10.46),0.443 (5.7),-0.415 (-5.2),0.445,0.101
GROUNDNESTERS,108,"526 (26,500)",-0.177 (-3.96),0.569 (6.43),-0.209 (-2.37),0.531 (3.6),0.113,0.146
GROUNDNESTERS,136,"80 (31,49)",-0.16 (-1.4),0.6 (4.59),-0.155 (-1.22),0.287 (0.93),0.587,0.056
GROUNDNESTERS,165,"374 (151,223)",-0.214 (-2.52),-0.129 (-0.98),1.193 (10.47),-0.795 (-7.99),0.553,0.07
GROUNDNESTERS,166,"181 (21,160)",0.034 (0.8),-0.058 (-0.54),1.191 (11.83),-0.145 (-1),0.58,0.055
GROUNDNESTERS,168,"518 (500,18)",0.175 (2),0.205 (1.71),-0.531 (-5.37),0.179 (1.68),0.063,0.078
GROUNDNESTERS,170,"933 (500,433)",0.311 (4.88),0.207 (1.95),-0.485 (-6.18),0.192 (2.44),0.244,0.128
GROUNDNESTERS,171,"450 (130,320)",0.07 (0.49),0.527 (3.1),0.207 (1.61),-0.457 (-2.49),0.109,0.122
GROUNDNESTERS,172,"526 (500,26)",0.404 (4.84),0.258 (2.83),0.679 (7.73),0.117 (0.92),0.461,0.091
GROUNDNESTERS,175,"581 (500,81)",0.357 (6.74),0.03 (0.54),0.445 (6.79),-0.238 (-2.83),0.275,0.066
GROUNDNESTERS,176,"253 (100,153)",0.686 (11.39),0.281 (2.01),-0.551 (-6.55),0.166 (0.83),0.681,0.084
GROUNDNESTERS,177,"98 (37,61)",0.627 (4.37),-0.779 (-2.29),-0.333 (-2),0.919 (2.57),0.235,0.12
GROUNDNESTERS,178,"518 (166,352)",0.403 (4.82),0.122 (0.92),0.136 (1.72),-0.706 (-5.26),0.11,0.135
GROUNDNESTERS,179,"627 (500,127)",-0.035 (-0.5),-0.068 (-0.96),0.262 (3.26),0.913 (10.8),0.516,0.081
GROUNDNESTERS,180,"920 (500,420)",0.074 (1.62),0 (0),0.091 (1.39),0.306 (2.78),0.094,0.131
GROUNDNESTERS,181,"567 (67,500)",0.032 (0.56),-0.473 (-9.67),0.63 (13.37),0.758 (6.29),0.409,0.068
GROUNDNESTERS,183,"54 (31,23)",0.144 (0.92),0.204 (1.42),-0.696 (-3.37),0.712 (2.34),0.601,0.059
GROUNDNESTERS,199,"512 (12,500)",0.468 (9.93),-0.6 (-4.88),0.495 (3.73),0.132 (0.96),0.18,0.142
GROUNDNESTERS,200,"363 (330,33)",0.482 (9.9),-0.297 (-4.1),-0.019 (-0.22),0.752 (7.68),0.614,0.044
GROUNDNESTERS,207,"414 (309,105)",0.264 (2.32),-0.324 (-2.27),0.374 (3.24),0.223 (1.44),0.106,0.11
GROUNDNESTERS,215,"765 (265,500)",0.012 (0.28),0.153 (2.07),0.057 (1.13),-0.234 (-2.78),0.008,0.152
GROUNDNESTERS,216,"1000 (500,500)",-0.049 (-1.74),0.671 (17.78),0.028 (0.55),0.229 (3.17),0.578,0.093
GROUNDNESTERS,217,"734 (500,234)",0.045 (1.6),0.724 (15.57),0.134 (2.96),-0.515 (-8.07),0.378,0.073
OVERWATERNESTERS,51,"241 (49,192)",0.575 (3.44),-1.403 (-4.74),-0.179 (-0.63),1.162 (4.65),0.435,0.06
OVERWATERNESTERS,52,"498 (357,141)",0.012 (0.18),-0.112 (-1.24),0.316 (3.33),0.068 (0.61),0.036,0.099
OVERWATERNESTERS,53,"576 (76,500)",-0.002 (-0.12),0.554 (15.28),1.4 (44.17),-0.734 (-17.2),0.971,0.023
OVERWATERNESTERS,55,"166 (21,145)",0.144 (2.31),0.917 (7.44),0.143 (1.11),-0.713 (-4.24),0.355,0.109
OVERWATERNESTERS,59,"652 (500,152)",-0.037 (-0.77),-0.076 (-1.01),0.08 (1.33),0.073 (0.92),0.001,0.089
OVERWATERNESTERS,60,"563 (470,93)",0.032 (0.48),0.804 (20.95),0.201 (3.59),-0.156 (-2.99),0.666,0.057
OVERWATERNESTERS,62,"121 (41,80)",0.373 (3.7),-0.399 (-3.32),0.337 (1.36),-0.177 (-1.09),0.43,0.064
OVERWATERNESTERS,68,"441 (233,208)",0.064 (1.22),-0.251 (-2.45),-0.147 (-2.9),0.801 (7.77),0.376,0.106
OVERWATERNESTERS,69,"1000 (500,500)",0.73 (45.74),-0.086 (-2.87),-0.4 (-9.75),-0.211 (-3.95),0.681,0.052
OVERWATERNESTERS,70,"629 (500,129)",0.298 (6.51),0.067 (0.79),0.018 (0.23),0.029 (0.42),0.266,0.088
OVERWATERNESTERS,71,"667 (500,167)",0.062 (1.36),0.258 (3.76),-0.189 (-2.24),0.123 (1.16),0.078,0.099
OVERWATERNESTERS,72,"710 (500,210)",0.959 (21.27),0.463 (5.37),-0.881 (-10.86),-0.295 (-2.23),0.589,0.077
OVERWATERNESTERS,74,"673 (500,173)",0.58 (19.97),-0.088 (-1.79),-0.047 (-1.26),0.205 (3.61),0.728,0.059
OVERWATERNESTERS,77,"898 (500,398)",-0.07 (-2.65),0.056 (1),0.096 (1.87),0.132 (2.61),0.062,0.079
OVERWATERNESTERS,78,"865 (500,365)",0.037 (1.12),-0.087 (-1.7),0.109 (2.11),0.078 (2.07),0.037,0.082
OVERWATERNESTERS,80,"488 (69,419)",-0.144 (-3.48),0.431 (7.2),0.205 (3.69),-0.328 (-4.09),0.167,0.094
OVERWATERNESTERS,87,"157 (121,36)",0.069 (1.26),-0.004 (-0.05),-0.045 (-0.4),0.461 (3.58),0.419,0.039
OVERWATERNESTERS,88,"529 (500,29)",0.102 (2),0.078 (1.31),0.01 (0.13),0.065 (0.73),0.059,0.063
OVERWATERNESTERS,89,"528 (500,28)",-0.04 (-0.86),0.44 (10.26),0.236 (3.99),-0.394 (-5.67),0.258,0.053
OVERWATERNESTERS,90,"601 (500,101)",0.316 (9.01),0.034 (0.45),0.485 (8.79),0.048 (0.51),0.643,0.062
OVERWATERNESTERS,94,"751 (251,500)",0.417 (12.33),0.906 (19.06),-0.109 (-3.59),-0.483 (-6),0.848,0.061
OVERWATERNESTERS,95,"609 (500,109)",0.121 (2.89),0.808 (15.29),0.249 (4.34),-0.371 (-4.45),0.67,0.062
OVERWATERNESTERS,100,"1000 (500,500)",0.139 (5.06),-0.126 (-2.76),0.213 (8.3),-0.233 (-3.18),0.101,0.059
OVERWATERNESTERS,103,"578 (500,78)",0.083 (2.24),0.286 (4.45),0.038 (0.56),0.319 (3.98),0.353,0.073
OVERWATERNESTERS,104,"39 (26,13)",-0.095 (-0.58),0.785 (3.65),0.859 (2.82),0.795 (1.39),0.923,0.051
OVERWATERNESTERS,105,"805 (500,305)",0.321 (6.98),0.584 (12.01),0.1 (1.37),-0.397 (-5.37),0.539,0.095
OVERWATERNESTERS,108,"526 (26,500)",0.494 (12.31),0.424 (5.25),0.057 (0.73),0.133 (0.98),0.39,0.131
OVERWATERNESTERS,136,"80 (31,49)",-0.203 (-1.25),0.922 (5),0.649 (3.62),-0.899 (-2.07),0.592,0.079
OVERWATERNESTERS,165,"374 (151,223)",-0.392 (-8.8),-0.289 (-4.22),1.044 (17.52),0.247 (4.74),0.933,0.037
OVERWATERNESTERS,166,"181 (21,160)",-0.298 (-7.67),-0.136 (-1.37),1.331 (14.41),0.067 (0.5),0.561,0.05
OVERWATERNESTERS,168,"518 (500,18)",0.36 (4.86),-0.169 (-1.63),-0.474 (-5.77),0.376 (4.13),0.106,0.067
OVERWATERNESTERS,170,"933 (500,433)",0.456 (7.24),-0.072 (-0.69),-0.118 (-1.53),0.17 (2.18),0.328,0.127
OVERWATERNESTERS,171,"450 (130,320)",-0.406 (-2.94),1.02 (6.23),-0.076 (-0.61),-0.442 (-2.5),0.095,0.118
OVERWATERNESTERS,172,"526 (500,26)",-0.124 (-1.91),0.048 (0.74),0.332 (5.22),0.031 (0.34),0.069,0.065
OVERWATERNESTERS,175,"581 (500,81)",-0.099 (-1.93),0.113 (2.07),0.775 (12.17),-0.162 (-1.95),0.359,0.064
OVERWATERNESTERS,176,"253 (100,153)",0.145 (2.8),0.574 (4.77),0.002 (0.03),-0.073 (-0.42),0.573,0.072
OVERWATERNESTERS,177,"98 (37,61)",0.775 (11.77),-0.695 (-4.45),-0.079 (-1.04),0.691 (4.21),0.79,0.055
OVERWATERNESTERS,178,"518 (166,352)",0.783 (9.26),0.04 (0.3),0.283 (3.54),-0.89 (-6.55),0.322,0.137
OVERWATERNESTERS,179,"627 (500,127)",0.028 (0.45),0.007 (0.1),0.406 (5.4),0.731 (9.7),0.592,0.073
OVERWATERNESTERS,180,"920 (500,420)",0.205 (5.12),0.042 (0.7),0.295 (5.14),0.053 (0.54),0.26,0.115
OVERWATERNESTERS,181,"567 (67,500)",-0.261 (-5.44),0.033 (0.76),0.729 (17.51),0.738 (6.77),0.629,0.06
OVERWATERNESTERS,183,"54 (31,23)",-0.025 (-0.21),-0.074 (-0.68),-0.39 (-2.5),0.531 (2.3),0.091,0.044
OVERWATERNESTERS,199,"512 (12,500)",0.47 (11.61),-0.287 (-2.68),0.467 (4.3),-0.221 (-1.78),0.27,0.123
OVERWATERNESTERS,200,"363 (330,33)",0.117 (1.78),-0.417 (-4.18),-0.299 (-2.53),1.734 (13.06),0.584,0.059
OVERWATERNESTERS,207,"414 (309,105)",0.048 (0.59),-0.049 (-0.48),0.482 (5.81),0.183 (1.64),0.284,0.079
OVERWATERNESTERS,215,"765 (265,500)",0.207 (5.35),-0.144 (-2.05),0.022 (0.43),-0.04 (-0.48),0.048,0.142
OVERWATERNESTERS,216,"1000 (500,500)",0.155 (4.91),0.104 (2.55),-0.156 (-2.77),-0.008 (-0.1),0.057,0.1
OVERWATERNESTERS,217,"734 (500,234)",0.186 (5.66),0.226 (4.05),-0.03 (-0.56),-0.078 (-1.04),0.185,0.085
BLBW,89,"528 (500,28)",0.201 (4.64),0.772 (18.11),0.103 (1.78),0.096 (1.37),0.674,0.052
BLBW,90,"601 (500,101)",0.59 (17.31),1.045 (14.57),0.086 (1.58),-1.633 (-17.81),0.509,0.06
BLBW,94,"751 (251,500)",0.2 (4.12),0.162 (2.27),-0.367 (-8.67),0.208 (1.74),0.194,0.089
BLBW,95,"609 (500,109)",0.464 (9.19),0.54 (8.32),0.055 (0.79),0.226 (2.33),0.743,0.074
BLBW,100,"1000 (500,500)",0.292 (16.27),0.683 (23.69),-0.019 (-1.12),0.613 (13.32),0.924,0.038
BLBW,108,"526 (26,500)",0.947 (62.5),-0.008 (-0.26),-0.009 (-0.32),0 (-0.01),0.91,0.05
BOCH,51,"241 (49,192)",0.49 (5.46),0.01 (0.07),-0.447 (-2.94),0.367 (2.73),0.878,0.032
BOCH,52,"498 (357,141)",0.107 (1.9),0.324 (4.19),0.209 (2.57),0.706 (7.43),0.546,0.085
BOCH,53,"576 (76,500)",0.996 (26.67),1.059 (15.1),-0.883 (-14.16),-0.673 (-8.12),0.817,0.045
BOCH,55,"166 (21,145)",0.302 (4.97),0.287 (2.38),-0.307 (-2.43),0.091 (0.55),0.261,0.107
BOCH,59,"652 (500,152)",0.366 (8.56),-0.125 (-1.97),0.133 (2.48),-0.009 (-0.13),0.251,0.077
BOCH,60,"563 (470,93)",0.215 (2.3),-0.264 (-4.86),0.467 (5.9),0.338 (4.57),0.266,0.08
BOCH,62,"121 (41,80)",0.584 (4.53),-0.318 (-2.07),0.58 (1.83),-0.526 (-2.53),0.637,0.082
BOCH,68,"441 (233,208)",0.025 (0.39),-0.312 (-2.47),0.357 (5.72),0.072 (0.57),0.097,0.13
BOCH,69,"1000 (500,500)",0.074 (3.43),0.399 (9.52),-0.371 (-6.52),0.622 (8.24),0.593,0.072
BOCH,70,"629 (500,129)",0.265 (5.85),0.088 (1.04),-0.03 (-0.35),0.261 (3.75),0.35,0.088
BOCH,71,"667 (500,167)",0.395 (11.24),0.186 (3.43),-0.349 (-5.19),0.319 (3.84),0.431,0.077
BOCH,72,"710 (500,210)",0.314 (9.86),0.084 (1.39),0.435 (7.74),0.34 (3.57),0.847,0.054
BOCH,74,"673 (500,173)",0.095 (1.59),0.558 (5.39),-0.344 (-4.58),0.356 (3.08),0.184,0.12
BOCH,77,"898 (500,398)",0.165 (5.34),0.347 (5.33),-0.289 (-4.73),0.537 (9.01),0.517,0.093
BOCH,78,"865 (500,365)",-0.038 (-0.89),0.525 (7.94),-0.029 (-0.43),0.363 (7.54),0.417,0.106
BOCH,80,"488 (69,419)",0.068 (1.12),0.522 (5.97),-0.158 (-1.95),-0.453 (-3.86),0.099,0.138
BOCH,87,"157 (121,36)",0.195 (2.06),0.934 (7.06),-0.05 (-0.26),-0.03 (-0.14),0.715,0.067
BOCH,88,"529 (500,29)",0.305 (3.8),0.092 (1.02),0.185 (1.67),-0.088 (-0.61),0.116,0.1
BOCH,89,"528 (500,28)",-0.063 (-1.27),0.802 (16.6),0.235 (3.6),0.596 (7.41),0.685,0.058
BOCH,90,"601 (500,101)",0.72 (20.43),0.507 (6.47),0.178 (3.1),-0.224 (-2.27),0.805,0.063
BOCH,94,"751 (251,500)",0.434 (12.66),1.171 (23.95),-0.448 (-14.85),-0.336 (-4.03),0.889,0.063
BOCH,95,"609 (500,109)",0.106 (1.52),0.25 (2.76),0.059 (0.62),0.144 (1.01),0.194,0.101
BOCH,100,"1000 (500,500)",-0.05 (-1.16),-0.73 (-9.95),0.385 (9.23),0.738 (6.18),0.244,0.093
BOCH,103,"578 (500,78)",0.62 (15.8),0.191 (2.8),0.015 (0.21),0.001 (0.02),0.609,0.077
BOCH,104,"39 (26,13)",-0.488 (-1.62),1.779 (4.52),2.305 (4.13),-0.435 (-0.42),0.88,0.093
BOCH,105,"805 (500,305)",-0.133 (-2.63),0.387 (7.2),0.229 (2.94),0.006 (0.07),0.259,0.103
BOCH,108,"526 (26,500)",0.382 (11.23),0.337 (4.83),-0.023 (-0.34),0.565 (4.92),0.417,0.111
BOCH,136,"80 (31,49)",-0.379 (-1.52),0.622 (2.18),0.372 (1.34),0.467 (0.7),0.449,0.123
BOCH,165,"374 (151,223)",0.252 (3.64),0.029 (0.27),-0.03 (-0.33),0.61 (7.54),0.739,0.057
BOCH,166,"181 (21,160)",0.382 (11.66),0.325 (3.89),-0.221 (-2.84),-0.19 (-1.69),0.591,0.042
BOCH,168,"518 (500,18)",0.007 (0.09),-0.077 (-0.78),0.05 (0.62),0.273 (3.29),0.033,0.064
BOCH,170,"933 (500,433)",-0.186 (-3.89),0.089 (1.13),0.058 (0.98),0.803 (13.72),0.542,0.096
BOCH,171,"450 (130,320)",0.882 (6.86),-0.672 (-4.4),-0.36 (-3.13),1.026 (6.21),0.566,0.11
BOCH,172,"526 (500,26)",-0.415 (-4.58),0.581 (6.15),0.336 (3.89),0.984 (7.44),0.408,0.093
BOCH,175,"581 (500,81)",-0.126 (-1.88),0.43 (6.4),0.373 (4.82),-0.367 (-3.57),0.175,0.082
BOCH,176,"253 (100,153)",0.033 (0.47),-0.854 (-5.26),0.506 (5.17),0.957 (4.11),0.437,0.097
BOCH,177,"98 (37,61)",-0.089 (-0.82),0.19 (0.74),0.104 (0.83),0.405 (1.5),0.352,0.091
BOCH,178,"518 (166,352)",-0.314 (-4.89),0.84 (8.25),-0.054 (-0.88),0.209 (2.02),0.336,0.104
BOCH,179,"627 (500,127)",0.082 (1.14),0.878 (11.64),0.022 (0.26),-0.033 (-0.37),0.508,0.084
BOCH,180,"920 (500,420)",0.152 (3.69),-0.057 (-0.93),0.006 (0.1),0.386 (3.87),0.137,0.118
BOCH,181,"567 (67,500)",-0.681 (-10.78),0.542 (10.12),-0.161 (-3.1),0.96 (7.19),0.588,0.074
BOCH,183,"54 (31,23)",0.226 (1.74),-0.32 (-2.68),0.142 (0.83),0.771 (3.05),0.762,0.049
BOCH,199,"512 (12,500)",0.54 (19.27),0.449 (5.8),0.393 (4.93),-0.29 (-3.39),0.693,0.085
BOCH,200,"363 (330,33)",0.005 (0.1),0.138 (1.84),0.231 (2.55),0.304 (3.1),0.347,0.045
BOCH,207,"414 (309,105)",0.344 (5.17),-0.087 (-1.05),-0.062 (-0.92),0.067 (0.74),0.172,0.064
BOCH,215,"765 (265,500)",0.58 (20.51),-0.031 (-0.56),0.201 (5.3),-0.012 (-0.19),0.613,0.11
BOCH,216,"1000 (500,500)",0.594 (21.47),-0.026 (-0.7),-0.18 (-3.58),-0.007 (-0.1),0.455,0.093
BOCH,217,"734 (500,234)",0.619 (15.28),-0.22 (-3.25),0.361 (5.51),0.242 (2.66),0.631,0.105
BRCR,72,"710 (500,210)",-0.259 (-5.56),0.524 (5.83),0.23 (2.76),0.864 (6.29),0.661,0.08
BRCR,74,"673 (500,173)",0.311 (7.77),0.425 (6.48),-0.235 (-4.68),0.086 (1.11),0.403,0.081
BRCR,78,"865 (500,365)",0.286 (7.12),-0.261 (-4.18),-0.017 (-0.27),0.632 (13.68),0.42,0.101
BRCR,88,"529 (500,29)",0.045 (0.83),0.464 (7.83),-0.11 (-1.6),1.355 (15.42),0.66,0.063
BRCR,89,"528 (500,28)",0.241 (3.82),0.853 (14.32),0.001 (0.01),-0.173 (-1.64),0.481,0.073
BRCR,90,"601 (500,101)",0.409 (8.51),0.414 (3.95),0.074 (0.96),-0.403 (-2.84),0.335,0.085
BRCR,94,"751 (251,500)",0.619 (11.03),-0.463 (-5.8),0.869 (17.44),0.264 (1.92),0.675,0.102
BRCR,95,"609 (500,109)",0.464 (10.55),0.496 (8.72),0.111 (1.83),0.207 (2.33),0.779,0.066
BRCR,100,"1000 (500,500)",0.098 (2.68),1.584 (27.15),-0.038 (-1.13),-0.394 (-4.21),0.772,0.076
BRCR,103,"578 (500,78)",0.1 (1.77),0.244 (2.5),0.038 (0.36),0.108 (0.85),0.107,0.111
BRCR,108,"526 (26,500)",0.759 (22.88),0.15 (2.31),0.185 (2.89),-0.393 (-3.59),0.581,0.107
BRCR,172,"526 (500,26)",0.584 (10.43),0.238 (3.94),0.134 (2.21),0.383 (4.42),0.596,0.061
BRCR,175,"581 (500,81)",0.839 (12.25),-0.69 (-9.62),-0.34 (-4.11),0.484 (4.48),0.266,0.085
BRCR,177,"98 (37,61)",-0.183 (-1.95),0.373 (1.68),0.021 (0.19),-0.383 (-1.64),0.023,0.078
BRCR,179,"627 (500,127)",0.224 (3.9),0.69 (11.55),-0.06 (-0.92),0.123 (1.81),0.628,0.066
BRCR,180,"920 (500,420)",0.014 (0.36),-0.037 (-0.62),0.056 (1),0.17 (1.77),0.018,0.112
BRCR,199,"512 (12,500)",0.269 (9.06),0.833 (11.01),0.199 (2.63),-0.187 (-2.18),0.614,0.09
BRCR,200,"363 (330,33)",-0.117 (-1.87),0.143 (1.47),0.224 (1.87),0.764 (6.18),0.436,0.057
BRCR,207,"414 (309,105)",-0.269 (-3.35),0.219 (2.18),-0.012 (-0.15),0.251 (2.3),0.06,0.077
BRCR,217,"734 (500,234)",-0.151 (-3.3),0.575 (7.63),0.465 (6.35),0.166 (1.65),0.387,0.118
BTNW,78,"865 (500,365)",0.394 (8.81),-0.149 (-2.14),0.03 (0.42),0.407 (7.98),0.352,0.112
BTNW,80,"488 (69,419)",0.425 (10.17),0.443 (7.34),-0.16 (-2.86),-0.492 (-6.06),0.391,0.095
BTNW,87,"157 (121,36)",0.795 (8.18),0.962 (7.08),-0.508 (-2.54),-1.029 (-4.52),0.725,0.068
BTNW,88,"529 (500,29)",0.079 (1.31),0.44 (6.31),0.127 (1.53),0.68 (6.58),0.465,0.073
BTNW,89,"528 (500,28)",0.268 (4.98),1.003 (18.17),-0.033 (-0.46),0.39 (4.34),0.7,0.065
BTNW,90,"601 (500,101)",0.167 (5.3),1.268 (19.48),-0.012 (-0.25),-0.866 (-10.44),0.481,0.056
BTNW,94,"751 (251,500)",0.464 (10.28),1.421 (20.9),-0.939 (-24.07),-0.492 (-4.25),0.806,0.082
BTNW,95,"609 (500,109)",0.273 (7.17),0.338 (6.9),-0.125 (-2.44),0.607 (8.04),0.752,0.057
BTNW,100,"1000 (500,500)",0.088 (3.49),1.429 (36.51),-0.003 (-0.11),0.371 (5.85),0.914,0.052
BTNW,103,"578 (500,78)",0.245 (4.81),0.073 (0.88),0.227 (2.49),0.061 (0.57),0.226,0.097
BTNW,104,"39 (26,13)",-0.254 (-1.97),0.948 (5.64),0.986 (4.13),0.562 (1.26),0.946,0.04
BTNW,108,"526 (26,500)",0.916 (60.21),0.008 (0.26),0.001 (0.05),-0.025 (-0.5),0.903,0.05
BTNW,136,"80 (31,49)",-0.367 (-2.2),0.283 (1.49),-0.224 (-1.21),1.09 (2.43),0.359,0.082
BTNW,207,"414 (309,105)",0.404 (6.63),-0.079 (-1.04),-0.387 (-6.28),0.187 (2.25),0.239,0.059
BTNW,216,"1000 (500,500)",0.56 (19.77),0.107 (2.79),-0.13 (-2.48),-0.159 (-2.12),0.427,0.096
BTNW,217,"734 (500,234)",0.079 (2.21),0.596 (9.98),0.252 (4.24),0.061 (0.76),0.52,0.093
CAWA,62,"121 (41,80)",0.429 (12.84),0.002 (0.04),0.278 (3.38),0.352 (6.54),0.977,0.021
CAWA,88,"529 (500,29)",0.372 (8.28),0.385 (7.75),0.105 (1.71),0.047 (0.61),0.574,0.056
CAWA,89,"528 (500,28)",0.254 (5.25),1.006 (21.45),-0.004 (-0.07),0.331 (4.36),0.752,0.057
CAWA,90,"601 (500,101)",0.282 (7.6),0.892 (10.97),0.108 (1.83),-1.244 (-11.83),0.243,0.065
CAWA,94,"751 (251,500)",0.112 (2.33),0.313 (4.76),-0.417 (-10.11),0.136 (1.19),0.258,0.085
CAWA,95,"609 (500,109)",0.372 (8.79),0.674 (12.12),-0.011 (-0.19),0.11 (1.29),0.773,0.063
CAWA,100,"1000 (500,500)",0.318 (20.13),1.031 (41.69),-0.018 (-1.23),0.146 (3.75),0.949,0.032
CAWA,136,"80 (31,49)",0.241 (0.95),0.264 (0.91),0.565 (2),-0.404 (-0.59),0.365,0.125
CAWA,216,"1000 (500,500)",0.163 (4.83),-0.263 (-5.7),0.212 (3.4),0.942 (10.98),0.375,0.111
CAWA,217,"734 (500,234)",0.186 (4.83),0.581 (9.16),0.139 (2.26),-0.012 (-0.14),0.479,0.099
CMWA,55,"166 (21,145)",0.383 (5.35),0.072 (0.51),0.191 (1.28),-0.011 (-0.06),0.218,0.125
CMWA,60,"563 (470,93)",0.024 (0.19),-0.245 (-3.38),0.025 (0.24),0.072 (0.73),0.023,0.107
CMWA,69,"1000 (500,500)",-0.044 (-2.15),-0.472 (-12.43),0.008 (0.16),1.36 (19.11),0.274,0.067
CMWA,71,"667 (500,167)",0.454 (14.25),-0.035 (-0.71),0.088 (1.51),0.096 (1.33),0.51,0.07
CMWA,87,"157 (121,36)",0.931 (10.16),0.209 (1.63),-0.263 (-1.4),0.313 (1.46),0.864,0.064
CMWA,88,"529 (500,29)",0.414 (9.42),0.422 (8.34),0.154 (2.68),-0.071 (-0.93),0.634,0.052
CMWA,89,"528 (500,28)",0.213 (4.24),1.007 (22.23),0.058 (0.9),0.259 (3.38),0.745,0.057
CMWA,90,"601 (500,101)",0.346 (7.84),0.128 (1.35),0.657 (9.29),-0.101 (-0.84),0.586,0.079
CMWA,94,"751 (251,500)",0.439 (14.42),0.987 (19.6),-0.127 (-4.45),-0.274 (-3.21),0.91,0.058
CMWA,95,"609 (500,109)",0.033 (0.7),0.862 (14.72),-0.186 (-2.92),0.58 (6.21),0.745,0.068
CMWA,100,"1000 (500,500)",0.004 (0.13),1.31 (29.5),-0.004 (-0.14),0.514 (7.22),0.881,0.058
CMWA,103,"578 (500,78)",0.183 (3.57),0.223 (2.54),0.358 (3.91),0.183 (1.66),0.326,0.1
CMWA,136,"80 (31,49)",0.065 (0.25),0.099 (0.33),0.589 (2.04),0.216 (0.31),0.415,0.127
CMWA,207,"414 (309,105)",-0.197 (-2.52),0.506 (5.15),0.184 (2.32),-0.025 (-0.23),0.292,0.075
CMWA,217,"734 (500,234)",0.123 (2.73),0.379 (5.11),0.139 (1.91),0.206 (2.03),0.344,0.115
OSFL,51,"241 (49,192)",1.114 (5.09),-2.571 (-6.61),1.593 (4.29),0.484 (1.48),0.501,0.079
OSFL,55,"166 (21,145)",0.229 (3.96),0.116 (1.01),-0.062 (-0.51),-0.002 (-0.01),0.127,0.101
OSFL,60,"563 (470,93)",0.004 (0.04),0.348 (6.78),0.348 (4.65),-0.423 (-6.05),0.216,0.076
OSFL,62,"121 (41,80)",-0.22 (-2.66),1.081 (10.92),0.315 (1.55),-1.026 (-7.68),0.648,0.053
OSFL,69,"1000 (500,500)",0.036 (2.03),0.847 (25.37),0.396 (8.67),0.298 (4.94),0.932,0.058
OSFL,71,"667 (500,167)",0.346 (10.6),0.752 (14.83),0.086 (1.45),-0.064 (-0.84),0.752,0.072
OSFL,72,"710 (500,210)",0.706 (19.69),0.989 (14.17),0.059 (0.91),-0.119 (-1.1),0.923,0.063
OSFL,74,"673 (500,173)",0.017 (0.32),0.06 (0.65),0.416 (6.01),0.081 (0.77),0.201,0.109
OSFL,78,"865 (500,365)",0.24 (6.2),0.327 (5.43),-0.169 (-2.79),0.024 (0.54),0.2,0.097
OSFL,80,"488 (69,419)",0.235 (4.94),-0.012 (-0.18),-0.092 (-1.44),0.034 (0.37),0.061,0.109
OSFL,87,"157 (121,36)",-0.173 (-2.2),1.301 (11.82),-0.876 (-5.41),0.784 (4.25),0.571,0.055
OSFL,88,"529 (500,29)",0.207 (3.57),0.511 (7.54),0.265 (3.2),0.32 (3.2),0.53,0.071
OSFL,89,"528 (500,28)",0.152 (3.06),0.811 (18.42),-0.003 (-0.04),0.336 (4.39),0.666,0.056
OSFL,90,"601 (500,101)",0.852 (21.05),0.891 (10.2),0.247 (3.63),-1.293 (-11.55),0.687,0.074
OSFL,94,"751 (251,500)",0.149 (3.16),-0.211 (-3),-0.296 (-6.74),0.673 (5.6),0.126,0.087
OSFL,95,"609 (500,109)",-0.131 (-2.63),0.942 (14.78),-0.099 (-1.42),0.071 (0.7),0.547,0.074
OSFL,100,"1000 (500,500)",0.097 (4.65),0.749 (22.12),0.39 (19.88),-0.793 (-15.12),0.739,0.045
OSFL,103,"578 (500,78)",0.306 (6.62),0.523 (6.73),-0.103 (-1.22),0.043 (0.42),0.419,0.09
OSFL,108,"526 (26,500)",0.268 (7.08),0.06 (0.78),0.012 (0.17),0.421 (3.38),0.175,0.125
OSFL,136,"80 (31,49)",0.343 (1.58),-0.038 (-0.15),0.209 (0.87),0.065 (0.11),0.361,0.106
OSFL,165,"374 (151,223)",0.14 (3.46),0.056 (0.9),0.552 (10.18),0.35 (7.4),0.952,0.033
OSFL,168,"518 (500,18)",0.898 (8.53),-0.782 (-5.41),-0.649 (-5.6),0.173 (1.38),0.124,0.093
OSFL,170,"933 (500,433)",0.246 (3.56),-0.264 (-2.28),0.09 (1.07),0.043 (0.5),0.039,0.139
OSFL,171,"450 (130,320)",0.358 (3.21),-0.361 (-2.72),0.162 (1.62),0.108 (0.75),0.138,0.095
OSFL,172,"526 (500,26)",-0.062 (-0.86),0.027 (0.35),-0.017 (-0.24),0.256 (2.55),0.014,0.072
OSFL,175,"581 (500,81)",1.056 (17.96),-0.437 (-7.16),-0.194 (-2.76),0.123 (1.33),0.385,0.073
OSFL,176,"253 (100,153)",0.339 (7.56),0.314 (3.01),-0.155 (-2.48),0.01 (0.07),0.626,0.062
OSFL,177,"98 (37,61)",0.052 (0.59),0.668 (3.17),0.213 (2.07),-0.6 (-2.71),0.481,0.074
OSFL,178,"518 (166,352)",0.085 (1.1),-0.07 (-0.57),0.035 (0.48),0.167 (1.34),0.027,0.125
OSFL,179,"627 (500,127)",-0.014 (-0.2),0.105 (1.45),0.009 (0.12),0.208 (2.4),0.076,0.083
OSFL,180,"920 (500,420)",0.008 (0.2),-0.326 (-5.47),0.094 (1.65),0.534 (5.58),0.052,0.115
OSFL,181,"567 (67,500)",-0.529 (-7.11),0.223 (3.63),0.505 (7.96),0.679 (4.27),0.312,0.089
OSFL,183,"54 (31,23)",-0.055 (-0.38),0.719 (5.5),-0.159 (-0.85),-0.158 (-0.57),0.624,0.053
OSFL,199,"512 (12,500)",0.321 (6.23),0.386 (2.93),0.497 (3.86),-0.273 (-1.85),0.253,0.152
OSFL,200,"363 (330,33)",-0.032 (-0.7),-0.281 (-3.95),-0.064 (-0.76),0.238 (2.58),0.092,0.042
OSFL,207,"414 (309,105)",-0.103 (-1.17),0.171 (1.54),-0.356 (-3.98),0.113 (0.94),0.037,0.085
OSFL,215,"765 (265,500)",0.729 (22.96),-0.119 (-2.11),0.126 (3.14),-0.126 (-1.88),0.602,0.116
OSFL,216,"1000 (500,500)",0.199 (5.93),-0.277 (-6.06),-0.063 (-1.01),0.308 (3.59),0.065,0.113
OSFL,217,"734 (500,234)",0.18 (4.64),0.522 (8.12),0.172 (2.7),-0.111 (-1.23),0.412,0.099
PIGR,51,"241 (49,192)",0.406 (4.08),-0.011 (-0.06),-1.295 (-7.68),0.475 (3.19),0.573,0.036
PIGR,52,"498 (357,141)",-0.1 (-1.77),0.14 (1.82),-0.066 (-0.82),1.626 (17.18),0.624,0.084
PIGR,53,"576 (76,500)",1.192 (29.33),1.431 (18.62),-0.588 (-8.67),-1.525 (-16.87),0.865,0.049
PIGR,55,"166 (21,145)",0.215 (3.6),0.096 (0.81),-0.495 (-3.99),1.106 (6.86),0.466,0.105
PIGR,59,"652 (500,152)",0.884 (34.5),0.058 (1.45),-0.037 (-1.19),0.224 (5.38),0.875,0.046
PIGR,60,"563 (470,93)",0.178 (2.18),0.838 (17.67),0.017 (0.24),-0.482 (-7.47),0.516,0.07
PIGR,62,"121 (41,80)",0.427 (9.93),0.392 (7.65),0.335 (3.17),-0.349 (-5.04),0.967,0.027
PIGR,68,"441 (233,208)",0.118 (1.71),-0.382 (-2.83),0.401 (6),0.123 (0.9),0.17,0.14
PIGR,69,"1000 (500,500)",0.533 (20.83),0.138 (2.87),0.308 (4.71),-0.559 (-6.35),0.564,0.083
PIGR,70,"629 (500,129)",0.165 (3.03),-0.153 (-1.52),-0.048 (-0.48),0.666 (7.81),0.278,0.107
PIGR,71,"667 (500,167)",0.668 (15.88),0.1 (1.56),-0.253 (-3.23),-0.356 (-3.72),0.405,0.092
PIGR,72,"710 (500,210)",-0.387 (-9.29),0.661 (8.41),0.214 (2.85),0.765 (6.4),0.672,0.073
PIGR,74,"673 (500,173)",0.458 (11.6),0.332 (4.95),-0.327 (-6.52),0.134 (1.74),0.502,0.079
PIGR,77,"898 (500,398)",-0.091 (-3.47),0.157 (2.81),-0.025 (-0.48),0.346 (6.71),0.221,0.079
PIGR,78,"865 (500,365)",0.167 (6.05),-0.185 (-4.34),-0.069 (-1.61),0.208 (6.59),0.107,0.07
PIGR,80,"488 (69,419)",0.61 (16.5),0.1 (1.88),-0.025 (-0.5),-0.169 (-2.36),0.49,0.084
PIGR,87,"157 (121,36)",1.007 (9.14),0.665 (4.32),-0.624 (-2.76),0.062 (0.24),0.816,0.077
PIGR,88,"529 (500,29)",0.407 (8.64),0.334 (6.52),0.146 (2.38),0.15 (1.9),0.612,0.055
PIGR,89,"528 (500,28)",0.25 (5.64),0.833 (19.54),0.127 (2.28),0.236 (3.3),0.746,0.051
PIGR,90,"601 (500,101)",0.695 (17.31),0.752 (9.06),0.107 (1.69),-0.717 (-6.4),0.691,0.069
PIGR,94,"751 (251,500)",0.189 (3.73),-0.35 (-4.6),-0.116 (-2.7),0.71 (5.43),0.123,0.092
PIGR,95,"609 (500,109)",0.265 (5.12),0.724 (11),0.05 (0.71),-0.082 (-0.8),0.628,0.077
PIGR,100,"1000 (500,500)",0.296 (9.96),1.353 (28.24),-0.408 (-14.82),0.279 (3.73),0.858,0.062
PIGR,103,"578 (500,78)",0.018 (0.48),-0.207 (-3.33),0.069 (1.03),0.292 (3.65),0.037,0.072
PIGR,104,"39 (26,13)",-0.282 (-1.67),1.357 (6.16),1.097 (3.51),-0.305 (-0.52),0.894,0.052
PIGR,105,"805 (500,305)",0.259 (7.33),-0.007 (-0.2),0.047 (0.85),-0.024 (-0.42),0.175,0.072
PIGR,108,"526 (26,500)",0.104 (2.47),0.592 (6.98),0.044 (0.55),0.448 (3.31),0.21,0.136
PIGR,136,"80 (31,49)",0.492 (2.37),0.175 (0.74),0.339 (1.48),-0.253 (-0.45),0.564,0.102
PIGR,165,"374 (151,223)",0.199 (3.03),0.47 (4.66),-0.258 (-2.94),0.186 (2.42),0.383,0.054
PIGR,166,"181 (21,160)",-0.061 (-2.56),0.174 (2.86),0.104 (1.84),0.172 (2.09),0.367,0.031
PIGR,168,"518 (500,18)",0.22 (4.07),-0.373 (-5.05),-0.017 (-0.28),0.166 (2.49),0.064,0.047
PIGR,170,"933 (500,433)",0.033 (0.71),0.026 (0.33),-0.129 (-2.27),0.466 (8.15),0.321,0.094
PIGR,171,"450 (130,320)",0.318 (4.39),0.62 (7.2),0.366 (5.63),-0.665 (-7.14),0.63,0.062
PIGR,172,"526 (500,26)",-0.011 (-0.35),0.297 (8.49),-0.014 (-0.45),-0.089 (-1.84),0.251,0.033
PIGR,175,"581 (500,81)",0.016 (0.53),0.446 (13.88),0.083 (2.26),-0.039 (-0.8),0.616,0.039
PIGR,176,"253 (100,153)",-0.078 (-2.83),0.184 (2.88),0.006 (0.15),0.054 (0.6),0.136,0.038
PIGR,177,"98 (37,61)",0.245 (5.35),0.404 (3.71),-0.041 (-0.77),-0.329 (-2.88),0.771,0.038
PIGR,178,"518 (166,352)",0.14 (2.33),-0.002 (-0.02),0.045 (0.79),0.548 (5.68),0.368,0.097
PIGR,179,"627 (500,127)",0.452 (8.2),0.435 (7.56),-0.081 (-1.27),-0.313 (-4.71),0.416,0.063
PIGR,180,"920 (500,420)",-0.095 (-3.54),0.061 (1.53),-0.041 (-1.07),0.43 (6.55),0.116,0.077
PIGR,181,"567 (67,500)",0.18 (9.82),0.208 (14.44),0.125 (8.5),-0.11 (-3.05),0.807,0.021
PIGR,183,"54 (31,23)",0.476 (5.62),-0.263 (-3.38),-0.083 (-0.74),0.33 (2),0.824,0.032
PIGR,199,"512 (12,500)",1.01 (37.65),-0.343 (-4.88),-0.209 (-3.21),-0.16 (-2.02),0.796,0.08
PIGR,200,"363 (330,33)",-0.123 (-1.72),0.032 (0.3),0.084 (0.64),0.556 (3.85),0.158,0.063
PIGR,207,"414 (309,105)",-0.098 (-1.3),-0.204 (-2.16),-0.064 (-0.84),0.53 (5.16),0.053,0.073
PIGR,215,"765 (265,500)",0.368 (10.58),0.196 (3.06),-0.02 (-0.45),-0.208 (-2.83),0.24,0.126
PIGR,216,"1000 (500,500)",0.298 (9.12),0.934 (20.2),0.024 (0.4),-0.885 (-10.4),0.511,0.11
PIGR,217,"734 (500,234)",0.263 (8.14),0.303 (5.62),0.088 (1.64),0.439 (6.01),0.639,0.084
RUBL,51,"241 (49,192)",0.002 (0.01),-0.884 (-3.7),0.819 (3.59),0.492 (2.44),0.486,0.048
RUBL,52,"498 (357,141)",0.007 (0.15),0.043 (0.66),-0.123 (-1.82),1.039 (13.09),0.49,0.071
RUBL,53,"576 (76,500)",1.012 (25.06),-0.036 (-0.49),-0.027 (-0.4),-0.685 (-7.89),0.845,0.048
RUBL,55,"166 (21,145)",0.486 (7.44),0.843 (6.52),-0.386 (-2.84),-0.277 (-1.57),0.494,0.114
RUBL,59,"652 (500,152)",0.773 (20.97),0.363 (6.76),0.096 (2.13),0.076 (1.26),0.798,0.066
RUBL,60,"563 (470,93)",-0.315 (-4.05),1.16 (25.73),-0.137 (-2.09),-0.085 (-1.38),0.629,0.067
RUBL,62,"121 (41,80)",0.844 (5.99),-1.138 (-6.76),0.194 (0.56),0.083 (0.36),0.512,0.09
RUBL,68,"441 (233,208)",-0.06 (-1.04),0.095 (0.84),0.101 (1.8),0.013 (0.12),0.011,0.117
RUBL,69,"1000 (500,500)",-0.122 (-5.51),0.786 (19.58),-0.037 (-0.65),0.094 (1.26),0.782,0.071
RUBL,70,"629 (500,129)",0.353 (8.46),-0.32 (-3.96),-0.087 (-1.13),0.696 (10.69),0.497,0.082
RUBL,71,"667 (500,167)",0.755 (28.64),0.418 (10.4),0.041 (0.84),-0.219 (-3.62),0.849,0.057
RUBL,72,"710 (500,210)",0.277 (6.64),0.08 (1.02),-0.313 (-4.21),0.2 (1.65),0.169,0.072
RUBL,74,"673 (500,173)",0.573 (14.64),0.284 (4.36),-0.1 (-2.03),-0.332 (-4.42),0.502,0.078
RUBL,77,"898 (500,398)",0.738 (34.48),0.333 (7.29),-0.206 (-4.86),0.006 (0.14),0.839,0.064
RUBL,78,"865 (500,365)",0.419 (10.61),0.69 (11),-0.032 (-0.51),-0.431 (-9.46),0.414,0.101
RUBL,80,"488 (69,419)",0.08 (1.55),0.374 (5.03),-0.148 (-2.15),-0.24 (-2.4),0.088,0.117
RUBL,87,"157 (121,36)",0.109 (1.49),-0.026 (-0.26),-0.226 (-1.5),1.156 (6.73),0.591,0.052
RUBL,88,"529 (500,29)",0.527 (9.11),0.159 (2.42),0.291 (3.74),-0.288 (-3.01),0.414,0.07
RUBL,89,"528 (500,28)",0.27 (4.76),1.037 (18.15),0.176 (2.41),0.191 (2.03),0.702,0.068
RUBL,90,"601 (500,101)",0.112 (3.59),1.27 (18.45),-0.003 (-0.06),-0.678 (-7.67),0.489,0.056
RUBL,94,"751 (251,500)",0.403 (8.66),1.504 (22.46),-0.664 (-16.86),-0.617 (-5.37),0.84,0.081
RUBL,95,"609 (500,109)",0.179 (3.89),0.708 (11.9),-0.098 (-1.56),0.478 (5.25),0.75,0.067
RUBL,100,"1000 (500,500)",0.032 (1.44),1.319 (35.91),0.061 (2.8),-0.022 (-0.38),0.89,0.048
RUBL,103,"578 (500,78)",0.047 (1.13),-0.009 (-0.13),0.176 (2.24),-0.053 (-0.56),0.019,0.082
RUBL,104,"39 (26,13)",-0.341 (-3.46),0.589 (4.58),0.773 (4.25),0.971 (2.84),0.954,0.031
RUBL,105,"805 (500,305)",0.015 (0.28),0.119 (2.14),0.295 (3.51),-0.086 (-1),0.085,0.11
RUBL,108,"526 (26,500)",0.083 (1.92),0.579 (6.76),-0.089 (-1.08),0.232 (1.62),0.141,0.138
RUBL,136,"80 (31,49)",-0.393 (-1.54),0.437 (1.5),-0.435 (-1.54),1.509 (2.2),0.361,0.125
RUBL,165,"374 (151,223)",0.397 (8.85),0.253 (3.67),0.271 (4.51),-0.238 (-4.54),0.824,0.037
RUBL,166,"181 (21,160)",0.962 (36.25),-0.356 (-5.27),-0.242 (-3.83),0.347 (3.8),0.924,0.034
RUBL,168,"518 (500,18)",0.702 (7.17),-0.998 (-7.17),-0.321 (-2.89),0.626 (5.24),0.145,0.086
RUBL,170,"933 (500,433)",-0.109 (-1.88),0.033 (0.34),-0.127 (-1.82),0.414 (5.89),0.106,0.115
RUBL,171,"450 (130,320)",0.343 (2.97),-0.319 (-2.33),0.605 (5.85),0.022 (0.15),0.396,0.099
RUBL,172,"526 (500,26)",-0.305 (-4.02),0.549 (7.09),0.208 (2.79),1.067 (9.85),0.499,0.075
RUBL,175,"581 (500,81)",-0.116 (-1.67),0.379 (5.29),0.289 (3.63),-0.233 (-2.18),0.141,0.086
RUBL,176,"253 (100,153)",-0.183 (-2.6),-0.266 (-1.63),0.024 (0.24),0.641 (2.74),0.072,0.098
RUBL,177,"98 (37,61)",0.128 (1.34),0.41 (1.81),0.835 (7.56),-0.637 (-2.68),0.68,0.08
RUBL,178,"518 (166,352)",-0.31 (-4.47),0.612 (5.56),-0.06 (-0.92),0.111 (1),0.123,0.113
RUBL,179,"627 (500,127)",0.318 (4.97),0.658 (9.62),-0.222 (-2.94),-0.109 (-1.39),0.438,0.074
RUBL,180,"920 (500,420)",-0.093 (-1.98),-0.065 (-0.92),-0.03 (-0.45),0.542 (4.73),0.033,0.135
RUBL,181,"567 (67,500)",-0.737 (-7.74),-0.044 (-0.57),0.102 (1.35),2.216 (11.57),0.427,0.112
RUBL,183,"54 (31,23)",-0.04 (-0.32),-0.271 (-2.36),0.147 (0.89),0.545 (2.24),0.341,0.047
RUBL,199,"512 (12,500)",0.518 (21.85),0.202 (3.17),0.285 (4.06),-0.318 (-4.33),0.656,0.074
RUBL,200,"363 (330,33)",-0.187 (-2.94),-0.141 (-1.46),0.549 (4.67),-0.06 (-0.46),0.065,0.057
RUBL,207,"414 (309,105)",0.048 (0.5),0.48 (3.98),-0.472 (-4.84),-0.136 (-1.04),0.078,0.093
RUBL,215,"765 (265,500)",0.039 (1.07),0.113 (1.76),-0.131 (-3),0.155 (2.16),0.025,0.131
RUBL,216,"1000 (500,500)",0.113 (3.47),0.616 (13.3),0.204 (3.16),-0.084 (-0.95),0.483,0.116
RUBL,217,"734 (500,234)",-0.046 (-1.02),0.535 (7.24),0.43 (5.9),0.265 (2.54),0.47,0.114
SWTH,51,"241 (49,192)",0.439 (6.79),-0.078 (-0.68),-0.383 (-3.5),0.952 (9.85),0.973,0.023
SWTH,55,"166 (21,145)",0.279 (3.78),0.574 (3.93),-0.71 (-4.62),1.045 (5.24),0.504,0.129
SWTH,59,"652 (500,152)",0.685 (28.21),-0.089 (-2.43),-0.044 (-1.45),-0.077 (-1.9),0.713,0.044
SWTH,60,"563 (470,93)",0.063 (0.84),-0.052 (-1.19),0.413 (6.45),0.469 (7.84),0.429,0.065
SWTH,62,"121 (41,80)",-0.651 (-11.98),0.178 (2.74),0.244 (1.83),1.452 (16.57),0.875,0.035
SWTH,68,"441 (233,208)",0.773 (21.02),-0.197 (-2.75),0.077 (2.18),0.249 (3.44),0.866,0.074
SWTH,69,"1000 (500,500)",0.401 (20.66),0.543 (15.46),0.208 (4.16),0.546 (8.15),0.905,0.063
SWTH,70,"629 (500,129)",0.38 (7.58),-0.546 (-5.76),0.057 (0.62),0.794 (10.07),0.44,0.098
SWTH,71,"667 (500,167)",0.449 (10.73),0.276 (4.18),-0.023 (-0.29),-0.134 (-1.38),0.438,0.091
SWTH,72,"710 (500,210)",-0.116 (-2.99),1.355 (18.52),0.257 (3.79),0.743 (6.45),0.915,0.068
SWTH,74,"673 (500,173)",0.502 (10.14),0.992 (11.65),-0.585 (-9.52),0.12 (1.26),0.572,0.1
SWTH,77,"898 (500,398)",0.675 (25.06),0.426 (7.48),-0.079 (-1.53),-0.15 (-2.89),0.757,0.08
SWTH,78,"865 (500,365)",0.187 (4.4),1.147 (17.3),-0.1 (-1.46),-0.411 (-8.39),0.446,0.107
SWTH,80,"488 (69,419)",-0.044 (-0.7),0.664 (7.25),-0.09 (-1.06),-0.294 (-2.4),0.146,0.144
SWTH,87,"157 (121,36)",1.261 (20.35),0.212 (2.45),-0.833 (-6.54),-0.192 (-1.32),0.911,0.044
SWTH,88,"529 (500,29)",0.164 (2.16),-0.19 (-2.31),-0.383 (-3.69),0.884 (7.19),0.111,0.089
SWTH,89,"528 (500,28)",0.019 (0.4),0.63 (14.39),0.19 (3),1.03 (13.87),0.737,0.055
SWTH,90,"601 (500,101)",0.574 (16),0.507 (6.59),0.366 (6.66),-0.523 (-5.19),0.716,0.063
SWTH,94,"751 (251,500)",0.062 (1.34),-0.181 (-2.61),-0.252 (-5.92),0.538 (4.52),0.062,0.087
SWTH,95,"609 (500,109)",0.153 (3.18),0.073 (1.16),-0.22 (-3.35),0.695 (7.24),0.408,0.073
SWTH,100,"1000 (500,500)",-0.289 (-6.89),0.94 (14.17),0.66 (16.51),-0.258 (-2.42),0.634,0.089
SWTH,103,"578 (500,78)",0.607 (17.46),0.189 (3.04),-0.041 (-0.63),0.228 (2.9),0.698,0.068
SWTH,104,"39 (26,13)",-0.58 (-2.1),1.419 (3.94),1.723 (3.38),0.37 (0.39),0.867,0.086
SWTH,105,"805 (500,305)",-0.097 (-1.69),0.522 (8.76),0.137 (1.51),0.185 (2.06),0.4,0.115
SWTH,108,"526 (26,500)",0.941 (50.27),0.023 (0.63),0.067 (1.83),-0.277 (-4.35),0.863,0.061
SWTH,136,"80 (31,49)",-0.046 (-0.24),0.182 (0.84),-0.158 (-0.75),0.683 (1.33),0.312,0.094
SWTH,165,"374 (151,223)",0.885 (11.07),-0.314 (-2.56),-0.712 (-6.66),1.219 (13.05),0.698,0.066
SWTH,166,"181 (21,160)",-0.104 (-1.93),-0.422 (-3.09),0.164 (1.29),0.739 (4.01),0.072,0.069
SWTH,168,"518 (500,18)",-0.275 (-4.33),0.225 (2.71),0.335 (4.76),0.55 (7.25),0.268,0.055
SWTH,170,"933 (500,433)",0.326 (10),0.33 (6.07),-0.025 (-0.63),0.426 (10.61),0.865,0.065
SWTH,171,"450 (130,320)",0.932 (7.96),-0.697 (-5.01),-0.268 (-2.55),1.072 (7.12),0.673,0.1
SWTH,172,"526 (500,26)",-0.147 (-2.6),0.079 (1.32),0.114 (1.95),0.543 (6.29),0.153,0.06
SWTH,175,"581 (500,81)",0.472 (10.01),-0.362 (-7.04),0.045 (0.76),0.188 (2.44),0.185,0.059
SWTH,176,"253 (100,153)",0.877 (15.07),-0.291 (-2.16),0.21 (2.58),0.354 (1.83),0.827,0.081
SWTH,177,"98 (37,61)",0.186 (2.14),0.543 (2.63),0.235 (2.33),-0.01 (-0.04),0.767,0.073
SWTH,178,"518 (166,352)",-0.009 (-0.15),-0.025 (-0.25),-0.07 (-1.18),0.693 (6.88),0.241,0.102
SWTH,179,"627 (500,127)",0.622 (11.26),0.192 (3.16),0.074 (1.08),-0.133 (-1.96),0.532,0.067
SWTH,180,"920 (500,420)",0.592 (15.37),-0.198 (-3.48),0.107 (1.94),-0.096 (-1.04),0.36,0.11
SWTH,181,"567 (67,500)",0.732 (12.03),-0.416 (-8.19),-0.044 (-0.87),1.336 (10.57),0.713,0.073
SWTH,183,"54 (31,23)",0.752 (6.74),0.135 (1.32),-0.177 (-1.2),0.308 (1.42),0.93,0.042
SWTH,199,"512 (12,500)",-0.001 (-0.04),0.783 (10.18),0.338 (4.6),0.336 (3.73),0.573,0.087
SWTH,200,"363 (330,33)",-1.08 (-11.64),0.074 (0.53),0.129 (0.74),1.152 (6.3),0.322,0.084
SWTH,207,"414 (309,105)",0.767 (6.39),-0.67 (-4.46),-0.095 (-0.78),0.123 (0.75),0.096,0.115
SWTH,215,"765 (265,500)",0.624 (18.91),-0.03 (-0.51),0.145 (3.51),0.044 (0.67),0.593,0.118
SWTH,216,"1000 (500,500)",0.301 (9.87),-0.211 (-5.17),-0.069 (-1.26),0.296 (3.71),0.154,0.103
SWTH,217,"734 (500,234)",0.211 (5.47),0.133 (2.06),0.01 (0.16),-0.086 (-1),0.136,0.099
WWCR,51,"241 (49,192)",0.649 (3.71),0.597 (1.92),-0.819 (-2.76),-0.293 (-1.12),0.697,0.063
WWCR,52,"498 (357,141)",-0.024 (-0.61),0.16 (2.95),0.262 (4.6),0.814 (12.17),0.635,0.06
WWCR,53,"576 (76,500)",1.235 (19.49),2.113 (17.72),-0.605 (-5.7),-2.649 (-18.73),0.731,0.077
WWCR,55,"166 (21,145)",0.575 (8.05),0.408 (2.88),-0.362 (-2.43),0.097 (0.5),0.445,0.125
WWCR,59,"652 (500,152)",0.197 (4.83),-0.09 (-1.45),0.069 (1.37),0.082 (1.25),0.129,0.073
WWCR,60,"563 (470,93)",-0.258 (-3.85),0.089 (2.29),0.484 (8.56),-0.135 (-2.56),0.176,0.057
WWCR,62,"121 (41,80)",-0.137 (-1.82),0.785 (8.78),0.187 (1.02),-0.665 (-5.51),0.581,0.048
WWCR,68,"441 (233,208)",0.342 (4.86),-0.537 (-3.91),-0.182 (-2.67),0.22 (1.59),0.134,0.142
WWCR,69,"1000 (500,500)",0.032 (1.5),0.739 (18.03),-0.14 (-2.49),-0.041 (-0.54),0.744,0.072
WWCR,70,"629 (500,129)",0.5 (13.16),0.14 (1.98),-0.123 (-1.78),0.07 (1.19),0.562,0.074
WWCR,71,"667 (500,167)",0.808 (25.14),0.242 (4.89),-0.159 (-2.62),-0.193 (-2.59),0.735,0.07
WWCR,72,"710 (500,210)",0.741 (31.49),-0.067 (-1.51),-0.656 (-15.17),0.653 (9.66),0.819,0.041
WWCR,74,"673 (500,173)",0.733 (23.54),0.467 (8.76),-0.259 (-6.54),0.125 (2.08),0.822,0.062
WWCR,77,"898 (500,398)",-0.143 (-3.91),-0.127 (-1.67),0.388 (5.47),0.422 (5.99),0.17,0.11
WWCR,78,"865 (500,365)",0.496 (11.96),-0.363 (-5.68),-0.153 (-2.38),0.601 (12.66),0.402,0.103
WWCR,80,"488 (69,419)",-0.161 (-2.61),0.042 (0.47),0.037 (0.44),0.772 (6.46),0.137,0.141
WWCR,87,"157 (121,36)",0.052 (0.64),1.424 (12.62),-0.252 (-1.52),-0.192 (-1.01),0.766,0.057
WWCR,88,"529 (500,29)",0.129 (1.98),0.396 (5.44),0.017 (0.19),-0.318 (-2.93),0.145,0.079
WWCR,89,"528 (500,28)",0.448 (8.68),0.068 (1.4),-0.079 (-1.16),0.304 (3.75),0.344,0.06
WWCR,90,"601 (500,101)",0.923 (24.76),0.468 (5.85),0.331 (5.58),-0.898 (-8.8),0.778,0.067
WWCR,94,"751 (251,500)",0.408 (9.91),0.885 (14.93),-0.778 (-20.41),0.004 (0.04),0.757,0.077
WWCR,95,"609 (500,109)",0.4 (8.02),0.508 (7.76),0.041 (0.6),-0.257 (-2.53),0.555,0.074
WWCR,100,"1000 (500,500)",0.288 (12.34),0.06 (1.58),-0.355 (-15.91),0.564 (9.25),0.494,0.049
WWCR,103,"578 (500,78)",0.413 (8.97),0.011 (0.15),0.219 (2.63),0.27 (2.72),0.461,0.089
WWCR,104,"39 (26,13)",-0.605 (-2.13),1.499 (4.04),1.792 (3.4),1.125 (1.14),0.908,0.088
WWCR,105,"805 (500,305)",0.112 (1.91),-0.184 (-3.02),0.44 (4.84),0.365 (3.93),0.152,0.119
WWCR,108,"526 (26,500)",0.422 (11.69),0.263 (3.66),0.127 (1.89),0.493 (4.23),0.42,0.116
WWCR,136,"80 (31,49)",0.175 (1.16),-0.022 (-0.13),-0.252 (-1.5),0.79 (1.94),0.529,0.074
WWCR,165,"374 (151,223)",-0.081 (-1.59),0.158 (2.02),-0.109 (-1.6),0.251 (4.22),0.261,0.042
WWCR,166,"181 (21,160)",0.579 (10.46),-0.934 (-6.63),-0.24 (-1.82),0.784 (4.13),0.514,0.071
WWCR,168,"518 (500,18)",0.007 (0.11),-0.067 (-0.7),0.53 (6.64),0.283 (3.13),0.262,0.062
WWCR,170,"933 (500,433)",-0.121 (-2.29),0.122 (1.38),-0.259 (-4.02),0.823 (12.8),0.465,0.104
WWCR,171,"450 (130,320)",0.294 (2.43),0.005 (0.04),0.05 (0.46),0.682 (4.39),0.602,0.103
WWCR,172,"526 (500,26)",0.312 (5.25),0.152 (2.29),0.402 (6.65),-0.179 (-2.02),0.388,0.062
WWCR,175,"581 (500,81)",0.112 (2.18),0.484 (9.38),0.215 (3.47),-0.002 (-0.03),0.539,0.063
WWCR,176,"253 (100,153)",-0.498 (-9.2),0.589 (4.69),0.394 (5.21),0.359 (2),0.573,0.075
WWCR,177,"98 (37,61)",-0.029 (-0.27),0.342 (1.35),0.649 (5.25),-0.2 (-0.75),0.523,0.089
WWCR,178,"518 (166,352)",0.14 (2.4),0.134 (1.44),0.196 (3.56),-0.102 (-1.08),0.192,0.095
WWCR,179,"627 (500,127)",0.104 (1.32),0.347 (4.33),-0.108 (-1.23),0.209 (2.19),0.221,0.091
WWCR,180,"920 (500,420)",-0.196 (-4.13),-0.206 (-2.9),0.068 (1),0.587 (5.08),0.03,0.136
WWCR,181,"567 (67,500)",0.642 (7.54),0.364 (5.31),-0.18 (-2.64),-1.444 (-8.37),0.119,0.097
WWCR,183,"54 (31,23)",-1.048 (-5),0.837 (4.35),-0.572 (-2.07),1.253 (3.07),0.458,0.079
WWCR,199,"512 (12,500)",0.368 (8.44),0.722 (6.15),0.699 (5.31),-0.508 (-3.76),0.443,0.133
WWCR,200,"363 (330,33)",-0.17 (-2.22),-0.111 (-0.94),0.251 (1.76),0.563 (3.64),0.09,0.069
WWCR,207,"414 (309,105)",0.009 (0.1),0.024 (0.21),-0.029 (-0.31),0.186 (1.5),0.025,0.088
WWCR,215,"765 (265,500)",0.068 (2.12),0.136 (2.4),0.019 (0.47),0.641 (8.78),0.391,0.117
WWCR,216,"1000 (500,500)",0.035 (1.19),0.77 (18.08),-0.219 (-3.76),0.205 (2.49),0.522,0.105
WWCR,217,"734 (500,234)",0.235 (5.02),0.296 (3.86),0.664 (8.7),-0.663 (-6.31),0.307,0.119
