ecozone,ecoprovince,ecoregion,species,eco_cells,spp_cells,pct_range,min,mean,median,p80,p90,p95,max,std_dev
4,4.2,50,blbw,565,564,0,0.0014,0.0022,0.0022,0.0024,0.0024,0.0024,0.0025,2e-4
4,4.2,50,boch,565,564,100,0.0376,0.0454,0.0459,0.0466,0.0468,0.0472,0.0503,0.0018
4,4.2,50,brcr,565,564,0,0.0119,0.0128,0.0128,0.0131,0.0132,0.0132,0.0134,3e-4
4,4.2,50,btnw,565,564,0,0.0024,0.0035,0.0037,0.0037,0.0037,0.0037,0.0044,3e-4
4,4.2,50,cawa,565,564,0,0.0022,0.0024,0.0023,0.0025,0.0027,0.0027,0.0029,1e-4
4,4.2,50,cmwa,565,564,0,0.0045,0.011,0.011,0.0128,0.0136,0.0144,0.065,0.0057
4,4.2,50,osfl,565,564,0,0.0029,0.0047,0.0047,0.0055,0.0056,0.0057,0.0079,7e-4
4,4.2,50,pigr,565,564,100,0.0059,0.0186,0.0104,0.027,0.0456,0.0552,0.1261,0.018
4,4.2,50,rubl,565,564,83,0.0032,0.0226,0.0164,0.0387,0.0536,0.0621,0.0956,0.0195
4,4.2,50,swth,565,564,0,0.0515,0.067,0.0665,0.0734,0.0774,0.0816,0.0932,0.008
4,4.2,50,wwcr,565,564,100,0.0717,0.0948,0.0938,0.1017,0.1057,0.117,0.1961,0.0151
4,4.1,51,blbw,3792,3792,0,0.0016,0.003,0.0025,0.0033,0.0045,0.0064,0.0081,0.0012
4,4.1,51,boch,3792,3792,100,0.0184,0.0491,0.0481,0.0498,0.0532,0.0602,0.0889,0.0058
4,4.1,51,brcr,3792,3792,0,0.0107,0.0143,0.0135,0.0157,0.0185,0.0191,0.021,0.0021
4,4.1,51,btnw,3792,3792,0,0.0027,0.004,0.0037,0.0046,0.0054,0.0057,0.0095,9e-4
4,4.1,51,cawa,3792,3792,0,0.0019,0.0025,0.0024,0.0027,0.0028,0.0029,0.0053,3e-4
4,4.1,51,cmwa,3792,3792,0,0.0029,0.0098,0.0104,0.0118,0.013,0.0137,0.0203,0.0027
4,4.1,51,osfl,3792,3792,57,0.0025,0.0055,0.0055,0.0063,0.0074,0.0085,0.0105,0.0014
4,4.1,51,pigr,3792,3792,100,0.0053,0.0135,0.0137,0.0157,0.0166,0.0174,0.0567,0.0029
4,4.1,51,rubl,3792,3792,100,0.0039,0.0162,0.0177,0.0223,0.0238,0.0258,0.0348,0.0067
4,4.1,51,swth,3792,3792,42,0.0446,0.1633,0.1594,0.2028,0.2251,0.2548,0.3076,0.0499
4,4.1,51,wwcr,3792,3792,100,0.0492,0.0939,0.0926,0.1043,0.1135,0.122,0.1864,0.015
4,4.2,52,blbw,6776,4989,0,0.0014,0.0025,0.0025,0.0026,0.0026,0.0027,0.0036,2e-4
4,4.2,52,boch,6776,4989,72,0.0354,0.045,0.0459,0.0473,0.0478,0.0483,0.0663,0.003
4,4.2,52,brcr,6776,4989,0,0.0121,0.0131,0.013,0.0132,0.0135,0.0154,0.0166,8e-4
4,4.2,52,btnw,6776,4989,0,0.0022,0.0036,0.0037,0.0038,0.0038,0.0038,0.0046,3e-4
4,4.2,52,cawa,6776,4989,0,0.0021,0.0024,0.0024,0.0025,0.0026,0.0027,0.0033,1e-4
4,4.2,52,cmwa,6776,4989,0,0.0035,0.0111,0.0122,0.0132,0.0144,0.017,0.0592,0.0041
4,4.2,52,osfl,6776,4989,0,0.0026,0.0046,0.0046,0.0054,0.0057,0.0058,0.0068,8e-4
4,4.2,52,pigr,6776,4989,64,0.0045,0.0116,0.0109,0.0135,0.0142,0.0156,0.2233,0.0096
4,4.2,52,rubl,6776,4989,75,0.0028,0.0137,0.0136,0.0191,0.0231,0.0292,0.0891,0.0088
4,4.2,52,swth,6776,4989,0,0.047,0.1123,0.0973,0.1591,0.1906,0.227,0.254,0.0546
4,4.2,52,wwcr,6776,4989,74,0.0616,0.0839,0.083,0.0917,0.096,0.1011,0.2245,0.0121
4,4.2,53,blbw,1897,1897,0,0.0013,0.0024,0.0025,0.0025,0.0026,0.0026,0.0027,2e-4
4,4.2,53,boch,1897,1897,100,0.0396,0.0469,0.0467,0.048,0.049,0.0501,0.0711,0.0024
4,4.2,53,brcr,1897,1897,0,0.0119,0.0126,0.0126,0.0127,0.0127,0.0128,0.0132,2e-4
4,4.2,53,btnw,1897,1897,0,0.0022,0.003,0.0028,0.0032,0.0037,0.0037,0.0039,3e-4
4,4.2,53,cawa,1897,1897,0,0.0019,0.0022,0.0022,0.0024,0.0024,0.0024,0.0028,1e-4
4,4.2,53,cmwa,1897,1897,0,0.0032,0.0054,0.005,0.0059,0.0064,0.0072,0.0139,9e-4
4,4.2,53,osfl,1897,1897,0,0.0026,0.0034,0.0031,0.0038,0.0041,0.0054,0.0072,8e-4
4,4.2,53,pigr,1897,1897,100,0.0073,0.0112,0.0109,0.012,0.0128,0.0135,0.0618,0.0027
4,4.2,53,rubl,1897,1897,100,0.0032,0.0084,0.006,0.0081,0.0171,0.0266,0.053,0.0076
4,4.2,53,swth,1897,1897,0,0.0639,0.1657,0.1663,0.2114,0.2273,0.2525,0.3084,0.0533
4,4.2,53,wwcr,1897,1897,100,0.0633,0.0763,0.0732,0.0828,0.0912,0.0988,0.1285,0.0103
4,4.2,54,blbw,1274,1274,0,0.0014,0.0024,0.0025,0.0026,0.0026,0.0027,0.0028,3e-4
4,4.2,54,boch,1274,1274,100,0.0332,0.0424,0.0417,0.0464,0.047,0.0474,0.0488,0.0036
4,4.2,54,brcr,1274,1274,0,0.0126,0.0133,0.0133,0.0135,0.0138,0.0139,0.014,3e-4
4,4.2,54,btnw,1274,1274,0,0.0026,0.0036,0.0037,0.0037,0.0038,0.0038,0.0038,2e-4
4,4.2,54,cawa,1274,1274,0,0.0023,0.0026,0.0025,0.0027,0.0028,0.0028,0.0029,2e-4
4,4.2,54,cmwa,1274,1274,0,0.006,0.0147,0.0131,0.014,0.0169,0.029,0.0584,0.0061
4,4.2,54,osfl,1274,1274,0,0.0033,0.0051,0.0052,0.0054,0.0055,0.0056,0.0067,5e-4
4,4.2,54,pigr,1274,1274,69,0.0044,0.0081,0.0063,0.0126,0.0137,0.0145,0.0329,0.004
4,4.2,54,rubl,1274,1274,100,0.0041,0.0111,0.0095,0.016,0.0172,0.0179,0.0217,0.0038
4,4.2,54,swth,1274,1274,0,0.0383,0.0619,0.056,0.0728,0.0914,0.1101,0.135,0.0191
4,4.2,54,wwcr,1274,1274,100,0.0612,0.0825,0.0767,0.0865,0.0934,0.1319,0.2406,0.0234
4,4.2,55,blbw,2646,2621,0,0.0013,0.0024,0.0025,0.0025,0.0026,0.0026,0.0027,2e-4
4,4.2,55,boch,2646,2621,99,0.041,0.0482,0.0481,0.0495,0.0502,0.051,0.0662,0.0021
4,4.2,55,brcr,2646,2621,0,0.0119,0.0128,0.0128,0.013,0.0131,0.0132,0.0134,3e-4
4,4.2,55,btnw,2646,2621,0,0.0023,0.0034,0.0037,0.0038,0.0038,0.0039,0.0047,4e-4
4,4.2,55,cawa,2646,2621,0,0.0019,0.0024,0.0024,0.0024,0.0025,0.0025,0.0048,2e-4
4,4.2,55,cmwa,2646,2621,5,0.0036,0.0068,0.0056,0.0077,0.0104,0.012,0.0394,0.0031
4,4.2,55,osfl,2646,2621,14,0.0026,0.0046,0.0045,0.0049,0.0055,0.0061,0.0082,8e-4
4,4.2,55,pigr,2646,2621,99,0.0056,0.0123,0.0115,0.013,0.0137,0.0162,0.149,0.0093
4,4.2,55,rubl,2646,2621,99,0.0034,0.0086,0.0082,0.0105,0.0125,0.0139,0.0193,0.0026
4,4.2,55,swth,2646,2621,42,0.063,0.1993,0.1967,0.2378,0.2506,0.2565,0.303,0.0384
4,4.2,55,wwcr,2646,2621,99,0.0629,0.0874,0.0818,0.0947,0.107,0.1242,0.414,0.0247
4,4.2,56,blbw,1021,1021,0,0.0013,0.0024,0.0025,0.0025,0.0026,0.0026,0.0038,3e-4
4,4.2,56,boch,1021,1021,100,0.0394,0.0475,0.0475,0.0486,0.0492,0.0497,0.0603,0.0017
4,4.2,56,brcr,1021,1021,0,0.0118,0.0131,0.0131,0.0133,0.0135,0.0136,0.0191,6e-4
4,4.2,56,btnw,1021,1021,0,0.002,0.0035,0.0036,0.004,0.0042,0.0044,0.0052,6e-4
4,4.2,56,cawa,1021,1021,0,0.0019,0.0024,0.0023,0.0025,0.0027,0.0032,0.0065,4e-4
4,4.2,56,cmwa,1021,1021,0,0.0038,0.0072,0.0063,0.0093,0.0107,0.0118,0.039,0.0027
4,4.2,56,osfl,1021,1021,50,0.0032,0.0057,0.005,0.006,0.0079,0.0106,0.0191,0.0023
4,4.2,56,pigr,1021,1021,100,0.0051,0.0086,0.0078,0.0102,0.0126,0.0147,0.0165,0.0026
4,4.2,56,rubl,1021,1021,100,0.0041,0.0086,0.0069,0.0122,0.0158,0.0179,0.0207,0.0042
4,4.2,56,swth,1021,1021,54,0.0915,0.2321,0.2393,0.2698,0.2866,0.2962,0.3133,0.0447
4,4.2,56,wwcr,1021,1021,100,0.0627,0.0945,0.0882,0.0975,0.1179,0.1669,0.3363,0.0313
4,4.2,57,blbw,629,479,0,0.0017,0.0026,0.0027,0.0027,0.0027,0.0028,0.0034,2e-4
4,4.2,57,boch,629,479,54,0.0371,0.0412,0.0406,0.0433,0.0447,0.0454,0.047,0.0022
4,4.2,57,brcr,629,479,0,0.013,0.0142,0.0141,0.0148,0.0151,0.0155,0.0169,7e-4
4,4.2,57,btnw,629,479,0,0.003,0.0037,0.0037,0.0038,0.0038,0.0039,0.0043,1e-4
4,4.2,57,cawa,629,479,0,0.0026,0.0028,0.0028,0.0029,0.0029,0.0029,0.0031,1e-4
4,4.2,57,cmwa,629,479,0,0.0126,0.0168,0.0163,0.0178,0.0189,0.0199,0.0519,0.0023
4,4.2,57,osfl,629,479,0,0.0052,0.0056,0.0057,0.0058,0.0058,0.0059,0.006,1e-4
4,4.2,57,pigr,629,479,3,0.0051,0.0103,0.0092,0.0129,0.0139,0.017,0.0243,0.0032
4,4.2,57,rubl,629,479,78,0.0086,0.0241,0.0247,0.0304,0.0326,0.0356,0.0556,0.0082
4,4.2,57,swth,629,479,0,0.0395,0.1105,0.1195,0.1307,0.1334,0.1371,0.1571,0.0259
4,4.2,57,wwcr,629,479,40,0.0645,0.0694,0.0687,0.0707,0.0723,0.0737,0.1452,0.0048
4,4.2,58,blbw,422,422,0,0.0016,0.0025,0.0025,0.0026,0.0026,0.0027,0.0042,2e-4
4,4.2,58,boch,422,422,100,0.0394,0.0472,0.0473,0.0482,0.0489,0.0493,0.0524,0.0016
4,4.2,58,brcr,422,422,0,0.0122,0.0132,0.0132,0.0133,0.0134,0.0135,0.0138,2e-4
4,4.2,58,btnw,422,422,0,0.0033,0.0038,0.0038,0.0039,0.0041,0.0042,0.0045,2e-4
4,4.2,58,cawa,422,422,0,0.0022,0.0028,0.0024,0.0028,0.0036,0.0047,0.009,9e-4
4,4.2,58,cmwa,422,422,5,0.005,0.0089,0.0073,0.0123,0.014,0.0144,0.0282,0.0038
4,4.2,58,osfl,422,422,58,0.0034,0.0044,0.0044,0.0047,0.0048,0.005,0.007,4e-4
4,4.2,58,pigr,422,422,100,0.0051,0.0093,0.008,0.0131,0.0135,0.0138,0.02,0.0032
4,4.2,58,rubl,422,422,100,0.0048,0.0078,0.0066,0.0101,0.0122,0.0134,0.016,0.0026
4,4.2,58,swth,422,422,84,0.1048,0.2164,0.2148,0.2684,0.283,0.2953,0.3159,0.0505
4,4.2,58,wwcr,422,422,100,0.0765,0.1113,0.0906,0.1278,0.1729,0.2121,0.4347,0.0491
4,4.2,59,blbw,1700,1700,0,0.0015,0.0027,0.0026,0.0032,0.0033,0.0034,0.0036,4e-4
4,4.2,59,boch,1700,1700,100,0.0343,0.0464,0.0475,0.0486,0.0492,0.0498,0.0668,0.0031
4,4.2,59,brcr,1700,1700,0,0.0124,0.014,0.0137,0.0154,0.0157,0.0158,0.0165,0.0012
4,4.2,59,btnw,1700,1700,0,0.0023,0.0033,0.0033,0.0037,0.0037,0.0039,0.0045,4e-4
4,4.2,59,cawa,1700,1700,0,0.002,0.0024,0.0024,0.0025,0.0025,0.0026,0.0045,1e-4
4,4.2,59,cmwa,1700,1700,0,0.0048,0.0091,0.0069,0.0132,0.0158,0.0169,0.0481,0.0048
4,4.2,59,osfl,1700,1700,0,0.0032,0.0047,0.0045,0.0049,0.0053,0.0069,0.0089,9e-4
4,4.2,59,pigr,1700,1700,100,0.0046,0.0105,0.011,0.0129,0.0136,0.014,0.0151,0.0026
4,4.2,59,rubl,1700,1700,100,0.0042,0.0123,0.0117,0.0161,0.0188,0.0202,0.0255,0.0042
4,4.2,59,swth,1700,1700,61,0.1395,0.237,0.243,0.2634,0.3129,0.3365,0.3612,0.0492
4,4.2,59,wwcr,1700,1700,100,0.0407,0.0734,0.0722,0.0815,0.0833,0.0851,0.1978,0.0144
4,4.2,60,blbw,2771,2386,0,0.0014,0.0028,0.0029,0.0032,0.0033,0.0034,0.0035,4e-4
4,4.2,60,boch,2771,2386,86,0.0334,0.0439,0.0434,0.0465,0.0476,0.0483,0.0517,0.0025
4,4.2,60,brcr,2771,2386,0,0.0122,0.0148,0.0151,0.0156,0.0161,0.0164,0.0167,0.0012
4,4.2,60,btnw,2771,2386,0,0.0024,0.0033,0.0034,0.0036,0.0036,0.0037,0.0044,3e-4
4,4.2,60,cawa,2771,2386,0,0.0019,0.0023,0.0022,0.0024,0.0025,0.0026,0.0053,2e-4
4,4.2,60,cmwa,2771,2386,42,0.0041,0.009,0.0078,0.0101,0.012,0.015,0.0471,0.0044
4,4.2,60,osfl,2771,2386,31,0.0026,0.0047,0.0043,0.0055,0.006,0.0076,0.0092,0.0012
4,4.2,60,pigr,2771,2386,86,0.0044,0.0061,0.0058,0.0065,0.0076,0.0088,0.0129,0.0013
4,4.2,60,rubl,2771,2386,86,0.004,0.0075,0.0072,0.0084,0.0094,0.0104,0.0181,0.0018
4,4.2,60,swth,2771,2386,86,0.1981,0.2849,0.275,0.3127,0.3391,0.3527,0.3892,0.0322
4,4.2,60,wwcr,2771,2386,100,0.0414,0.0806,0.0763,0.0859,0.0962,0.1174,0.2835,0.0234
4,4.1,61,blbw,765,765,0,0.0027,0.0061,0.0066,0.0071,0.0073,0.0076,0.0082,0.0012
4,4.1,61,boch,765,765,100,0.0229,0.074,0.0757,0.0857,0.0911,0.0957,0.1205,0.0152
4,4.1,61,brcr,765,765,0,0.0121,0.016,0.0159,0.0178,0.0187,0.0191,0.0208,0.0019
4,4.1,61,btnw,765,765,0,0.0038,0.0059,0.006,0.0066,0.0071,0.0077,0.0094,0.0011
4,4.1,61,cawa,765,765,0,0.0026,0.0029,0.0029,0.003,0.003,0.0031,0.0041,1e-4
4,4.1,61,cmwa,765,765,0,0.0072,0.0105,0.0106,0.011,0.0112,0.0116,0.0147,8e-4
4,4.1,61,osfl,765,765,100,0.0059,0.0088,0.009,0.0095,0.0098,0.0103,0.0123,0.0011
4,4.1,61,pigr,765,765,100,0.0072,0.0135,0.0135,0.0153,0.0162,0.0182,0.0257,0.0026
4,4.1,61,rubl,765,765,100,0.0075,0.0169,0.0166,0.0193,0.0209,0.0231,0.0404,0.0038
4,4.1,61,swth,765,765,100,0.0826,0.1866,0.1874,0.2479,0.2707,0.2923,0.3857,0.0662
4,4.1,61,wwcr,765,765,100,0.0834,0.1347,0.1342,0.1457,0.1519,0.1567,0.23,0.0148
4,4.1,62,blbw,858,858,0,0.0019,0.0042,0.0039,0.006,0.0068,0.007,0.0077,0.0016
4,4.1,62,boch,858,858,100,0.0471,0.069,0.0584,0.0906,0.102,0.112,0.1828,0.023
4,4.1,62,brcr,858,858,0,0.0128,0.0169,0.0164,0.0196,0.0206,0.0218,0.0313,0.0033
4,4.1,62,btnw,858,858,0,0.0034,0.0061,0.0061,0.0068,0.0073,0.008,0.0152,0.0013
4,4.1,62,cawa,858,858,2,0.0023,0.0045,0.0031,0.006,0.008,0.0108,0.0215,0.0028
4,4.1,62,cmwa,858,858,0,0.0092,0.0213,0.0144,0.0297,0.0437,0.0576,0.0888,0.0155
4,4.1,62,osfl,858,858,100,0.0034,0.0078,0.0081,0.0092,0.0096,0.0104,0.0132,0.0017
4,4.1,62,pigr,858,858,100,0.0045,0.0098,0.0086,0.0142,0.0157,0.0168,0.0298,0.0042
4,4.1,62,rubl,858,858,100,0.0045,0.0177,0.0181,0.0218,0.023,0.0242,0.0328,0.005
4,4.1,62,swth,858,858,100,0.1149,0.2298,0.2328,0.2689,0.2841,0.3017,0.3595,0.0474
4,4.1,62,wwcr,858,858,100,0.0903,0.1573,0.1513,0.1823,0.1974,0.2145,0.5306,0.0413
4,4.2,63,blbw,1558,1558,0,0.0016,0.0027,0.0025,0.0028,0.0034,0.0039,0.0059,5e-4
4,4.2,63,boch,1558,1558,100,0.0411,0.0465,0.0465,0.0479,0.0484,0.0489,0.0599,0.0017
4,4.2,63,brcr,1558,1558,0,0.012,0.0132,0.013,0.0135,0.0143,0.015,0.0158,7e-4
4,4.2,63,btnw,1558,1558,0,0.0023,0.0035,0.0035,0.0037,0.0039,0.0043,0.0056,4e-4
4,4.2,63,cawa,1558,1558,0,0.0019,0.0031,0.0024,0.0037,0.0048,0.0064,0.0149,0.0016
4,4.2,63,cmwa,1558,1558,99,0.0049,0.0132,0.0114,0.0167,0.0222,0.031,0.0689,0.0072
4,4.2,63,osfl,1558,1558,98,0.0032,0.0048,0.0048,0.0054,0.0057,0.0059,0.0073,7e-4
4,4.2,63,pigr,1558,1558,100,0.0043,0.0074,0.0058,0.0114,0.0137,0.0143,0.0155,0.0033
4,4.2,63,rubl,1558,1558,100,0.0045,0.0086,0.0069,0.0121,0.0148,0.0166,0.0744,0.0043
4,4.2,63,swth,1558,1558,100,0.1997,0.2559,0.2589,0.2727,0.2814,0.2864,0.3433,0.0209
4,4.2,63,wwcr,1558,1558,100,0.0684,0.1108,0.0941,0.1332,0.1655,0.1919,0.4702,0.0442
4,4.3,64,blbw,8198,7661,0,0.0015,0.0048,0.0032,0.0061,0.0089,0.0124,0.0707,0.004
4,4.3,64,boch,8198,7661,94,0.0393,0.067,0.0631,0.0847,0.0886,0.0911,0.1023,0.0148
4,4.3,64,brcr,8198,7661,0,0.0122,0.016,0.0143,0.0173,0.023,0.0269,0.039,0.0046
4,4.3,64,btnw,8198,7661,0,0.0024,0.0064,0.0043,0.0066,0.0092,0.024,0.0573,0.0064
4,4.3,64,cawa,8198,7661,13,0.0022,0.0087,0.0063,0.0128,0.0181,0.0245,0.0587,0.0072
4,4.3,64,cmwa,8198,7661,66,0.0074,0.0524,0.0361,0.0842,0.118,0.1356,0.2468,0.0401
4,4.3,64,osfl,8198,7661,94,0.0029,0.0055,0.0054,0.0069,0.0074,0.0079,0.0126,0.0014
4,4.3,64,pigr,8198,7661,94,0.0038,0.0053,0.0051,0.0059,0.006,0.0062,0.0153,8e-4
4,4.3,64,rubl,8198,7661,94,0.0031,0.0132,0.0136,0.02,0.0228,0.0242,0.0562,0.0072
4,4.3,64,swth,8198,7661,93,0.1189,0.259,0.2611,0.2804,0.2907,0.3044,0.3464,0.0289
4,4.3,64,wwcr,8198,7661,100,0.0696,0.1482,0.1377,0.1593,0.1804,0.2301,1.5348,0.0761
4,4.3,65,blbw,4739,4739,0,0.0015,0.0037,0.0026,0.0032,0.0063,0.0085,0.0433,0.0034
4,4.3,65,boch,4739,4739,100,0.0471,0.0649,0.0622,0.0725,0.0787,0.0926,0.1184,0.0112
4,4.3,65,brcr,4739,4739,0,0.0123,0.015,0.0138,0.0145,0.0161,0.0258,0.0394,0.0044
4,4.3,65,btnw,4739,4739,0,0.0025,0.0057,0.0047,0.0062,0.0073,0.0114,0.0352,0.0035
4,4.3,65,cawa,4739,4739,4,0.0023,0.0064,0.0039,0.0079,0.0141,0.0224,0.0465,0.0064
4,4.3,65,cmwa,4739,4739,40,0.0084,0.0284,0.019,0.038,0.0579,0.0879,0.1529,0.0221
4,4.3,65,osfl,4739,4739,100,0.0032,0.0072,0.0075,0.0086,0.009,0.0093,0.0113,0.0015
4,4.3,65,pigr,4739,4739,100,0.004,0.0073,0.006,0.0087,0.0134,0.015,0.0198,0.0032
4,4.3,65,rubl,4739,4739,100,0.0036,0.0192,0.0191,0.024,0.0259,0.0272,0.0342,0.0056
4,4.3,65,swth,4739,4739,100,0.1112,0.2448,0.2475,0.2704,0.2805,0.2931,0.3469,0.0325
4,4.3,65,wwcr,4739,4739,100,0.0755,0.1543,0.1446,0.1658,0.1753,0.1935,2.1549,0.0786
4,4.3,66,blbw,1497,1497,0,0.0056,0.0092,0.0085,0.0094,0.0104,0.0142,0.0394,0.0027
4,4.3,66,boch,1497,1497,100,0.0522,0.0866,0.0729,0.0951,0.1306,0.1771,0.3373,0.0404
4,4.3,66,brcr,1497,1497,0,0.0127,0.0194,0.0168,0.0238,0.0273,0.0299,0.0397,0.0052
4,4.3,66,btnw,1497,1497,0,0.009,0.0239,0.0227,0.0294,0.0344,0.0393,0.0736,0.008
4,4.3,66,cawa,1497,1497,1,0.0028,0.0072,0.0045,0.0086,0.0158,0.0259,0.0348,0.0066
4,4.3,66,cmwa,1497,1497,0,0.0097,0.0218,0.0147,0.0221,0.0296,0.0722,0.1608,0.0216
4,4.3,66,osfl,1497,1497,100,0.0033,0.0059,0.0062,0.0065,0.0068,0.007,0.0089,9e-4
4,4.3,66,pigr,1497,1497,100,0.0041,0.009,0.0068,0.0121,0.0166,0.0202,0.0369,0.0049
4,4.3,66,rubl,1497,1497,100,0.0033,0.0039,0.0038,0.0041,0.0043,0.0049,0.0075,6e-4
4,4.3,66,swth,1497,1497,100,0.1825,0.2632,0.2667,0.2794,0.2878,0.2972,0.3432,0.0241
4,4.3,66,wwcr,1497,1497,100,0.0859,0.118,0.1125,0.1365,0.1505,0.1579,0.2166,0.0208
5,5.1,68,blbw,8543,8410,0,0.0013,0.0029,0.0029,0.0034,0.0034,0.0035,0.0036,5e-4
5,5.1,68,boch,8543,8410,89,0.0321,0.0426,0.0425,0.0451,0.0458,0.0465,0.063,0.0027
5,5.1,68,brcr,8543,8410,0,0.0132,0.0156,0.0157,0.0165,0.0169,0.0171,0.0176,0.0011
5,5.1,68,btnw,8543,8410,0,0.0023,0.004,0.004,0.0044,0.0044,0.0045,0.0046,4e-4
5,5.1,68,cawa,8543,8410,0,0.0022,0.0026,0.0025,0.0028,0.0029,0.003,0.0035,2e-4
5,5.1,68,cmwa,8543,8410,0,0.0043,0.0125,0.0121,0.017,0.0183,0.0196,0.0487,0.0048
5,5.1,68,osfl,8543,8410,0,0.0028,0.0043,0.004,0.0052,0.0056,0.0069,0.0089,0.0011
5,5.1,68,pigr,8543,8410,33,0.0044,0.0092,0.0094,0.0122,0.0131,0.0136,0.0314,0.0031
5,5.1,68,rubl,8543,8410,42,0.0045,0.0122,0.0107,0.0147,0.0206,0.0295,0.0559,0.0071
5,5.1,68,swth,8543,8410,5,0.0386,0.1245,0.1015,0.1907,0.2628,0.2844,0.363,0.0798
5,5.1,68,wwcr,8543,8410,82,0.0373,0.0661,0.0666,0.0746,0.079,0.082,0.1868,0.0117
5,5.1,69,blbw,7465,6411,0,0.0014,0.0032,0.0033,0.0034,0.0035,0.0035,0.006,4e-4
5,5.1,69,boch,7465,6411,88,0.029,0.0484,0.0462,0.051,0.058,0.0641,0.0918,0.007
5,5.1,69,brcr,7465,6411,0,0.013,0.0162,0.0163,0.0166,0.0169,0.0171,0.0178,6e-4
5,5.1,69,btnw,7465,6411,0,0.0026,0.0044,0.0044,0.0047,0.0052,0.0058,0.0075,7e-4
5,5.1,69,cawa,7465,6411,0,0.0021,0.003,0.0026,0.003,0.0033,0.0051,0.0161,0.0013
5,5.1,69,cmwa,7465,6411,55,0.0047,0.0129,0.0097,0.0149,0.0202,0.0307,0.0959,0.0104
5,5.1,69,osfl,7465,6411,38,0.0029,0.0055,0.005,0.0067,0.0074,0.008,0.0106,0.0013
5,5.1,69,pigr,7465,6411,88,0.0045,0.0094,0.0091,0.0126,0.0134,0.0138,0.0209,0.0031
5,5.1,69,rubl,7465,6411,88,0.0043,0.0147,0.015,0.0181,0.0196,0.0212,0.039,0.0041
5,5.1,69,swth,7465,6411,76,0.0852,0.2503,0.2514,0.2877,0.3006,0.3303,0.3944,0.048
5,5.1,69,wwcr,7465,6411,100,0.0373,0.0904,0.0787,0.1169,0.136,0.1427,0.6107,0.0331
5,5.1,70,blbw,11280,11127,0,0.0015,0.0031,0.0032,0.0034,0.0035,0.0035,0.0036,4e-4
5,5.1,70,boch,11280,11127,43,0.0278,0.0417,0.0422,0.0459,0.0476,0.0482,0.0504,0.0042
5,5.1,70,brcr,11280,11127,0,0.0138,0.0168,0.0169,0.0172,0.0174,0.0174,0.0178,6e-4
5,5.1,70,btnw,11280,11127,0,0.0032,0.0042,0.0043,0.0044,0.0044,0.0044,0.0052,2e-4
5,5.1,70,cawa,11280,11127,0,0.002,0.0027,0.0028,0.0029,0.003,0.003,0.0047,3e-4
5,5.1,70,cmwa,11280,11127,0,0.0066,0.0096,0.0094,0.0108,0.0124,0.0131,0.0264,0.0018
5,5.1,70,osfl,11280,11127,0,0.0026,0.0037,0.0035,0.0041,0.0046,0.0048,0.0067,6e-4
5,5.1,70,pigr,11280,11127,4,0.0044,0.0106,0.0092,0.0142,0.016,0.0175,0.0385,0.0041
5,5.1,70,rubl,11280,11127,38,0.0033,0.0091,0.0068,0.0124,0.0171,0.0205,0.0448,0.0053
5,5.1,70,swth,11280,11127,1,0.0444,0.0821,0.0736,0.1023,0.1176,0.1421,0.1804,0.0257
5,5.1,70,wwcr,11280,11127,75,0.0333,0.0659,0.0624,0.0812,0.0901,0.0957,0.2072,0.0185
5,5.1,71,blbw,12320,12188,0,0.0014,0.003,0.0031,0.0034,0.0035,0.0035,0.0049,5e-4
5,5.1,71,boch,12320,12188,100,0.0358,0.0486,0.0485,0.0497,0.0517,0.0547,0.087,0.0037
5,5.1,71,brcr,12320,12188,0,0.0134,0.0165,0.0168,0.0174,0.0176,0.0182,0.0247,0.0014
5,5.1,71,btnw,12320,12188,0,0.003,0.0042,0.0043,0.0044,0.0046,0.005,0.0069,4e-4
5,5.1,71,cawa,12320,12188,0,0.002,0.0026,0.0024,0.0029,0.003,0.003,0.0045,3e-4
5,5.1,71,cmwa,12320,12188,14,0.005,0.0098,0.0099,0.0117,0.0124,0.0133,0.0243,0.0023
5,5.1,71,osfl,12320,12188,22,0.003,0.0047,0.0042,0.0056,0.0065,0.0074,0.01,0.0012
5,5.1,71,pigr,12320,12188,69,0.0078,0.015,0.0147,0.0165,0.0178,0.0192,0.0302,0.0022
5,5.1,71,rubl,12320,12188,100,0.004,0.02,0.0162,0.0305,0.0366,0.0392,0.0718,0.0103
5,5.1,71,swth,12320,12188,76,0.0667,0.1462,0.1411,0.1689,0.1889,0.2181,0.2988,0.0326
5,5.1,71,wwcr,12320,12188,100,0.0383,0.0904,0.0881,0.108,0.1215,0.1322,0.3328,0.0248
5,5.2,72,blbw,7766,7210,0,0.0043,0.0065,0.0066,0.0071,0.0074,0.0076,0.0082,6e-4
5,5.2,72,boch,7766,7210,95,0.0477,0.1223,0.118,0.147,0.1627,0.1872,0.2444,0.0313
5,5.2,72,brcr,7766,7210,7,0.02,0.0248,0.024,0.0269,0.0288,0.0299,0.0342,0.0024
5,5.2,72,btnw,7766,7210,0,0.0042,0.0065,0.0064,0.0076,0.0083,0.009,0.0184,0.0014
5,5.2,72,cawa,7766,7210,0,0.0033,0.004,0.004,0.0042,0.0042,0.0043,0.0047,2e-4
5,5.2,72,cmwa,7766,7210,0,0.0093,0.013,0.0131,0.0136,0.014,0.0142,0.0157,8e-4
5,5.2,72,osfl,7766,7210,39,0.0055,0.0077,0.0073,0.0086,0.0095,0.0106,0.0256,0.0015
5,5.2,72,pigr,7766,7210,99,0.0075,0.0213,0.0204,0.0246,0.0282,0.0322,0.0696,0.0061
5,5.2,72,rubl,7766,7210,95,0.007,0.0494,0.0523,0.0624,0.0675,0.0714,0.1342,0.0169
5,5.2,72,swth,7766,7210,61,0.0824,0.1459,0.1473,0.186,0.2077,0.2212,0.2527,0.0428
5,5.2,72,wwcr,7766,7210,90,0.0876,0.1584,0.157,0.202,0.2171,0.2244,0.3741,0.041
5,5.2,73,blbw,5178,5052,0,0.0043,0.0062,0.0064,0.0071,0.0073,0.0075,0.0086,9e-4
5,5.2,73,boch,5178,5052,61,0.0433,0.0734,0.0701,0.0859,0.0967,0.1045,0.1218,0.0156
5,5.2,73,brcr,5178,5052,0,0.0156,0.0201,0.0215,0.0231,0.0233,0.0236,0.0241,0.003
5,5.2,73,btnw,5178,5052,0,0.0034,0.0049,0.0048,0.0058,0.006,0.0062,0.0134,0.001
5,5.2,73,cawa,5178,5052,0,0.0032,0.0038,0.0039,0.004,0.0041,0.0042,0.0044,2e-4
5,5.2,73,cmwa,5178,5052,0,0.0094,0.0128,0.013,0.0134,0.0135,0.0137,0.0145,8e-4
5,5.2,73,osfl,5178,5052,0,0.0057,0.0066,0.0066,0.0068,0.0069,0.007,0.008,3e-4
5,5.2,73,pigr,5178,5052,21,0.0116,0.023,0.0215,0.0268,0.031,0.0349,0.0528,0.0056
5,5.2,73,rubl,5178,5052,17,0.0159,0.0329,0.028,0.0434,0.0487,0.0531,0.0738,0.0106
5,5.2,73,swth,5178,5052,0,0.0708,0.0869,0.0862,0.0923,0.0947,0.0976,0.1417,0.0076
5,5.2,73,wwcr,5178,5052,1,0.0609,0.088,0.0816,0.1046,0.1126,0.1189,0.4864,0.0255
5,5.2,74,blbw,11683,11109,0,0.0026,0.005,0.005,0.0058,0.0061,0.0063,0.0075,8e-4
5,5.2,74,boch,11683,11109,100,0.0399,0.0911,0.0857,0.1116,0.1298,0.1445,0.2624,0.0283
5,5.2,74,brcr,11683,11109,1,0.0145,0.0241,0.0237,0.0264,0.0274,0.0285,0.033,0.0026
5,5.2,74,btnw,11683,11109,0,0.0036,0.0051,0.0049,0.0057,0.006,0.0064,0.0181,8e-4
5,5.2,74,cawa,11683,11109,0,0.0025,0.0034,0.0035,0.0038,0.0039,0.004,0.0043,5e-4
5,5.2,74,cmwa,11683,11109,0,0.0092,0.0133,0.0129,0.0147,0.0156,0.0163,0.0195,0.0016
5,5.2,74,osfl,11683,11109,39,0.005,0.006,0.0059,0.0063,0.0067,0.007,0.0094,5e-4
5,5.2,74,pigr,11683,11109,94,0.0128,0.0238,0.0216,0.029,0.0327,0.0361,0.1234,0.0074
5,5.2,74,rubl,11683,11109,93,0.0155,0.0411,0.0401,0.0526,0.0588,0.0642,0.1183,0.0133
5,5.2,74,swth,11683,11109,63,0.0714,0.1013,0.0922,0.1191,0.1412,0.1566,0.2039,0.0255
5,5.2,74,wwcr,11683,11109,66,0.0769,0.1871,0.1885,0.2318,0.2473,0.2603,0.411,0.0488
5,5.4,75,blbw,5594,5554,0,0.0034,0.0054,0.0053,0.0059,0.0067,0.0072,0.0079,8e-4
5,5.4,75,boch,5594,5554,71,0.0301,0.0733,0.0685,0.0933,0.1046,0.1101,0.1846,0.0201
5,5.4,75,brcr,5594,5554,0,0.0152,0.021,0.0226,0.024,0.0243,0.0244,0.0251,0.0033
5,5.4,75,btnw,5594,5554,0,0.0039,0.0056,0.0057,0.0065,0.0069,0.0071,0.0151,0.001
5,5.4,75,cawa,5594,5554,0,0.0026,0.0031,0.003,0.0034,0.0036,0.0038,0.0042,3e-4
5,5.4,75,cmwa,5594,5554,0,0.0105,0.0139,0.0141,0.0147,0.0149,0.0151,0.0179,8e-4
5,5.4,75,osfl,5594,5554,0,0.0049,0.0069,0.0071,0.0073,0.0074,0.0075,0.01,4e-4
5,5.4,75,pigr,5594,5554,83,0.0104,0.0189,0.0179,0.0235,0.0265,0.0296,0.0709,0.0059
5,5.4,75,rubl,5594,5554,73,0.0218,0.0323,0.0314,0.035,0.0377,0.0411,0.0673,0.0049
5,5.4,75,swth,5594,5554,1,0.071,0.1069,0.1015,0.12,0.1327,0.1446,0.1757,0.017
5,5.4,75,wwcr,5594,5554,33,0.0796,0.1267,0.1215,0.1441,0.1609,0.1763,0.2738,0.0238
5,5.4,76,blbw,1447,1306,0,0.0038,0.0059,0.0054,0.007,0.0076,0.0078,0.0085,0.001
5,5.4,76,boch,1447,1306,17,0.0502,0.0705,0.0701,0.0787,0.0817,0.0844,0.2263,0.0111
5,5.4,76,brcr,1447,1306,0,0.0136,0.018,0.0166,0.0223,0.0236,0.024,0.0248,0.0034
5,5.4,76,btnw,1447,1306,0,0.003,0.0048,0.0046,0.0056,0.0062,0.0063,0.0073,8e-4
5,5.4,76,cawa,1447,1306,0,0.0027,0.003,0.003,0.0031,0.0032,0.0033,0.0038,1e-4
5,5.4,76,cmwa,1447,1306,0,0.0085,0.0127,0.0135,0.0144,0.0147,0.0149,0.0158,0.0019
5,5.4,76,osfl,1447,1306,0,0.006,0.0072,0.007,0.0074,0.0082,0.0093,0.0111,8e-4
5,5.4,76,pigr,1447,1306,60,0.0109,0.0175,0.0169,0.0214,0.0239,0.026,0.0439,0.0046
5,5.4,76,rubl,1447,1306,30,0.0185,0.0295,0.0297,0.0317,0.0332,0.0348,0.054,0.0035
5,5.4,76,swth,1447,1306,0,0.0706,0.114,0.1011,0.1412,0.1647,0.1896,0.229,0.0354
5,5.4,76,wwcr,1447,1306,26,0.0664,0.1024,0.1025,0.1153,0.1217,0.1297,0.187,0.0165
5,5.3,77,blbw,4462,4387,0,0.0034,0.0067,0.0069,0.0078,0.0081,0.0083,0.0121,0.0012
5,5.3,77,boch,4462,4387,75,0.0251,0.1086,0.0977,0.1244,0.1864,0.2401,0.4953,0.0547
5,5.3,77,brcr,4462,4387,0,0.012,0.021,0.0203,0.0232,0.0244,0.0272,0.0374,0.0033
5,5.3,77,btnw,4462,4387,0,0.0034,0.0071,0.0051,0.0072,0.0102,0.0144,0.0684,0.0067
5,5.3,77,cawa,4462,4387,0,0.0025,0.0032,0.0029,0.0036,0.0039,0.0041,0.0046,5e-4
5,5.3,77,cmwa,4462,4387,0,0.0088,0.0148,0.0144,0.0178,0.019,0.0196,0.0251,0.0028
5,5.3,77,osfl,4462,4387,0,0.0051,0.0066,0.0065,0.007,0.0074,0.0077,0.011,7e-4
5,5.3,77,pigr,4462,4387,98,0.0101,0.0219,0.0211,0.0247,0.0277,0.0312,0.0819,0.006
5,5.3,77,rubl,4462,4387,92,0.004,0.025,0.0284,0.0322,0.0346,0.0372,0.0556,0.0102
5,5.3,77,swth,4462,4387,8,0.0746,0.1314,0.1013,0.1963,0.2186,0.2312,0.3111,0.0531
5,5.3,77,wwcr,4462,4387,99,0.0705,0.127,0.1256,0.1486,0.1675,0.1852,0.3123,0.0304
5,5.3,78,blbw,5399,4947,0,0.0034,0.0059,0.0054,0.0068,0.0086,0.0092,0.0118,0.0016
5,5.3,78,boch,5399,4947,94,0.0295,0.1397,0.1322,0.1641,0.1875,0.2347,0.3624,0.0438
5,5.3,78,brcr,5399,4947,6,0.0122,0.0217,0.0213,0.0226,0.0255,0.0308,0.0503,0.0044
5,5.3,78,btnw,5399,4947,16,0.0036,0.0069,0.0051,0.0067,0.0157,0.0183,0.0293,0.0045
5,5.3,78,cawa,5399,4947,0,0.0025,0.003,0.0028,0.0029,0.0039,0.0041,0.0047,5e-4
5,5.3,78,cmwa,5399,4947,0,0.0078,0.0142,0.0133,0.0179,0.0193,0.0203,0.023,0.0033
5,5.3,78,osfl,5399,4947,43,0.0048,0.0068,0.0067,0.0074,0.008,0.0086,0.0146,0.001
5,5.3,78,pigr,5399,4947,100,0.0137,0.0216,0.021,0.0235,0.025,0.0267,0.0773,0.0034
5,5.3,78,rubl,5399,4947,94,0.0038,0.0188,0.0202,0.0263,0.0294,0.0315,0.0524,0.0088
5,5.3,78,swth,5399,4947,82,0.0849,0.1829,0.1874,0.2306,0.246,0.2561,0.3244,0.0502
5,5.3,78,wwcr,5399,4947,100,0.0644,0.1962,0.2012,0.2336,0.2547,0.276,0.4689,0.0518
5,5.3,79,blbw,674,562,0,0.0047,0.0073,0.0072,0.0079,0.0084,0.0087,0.0105,8e-4
5,5.3,79,boch,674,562,55,0.0466,0.1622,0.1606,0.1916,0.2208,0.2399,0.4077,0.0439
5,5.3,79,brcr,674,562,0,0.0128,0.0191,0.0179,0.0244,0.0268,0.0278,0.0343,0.0052
5,5.3,79,btnw,674,562,5,0.0041,0.0152,0.0164,0.0216,0.0231,0.0241,0.0274,0.0065
5,5.3,79,cawa,674,562,0,0.0035,0.0038,0.0037,0.0039,0.004,0.004,0.0044,1e-4
5,5.3,79,cmwa,674,562,0,0.0078,0.0145,0.0146,0.0179,0.0186,0.0192,0.0234,0.0037
5,5.3,79,osfl,674,562,0,0.0049,0.0063,0.0059,0.0073,0.0081,0.0083,0.0096,0.001
5,5.3,79,pigr,674,562,80,0.0121,0.0316,0.027,0.0367,0.0531,0.0651,0.3202,0.0197
5,5.3,79,rubl,674,562,74,0.0037,0.0064,0.0044,0.007,0.011,0.0167,0.0395,0.0048
5,5.3,79,swth,674,562,36,0.1425,0.1984,0.2023,0.2178,0.2232,0.2281,0.2403,0.0225
5,5.3,79,wwcr,674,562,84,0.0579,0.0845,0.0854,0.0992,0.1043,0.109,0.1204,0.0153
5,5.3,80,blbw,3537,3518,0,0.0043,0.0073,0.0071,0.0088,0.0094,0.01,0.0123,0.0016
5,5.3,80,boch,3537,3518,100,0.0584,0.2474,0.1845,0.3447,0.4758,0.5769,0.9072,0.15
5,5.3,80,brcr,3537,3518,0,0.0129,0.0196,0.0191,0.0223,0.0237,0.0257,0.0491,0.0042
5,5.3,80,btnw,3537,3518,41,0.0038,0.0242,0.0235,0.0398,0.0468,0.0531,0.0825,0.017
5,5.3,80,cawa,3537,3518,0,0.0025,0.0033,0.0032,0.0037,0.004,0.0042,0.0049,5e-4
5,5.3,80,cmwa,3537,3518,0,0.0108,0.0176,0.0177,0.0196,0.0208,0.0218,0.0286,0.0024
5,5.3,80,osfl,3537,3518,16,0.0047,0.006,0.0057,0.0065,0.0069,0.0076,0.009,7e-4
5,5.3,80,pigr,3537,3518,100,0.0101,0.028,0.0258,0.0313,0.0356,0.0418,0.1658,0.0112
5,5.3,80,rubl,3537,3518,100,0.004,0.008,0.0053,0.0114,0.0159,0.0204,0.0318,0.0052
5,5.3,80,swth,3537,3518,100,0.1424,0.2454,0.2447,0.2845,0.3005,0.3107,0.3454,0.04
5,5.3,80,wwcr,3537,3518,100,0.0665,0.1639,0.1722,0.1985,0.2092,0.2191,0.3323,0.0425
5,5.3,82,blbw,842,842,0,0.0058,0.0086,0.0085,0.0092,0.0097,0.0099,0.0111,7e-4
5,5.3,82,boch,842,842,100,0.1365,0.212,0.2023,0.231,0.251,0.2795,0.6127,0.044
5,5.3,82,brcr,842,842,0,0.0148,0.0174,0.0167,0.0195,0.0205,0.0211,0.0274,0.0019
5,5.3,82,btnw,842,842,3,0.0214,0.0368,0.036,0.0404,0.043,0.0512,0.0763,0.0076
5,5.3,82,cawa,842,842,0,0.0034,0.0037,0.0037,0.0038,0.0039,0.004,0.0043,1e-4
5,5.3,82,cmwa,842,842,0,0.0136,0.0168,0.0166,0.0176,0.0186,0.0193,0.0219,0.0012
5,5.3,82,osfl,842,842,0,0.0048,0.0054,0.0054,0.0055,0.0056,0.0056,0.0059,2e-4
5,5.3,82,pigr,842,842,100,0.0183,0.0307,0.0295,0.034,0.0378,0.043,0.0845,0.0068
5,5.3,82,rubl,842,842,100,0.004,0.0044,0.0044,0.0045,0.0046,0.0048,0.006,2e-4
5,5.3,82,swth,842,842,100,0.1768,0.2215,0.2151,0.2406,0.2548,0.2864,0.3234,0.0293
5,5.3,82,wwcr,842,842,100,0.0741,0.1213,0.1168,0.1489,0.1556,0.1621,0.1862,0.0269
5,5.3,84,blbw,198,198,0,0.0048,0.0057,0.0057,0.006,0.0062,0.0063,0.007,4e-4
5,5.3,84,boch,198,198,100,0.0721,0.1179,0.1173,0.133,0.1434,0.1506,0.1738,0.0187
5,5.3,84,brcr,198,198,0,0.0119,0.0146,0.0133,0.0159,0.0183,0.0213,0.0338,0.0031
5,5.3,84,btnw,198,198,0,0.0047,0.007,0.0064,0.0085,0.0091,0.0094,0.0099,0.0014
5,5.3,84,cawa,198,198,0,0.0026,0.0028,0.0028,0.0028,0.0029,0.0029,0.0029,1e-4
5,5.3,84,cmwa,198,198,0,0.0141,0.0171,0.017,0.0178,0.0186,0.0202,0.0237,0.0015
5,5.3,84,osfl,198,198,0,0.0061,0.0071,0.0069,0.0078,0.0082,0.0084,0.0089,7e-4
5,5.3,84,pigr,198,198,100,0.0171,0.0232,0.0227,0.0247,0.0268,0.0289,0.0437,0.0035
5,5.3,84,rubl,198,198,100,0.008,0.0187,0.0185,0.0242,0.0263,0.0287,0.0331,0.0056
5,5.3,84,swth,198,198,100,0.1559,0.2037,0.2065,0.2191,0.2232,0.2262,0.2348,0.0166
5,5.3,84,wwcr,198,198,100,0.1665,0.2013,0.2007,0.2132,0.2186,0.2282,0.2865,0.0175
5,5.3,85,blbw,332,332,0,0.0053,0.0065,0.0063,0.007,0.0076,0.0083,0.01,8e-4
5,5.3,85,boch,332,332,100,0.0953,0.2331,0.1586,0.3597,0.4655,0.5562,0.8965,0.1503
5,5.3,85,brcr,332,332,0,0.0132,0.0219,0.0205,0.026,0.0306,0.0371,0.047,0.007
5,5.3,85,btnw,332,332,0,0.0059,0.009,0.0083,0.0113,0.0136,0.0149,0.0189,0.0029
5,5.3,85,cawa,332,332,0,0.0027,0.0029,0.0028,0.0029,0.003,0.0035,0.0043,2e-4
5,5.3,85,cmwa,332,332,0,0.0165,0.0211,0.021,0.023,0.0236,0.0241,0.0259,0.0019
5,5.3,85,osfl,332,332,0,0.0055,0.006,0.0059,0.0062,0.0066,0.007,0.0081,4e-4
5,5.3,85,pigr,332,332,100,0.0177,0.023,0.0229,0.0259,0.0273,0.0285,0.0353,0.0033
5,5.3,85,rubl,332,332,100,0.0048,0.0094,0.0093,0.0108,0.0116,0.0128,0.0197,0.002
5,5.3,85,swth,332,332,100,0.2053,0.2517,0.2491,0.2661,0.2748,0.2848,0.3028,0.017
5,5.3,85,wwcr,332,332,100,0.1466,0.1837,0.1822,0.1946,0.2026,0.2116,0.2739,0.0144
6A,6.1,87,blbw,4885,4541,0,0.0014,0.0032,0.0027,0.0037,0.0046,0.006,0.0134,0.0012
6A,6.1,87,boch,4885,4541,93,0.0412,0.0676,0.0661,0.0776,0.0816,0.0847,0.0984,0.0099
6A,6.1,87,brcr,4885,4541,0,0.014,0.0166,0.0161,0.0179,0.0196,0.0204,0.0215,0.0018
6A,6.1,87,btnw,4885,4541,47,0.0031,0.0056,0.0055,0.0066,0.0073,0.0076,0.0087,0.0011
6A,6.1,87,cawa,4885,4541,0,0.0021,0.0049,0.0033,0.0052,0.0104,0.0156,0.0283,0.0043
6A,6.1,87,cmwa,4885,4541,100,0.0079,0.0344,0.0248,0.0432,0.0809,0.1098,0.2146,0.0308
6A,6.1,87,osfl,4885,4541,94,0.0034,0.0067,0.0068,0.0081,0.0084,0.0087,0.0108,0.0014
6A,6.1,87,pigr,4885,4541,100,0.004,0.0066,0.006,0.0076,0.0091,0.0105,0.0192,0.0018
6A,6.1,87,rubl,4885,4541,94,0.0056,0.0175,0.0171,0.022,0.0249,0.0272,0.0429,0.0052
6A,6.1,87,swth,4885,4541,93,0.1248,0.2377,0.2516,0.2783,0.2925,0.3028,0.3653,0.0475
6A,6.1,87,wwcr,4885,4541,100,0.079,0.1645,0.1548,0.1914,0.2135,0.2274,0.9568,0.0478
6A,6.1,88,blbw,12209,11577,0,0.0017,0.0135,0.0047,0.0134,0.0256,0.0689,0.2031,0.0252
6A,6.1,88,boch,12209,11577,97,0.0425,0.0732,0.0736,0.0864,0.0899,0.0915,0.1135,0.0124
6A,6.1,88,brcr,12209,11577,22,0.0148,0.0261,0.025,0.0308,0.0355,0.0403,0.053,0.0068
6A,6.1,88,btnw,12209,11577,74,0.0041,0.0101,0.0095,0.0126,0.0144,0.0192,0.0272,0.004
6A,6.1,88,cawa,12209,11577,36,0.0021,0.0092,0.0057,0.0159,0.0223,0.0248,0.0445,0.0077
6A,6.1,88,cmwa,12209,11577,93,0.0058,0.1015,0.0426,0.1733,0.2937,0.3618,0.8385,0.1271
6A,6.1,88,osfl,12209,11577,97,0.0025,0.0055,0.0055,0.007,0.0079,0.0083,0.0105,0.0016
6A,6.1,88,pigr,12209,11577,100,0.0036,0.0062,0.0057,0.0066,0.0089,0.0123,0.0395,0.0026
6A,6.1,88,rubl,12209,11577,97,0.0042,0.0137,0.0126,0.0187,0.0257,0.0286,0.0413,0.0072
6A,6.1,88,swth,12209,11577,97,0.1148,0.2036,0.2011,0.2512,0.2683,0.2823,0.3389,0.0475
6A,6.1,88,wwcr,12209,11577,100,0.0449,0.1627,0.1641,0.1923,0.2143,0.2343,1.6054,0.0613
6A,6.1,89,blbw,8863,8760,27,0.0016,0.01,0.0041,0.0163,0.0273,0.0343,0.0927,0.0112
6A,6.1,89,boch,8863,8760,98,0.0473,0.075,0.0761,0.0836,0.0866,0.0884,0.0944,0.0092
6A,6.1,89,brcr,8863,8760,31,0.0139,0.0247,0.023,0.0289,0.032,0.0354,0.0513,0.0054
6A,6.1,89,btnw,8863,8760,79,0.0038,0.0094,0.0092,0.0118,0.0132,0.0142,0.0187,0.0027
6A,6.1,89,cawa,8863,8760,61,0.0021,0.0087,0.0056,0.0163,0.0183,0.0196,0.0328,0.0066
6A,6.1,89,cmwa,8863,8760,76,0.0077,0.08,0.0427,0.1448,0.174,0.2054,0.6216,0.0829
6A,6.1,89,osfl,8863,8760,98,0.0026,0.0056,0.0056,0.0073,0.0079,0.0083,0.0115,0.0017
6A,6.1,89,pigr,8863,8760,98,0.0033,0.0062,0.0055,0.0066,0.0096,0.0119,0.0513,0.0031
6A,6.1,89,rubl,8863,8760,98,0.0048,0.0166,0.017,0.0241,0.0278,0.0297,0.0506,0.0081
6A,6.1,89,swth,8863,8760,97,0.1165,0.1872,0.1947,0.2214,0.2374,0.248,0.2789,0.039
6A,6.1,89,wwcr,8863,8760,100,0.0621,0.1918,0.1969,0.2363,0.2615,0.2927,0.7856,0.0638
6A,6.2,90,blbw,9188,9106,99,0.0054,0.1064,0.1037,0.1777,0.2104,0.2348,0.3443,0.0739
6A,6.2,90,boch,9188,9106,99,0.0211,0.0676,0.0711,0.0872,0.0912,0.0938,0.1066,0.0203
6A,6.2,90,brcr,9188,9106,99,0.021,0.0512,0.0509,0.0608,0.071,0.0749,0.0846,0.0131
6A,6.2,90,btnw,9188,9106,99,0.0104,0.0273,0.0245,0.0404,0.0443,0.0475,0.1251,0.0126
6A,6.2,90,cawa,9188,9106,99,0.007,0.023,0.0236,0.0284,0.0315,0.034,0.0552,0.0067
6A,6.2,90,cmwa,9188,9106,100,0.0184,0.1318,0.1219,0.1732,0.2135,0.269,0.443,0.0653
6A,6.2,90,osfl,9188,9106,99,0.002,0.0032,0.003,0.0035,0.0044,0.0049,0.0072,7e-4
6A,6.2,90,pigr,9188,9106,99,0.0033,0.0041,0.0039,0.0045,0.0047,0.0047,0.0074,4e-4
6A,6.2,90,rubl,9188,9106,99,0.0028,0.0044,0.0041,0.0051,0.0054,0.0067,0.0087,0.001
6A,6.2,90,swth,9188,9106,99,0.0264,0.1932,0.1957,0.2445,0.2616,0.2693,0.283,0.0549
6A,6.2,90,wwcr,9188,9106,100,0.0169,0.0922,0.0825,0.136,0.1808,0.1919,0.2565,0.0529
6A,6.5,91,blbw,2823,2633,94,0.0426,0.1606,0.1548,0.2174,0.2369,0.2501,0.329,0.0571
6A,6.5,91,boch,2823,2633,86,0.0174,0.0267,0.0256,0.029,0.0356,0.038,0.0436,0.005
6A,6.5,91,brcr,2823,2633,94,0.0155,0.0282,0.0279,0.0306,0.035,0.0431,0.0523,0.0061
6A,6.5,91,btnw,2823,2633,94,0.0151,0.0347,0.0355,0.0383,0.0395,0.0407,0.1342,0.0053
6A,6.5,91,cawa,2823,2633,93,0.0106,0.0238,0.0237,0.0273,0.0288,0.03,0.036,0.004
6A,6.5,91,cmwa,2823,2633,100,0.015,0.0449,0.0327,0.0513,0.098,0.1187,0.1673,0.0296
6A,6.5,91,osfl,2823,2633,94,0.0019,0.0024,0.0024,0.0026,0.0027,0.0027,0.003,2e-4
6A,6.5,91,pigr,2823,2633,94,0.0034,0.0039,0.0038,0.0038,0.0039,0.0039,0.008,2e-4
6A,6.5,91,rubl,2823,2633,93,0.003,0.0033,0.0033,0.0033,0.0033,0.0033,0.0035,0
6A,6.5,91,swth,2823,2633,93,0.0151,0.059,0.049,0.083,0.0989,0.1119,0.1638,0.0284
6A,6.5,91,wwcr,2823,2633,100,0.0168,0.0254,0.0246,0.0298,0.0334,0.0411,0.0617,0.0071
6A,6.5,93,blbw,1584,1583,100,0.0436,0.1875,0.1889,0.2303,0.2464,0.2579,0.3268,0.0476
6A,6.5,93,boch,1584,1583,100,0.0174,0.0334,0.0328,0.0418,0.0435,0.045,0.0529,0.0079
6A,6.5,93,brcr,1584,1583,100,0.0159,0.0304,0.0284,0.0345,0.046,0.0476,0.0547,0.0082
6A,6.5,93,btnw,1584,1583,100,0.03,0.0432,0.0412,0.045,0.0475,0.061,0.1057,0.0095
6A,6.5,93,cawa,1584,1583,100,0.0204,0.0311,0.0309,0.0339,0.0358,0.0374,0.0903,0.0043
6A,6.5,93,cmwa,1584,1583,100,0.0096,0.0238,0.0199,0.0328,0.0389,0.0413,0.0476,0.0085
6A,6.5,93,osfl,1584,1583,100,0.002,0.0027,0.0027,0.0029,0.0029,0.003,0.0033,2e-4
6A,6.5,93,pigr,1584,1583,100,0.0037,0.0038,0.0038,0.0038,0.0038,0.0039,0.0045,1e-4
6A,6.5,93,rubl,1584,1583,100,0.0032,0.0033,0.0033,0.0033,0.0033,0.0033,0.0034,0
6A,6.5,93,swth,1584,1583,100,0.0287,0.124,0.1276,0.1644,0.1707,0.1936,0.2342,0.0468
6A,6.5,93,wwcr,1584,1583,100,0.0202,0.0347,0.0303,0.0459,0.0529,0.0566,0.0732,0.0113
6A,6.2,94,blbw,5105,4775,94,0.0102,0.0546,0.0315,0.0761,0.1269,0.1743,0.2735,0.0494
6A,6.2,94,boch,5105,4775,94,0.0296,0.0677,0.0711,0.0787,0.0804,0.0812,0.0987,0.0119
6A,6.2,94,brcr,5105,4775,94,0.0148,0.0514,0.056,0.0643,0.0679,0.07,0.0772,0.015
6A,6.2,94,btnw,5105,4775,100,0.0126,0.0342,0.0318,0.039,0.0457,0.0595,0.2173,0.0172
6A,6.2,94,cawa,5105,4775,94,0.0073,0.0192,0.0184,0.0248,0.0268,0.0287,0.0377,0.0059
6A,6.2,94,cmwa,5105,4775,95,0.0123,0.053,0.05,0.0747,0.0901,0.1166,0.1579,0.0294
6A,6.2,94,osfl,5105,4775,94,0.0026,0.0039,0.0037,0.0049,0.0051,0.0053,0.0061,9e-4
6A,6.2,94,pigr,5105,4775,100,0.0037,0.0046,0.0046,0.0049,0.0056,0.0059,0.0066,6e-4
6A,6.2,94,rubl,5105,4775,94,0.0031,0.0036,0.0033,0.0038,0.0042,0.0046,0.0062,5e-4
6A,6.2,94,swth,5105,4775,94,0.1452,0.2311,0.2388,0.2471,0.2564,0.2663,0.3019,0.0253
6A,6.2,94,wwcr,5105,4775,100,0.0229,0.1051,0.103,0.1388,0.1557,0.1696,0.6786,0.0384
6A,6.1,95,blbw,6935,6935,36,0.0021,0.0085,0.0063,0.0146,0.0178,0.0208,0.0399,0.0059
6A,6.1,95,boch,6935,6935,100,0.0577,0.0827,0.0822,0.0883,0.0917,0.0946,0.1026,0.0068
6A,6.1,95,brcr,6935,6935,41,0.0214,0.0338,0.0281,0.0406,0.0566,0.0587,0.066,0.011
6A,6.1,95,btnw,6935,6935,98,0.0059,0.0126,0.0134,0.0151,0.0168,0.02,0.0308,0.0044
6A,6.1,95,cawa,6935,6935,90,0.0022,0.0067,0.0062,0.0101,0.0118,0.013,0.0221,0.0036
6A,6.1,95,cmwa,6935,6935,24,0.0113,0.0427,0.0354,0.068,0.0838,0.1009,0.1409,0.0278
6A,6.1,95,osfl,6935,6935,100,0.0036,0.0066,0.0068,0.0077,0.0081,0.0083,0.0119,0.0012
6A,6.1,95,pigr,6935,6935,100,0.0044,0.0059,0.0059,0.0064,0.0068,0.0075,0.0162,0.001
6A,6.1,95,rubl,6935,6935,100,0.0033,0.0148,0.012,0.0239,0.0272,0.0302,0.0547,0.009
6A,6.1,95,swth,6935,6935,100,0.1287,0.2399,0.2501,0.2761,0.2841,0.2879,0.3039,0.0438
6A,6.1,95,wwcr,6935,6935,100,0.099,0.2212,0.2232,0.2667,0.2964,0.3223,0.6648,0.0623
6A,6.2,96,blbw,11105,11101,38,0.005,0.0576,0.0395,0.1037,0.1385,0.1641,0.2597,0.0508
6A,6.2,96,boch,11105,11101,100,0.0301,0.0741,0.063,0.0938,0.1229,0.1399,0.2479,0.0301
6A,6.2,96,brcr,11105,11101,100,0.0139,0.041,0.0452,0.0515,0.0543,0.0562,0.2852,0.0126
6A,6.2,96,btnw,11105,11101,92,0.0114,0.0394,0.0355,0.0478,0.053,0.0595,0.2017,0.0168
6A,6.2,96,cawa,11105,11101,100,0.0037,0.0202,0.0205,0.0273,0.0311,0.0336,0.0463,0.0083
6A,6.2,96,cmwa,11105,11101,86,0.0112,0.0278,0.0264,0.0326,0.036,0.0394,0.0676,0.0065
6A,6.2,96,osfl,11105,11101,100,0.0025,0.0039,0.0035,0.0048,0.0058,0.0064,0.0121,0.0012
6A,6.2,96,pigr,11105,11101,100,0.0036,0.0047,0.0046,0.0052,0.0061,0.0065,0.0115,9e-4
6A,6.2,96,rubl,11105,11101,100,0.003,0.0035,0.0033,0.0034,0.0038,0.0041,0.0088,5e-4
6A,6.2,96,swth,11105,11101,100,0.0713,0.2079,0.2149,0.2341,0.2419,0.2483,0.2833,0.0317
6A,6.2,96,wwcr,11105,11101,100,0.023,0.1154,0.0876,0.1817,0.2333,0.256,0.47,0.0683
6A,6.6,97,blbw,5210,5194,99,0.0321,0.1292,0.1325,0.1694,0.1866,0.1967,0.2399,0.043
6A,6.6,97,boch,5210,5194,100,0.0174,0.037,0.0385,0.0454,0.0476,0.0495,0.0614,0.0089
6A,6.6,97,brcr,5210,5194,100,0.0117,0.0219,0.0215,0.0253,0.0274,0.0297,0.0509,0.0047
6A,6.6,97,btnw,5210,5194,100,0.0337,0.0828,0.0643,0.114,0.1581,0.1803,0.2574,0.0449
6A,6.6,97,cawa,5210,5194,100,0.0108,0.031,0.0294,0.036,0.041,0.0484,0.0964,0.0088
6A,6.6,97,cmwa,5210,5194,100,0.0065,0.0164,0.0164,0.0196,0.0211,0.023,0.0291,0.0041
6A,6.6,97,osfl,5210,5194,100,0.0021,0.0028,0.0029,0.003,0.003,0.003,0.0036,2e-4
6A,6.6,97,pigr,5210,5194,100,0.0036,0.0039,0.0038,0.004,0.0041,0.0043,0.0046,2e-4
6A,6.6,97,rubl,5210,5194,100,0.0031,0.0033,0.0033,0.0033,0.0033,0.0033,0.0033,0
6A,6.6,97,swth,5210,5194,100,0.0338,0.1541,0.1649,0.1984,0.2086,0.2175,0.2437,0.0481
6A,6.6,97,wwcr,5210,5194,100,0.0149,0.0351,0.034,0.0486,0.0513,0.0545,0.0828,0.0132
6A,6.6,99,blbw,10467,10467,100,0.0092,0.1155,0.1389,0.1729,0.1887,0.1985,0.3299,0.0647
6A,6.6,99,boch,10467,10467,95,0.0163,0.0646,0.0452,0.1104,0.1331,0.1461,0.2403,0.0441
6A,6.6,99,brcr,10467,10467,100,0.0117,0.0212,0.0198,0.0238,0.0275,0.0355,0.0739,0.0062
6A,6.6,99,btnw,10467,10467,100,0.0192,0.0691,0.0657,0.0976,0.1109,0.1229,0.2366,0.0323
6A,6.6,99,cawa,10467,10467,100,0.0039,0.0229,0.0241,0.0296,0.0319,0.0333,0.0391,0.0072
6A,6.6,99,cmwa,10467,10467,86,0.006,0.0228,0.0225,0.0302,0.0335,0.0391,0.0818,0.009
6A,6.6,99,osfl,10467,10467,100,0.0018,0.0029,0.0029,0.0032,0.0037,0.004,0.0056,5e-4
6A,6.6,99,pigr,10467,10467,100,0.0037,0.0044,0.0039,0.0048,0.0052,0.0064,0.0106,0.0011
6A,6.6,99,rubl,10467,10467,100,0.0031,0.0033,0.0033,0.0034,0.0034,0.0034,0.0036,1e-4
6A,6.6,99,swth,10467,10467,100,0.0155,0.154,0.1614,0.221,0.2441,0.2762,0.3571,0.0756
6A,6.6,99,wwcr,10467,10467,100,0.0141,0.0512,0.0372,0.0776,0.1129,0.1377,0.2459,0.0384
6A,6.2,100,blbw,5760,5594,11,0.0025,0.0124,0.0062,0.0174,0.0348,0.0407,0.1072,0.0135
6A,6.2,100,boch,5760,5594,100,0.0616,0.1651,0.1706,0.2052,0.2208,0.2395,0.3175,0.0457
6A,6.2,100,brcr,5760,5594,98,0.0202,0.0414,0.0426,0.0497,0.0524,0.0541,0.0623,0.0088
6A,6.2,100,btnw,5760,5594,31,0.0057,0.0157,0.0114,0.0262,0.0284,0.0299,0.0436,0.0085
6A,6.2,100,cawa,5760,5594,70,0.0024,0.007,0.0044,0.0118,0.0156,0.0168,0.0301,0.0049
6A,6.2,100,cmwa,5760,5594,14,0.0117,0.0223,0.0208,0.029,0.0335,0.0362,0.0788,0.0082
6A,6.2,100,osfl,5760,5594,100,0.0029,0.0059,0.0057,0.0072,0.0088,0.0097,0.0173,0.002
6A,6.2,100,pigr,5760,5594,100,0.0039,0.0091,0.0079,0.0119,0.0162,0.018,0.0366,0.0044
6A,6.2,100,rubl,5760,5594,100,0.0032,0.0094,0.0062,0.0155,0.0208,0.0246,0.1332,0.009
6A,6.2,100,swth,5760,5594,100,0.1171,0.1984,0.1996,0.2149,0.2197,0.2237,0.2984,0.0191
6A,6.2,100,wwcr,5760,5594,100,0.0599,0.2265,0.2339,0.277,0.3075,0.3562,0.7384,0.0802
6A,6.3,101,blbw,13056,12797,30,0.0027,0.0173,0.007,0.013,0.0326,0.1038,0.2216,0.0316
6A,6.3,101,boch,13056,12797,100,0.0205,0.194,0.1629,0.283,0.3583,0.4324,0.8593,0.1171
6A,6.3,101,brcr,13056,12797,92,0.0129,0.0366,0.0321,0.0511,0.0605,0.0708,0.1937,0.018
6A,6.3,101,btnw,13056,12797,82,0.004,0.0233,0.0182,0.036,0.0493,0.064,0.1447,0.0197
6A,6.3,101,cawa,13056,12797,65,0.0024,0.0065,0.0032,0.0091,0.0166,0.0231,0.037,0.0065
6A,6.3,101,cmwa,13056,12797,19,0.0101,0.0228,0.0193,0.0294,0.0345,0.0405,0.1446,0.0102
6A,6.3,101,osfl,13056,12797,100,0.0023,0.0056,0.0059,0.0064,0.0068,0.0076,0.0114,0.0013
6A,6.3,101,pigr,13056,12797,100,0.0036,0.0126,0.012,0.0187,0.0208,0.0228,0.0735,0.0064
6A,6.3,101,rubl,13056,12797,100,0.0031,0.0076,0.0048,0.0095,0.0199,0.0228,0.0322,0.0062
6A,6.3,101,swth,13056,12797,100,0.0532,0.2657,0.2724,0.3263,0.3546,0.3704,0.4269,0.0696
6A,6.3,101,wwcr,13056,12797,100,0.0191,0.1845,0.1831,0.2354,0.2695,0.3049,1.0421,0.072
6A,6.3,103,blbw,6163,6153,0,0.0044,0.0077,0.0079,0.0089,0.0094,0.0098,0.0116,0.0013
6A,6.3,103,boch,6163,6153,100,0.0693,0.2723,0.2377,0.4034,0.4521,0.4994,0.8608,0.1295
6A,6.3,103,brcr,6163,6153,42,0.0114,0.0163,0.0161,0.0176,0.0186,0.02,0.0325,0.0021
6A,6.3,103,btnw,6163,6153,100,0.0045,0.0443,0.043,0.0629,0.0716,0.0801,0.1189,0.0208
6A,6.3,103,cawa,6163,6153,0,0.0025,0.0035,0.0036,0.0038,0.0039,0.0039,0.0096,4e-4
6A,6.3,103,cmwa,6163,6153,14,0.0082,0.0154,0.0157,0.0184,0.0194,0.0201,0.03,0.0032
6A,6.3,103,osfl,6163,6153,80,0.0043,0.0057,0.0055,0.0059,0.0065,0.0068,0.0104,5e-4
6A,6.3,103,pigr,6163,6153,100,0.0081,0.0281,0.0267,0.0322,0.0374,0.043,0.1245,0.0082
6A,6.3,103,rubl,6163,6153,100,0.0033,0.005,0.0043,0.0051,0.0074,0.0087,0.0179,0.0016
6A,6.3,103,swth,6163,6153,100,0.142,0.2568,0.257,0.2897,0.301,0.3121,0.3852,0.0383
6A,6.3,103,wwcr,6163,6153,100,0.0559,0.1351,0.1223,0.1783,0.2034,0.2186,0.4589,0.0465
6A,6.3,104,blbw,1228,1216,0,0.0054,0.0082,0.0082,0.009,0.0093,0.0096,0.0108,9e-4
6A,6.3,104,boch,1228,1216,99,0.0833,0.1423,0.1406,0.178,0.1928,0.2009,0.2396,0.035
6A,6.3,104,brcr,1228,1216,0,0.0128,0.0148,0.0147,0.0154,0.0158,0.016,0.017,7e-4
6A,6.3,104,btnw,1228,1216,11,0.0126,0.0277,0.0269,0.0374,0.0395,0.0409,0.0445,0.0084
6A,6.3,104,cawa,1228,1216,0,0.0032,0.0037,0.0037,0.0039,0.0039,0.004,0.0041,1e-4
6A,6.3,104,cmwa,1228,1216,0,0.0081,0.0129,0.0117,0.0163,0.0173,0.0181,0.0223,0.003
6A,6.3,104,osfl,1228,1216,0,0.0048,0.0064,0.0066,0.007,0.0072,0.0076,0.0088,8e-4
6A,6.3,104,pigr,1228,1216,99,0.0163,0.0535,0.0404,0.0627,0.0896,0.13,0.4358,0.0445
6A,6.3,104,rubl,1228,1216,99,0.0038,0.0043,0.0043,0.0045,0.0046,0.0046,0.0052,2e-4
6A,6.3,104,swth,1228,1216,99,0.1432,0.1742,0.1731,0.1912,0.1999,0.2058,0.2199,0.018
6A,6.3,104,wwcr,1228,1216,99,0.0573,0.0784,0.0778,0.0854,0.0908,0.0949,0.1222,0.0091
6A,6.3,105,blbw,1331,1110,0,0.0051,0.0089,0.0089,0.0104,0.0112,0.0119,0.0152,0.0018
6A,6.3,105,boch,1331,1110,83,0.079,0.2805,0.2316,0.3649,0.4755,0.5928,1.0281,0.1449
6A,6.3,105,brcr,1331,1110,0,0.0136,0.026,0.0235,0.0354,0.0407,0.0435,0.0619,0.0094
6A,6.3,105,btnw,1331,1110,0,0.0048,0.0211,0.0219,0.0274,0.0307,0.0336,0.0513,0.0081
6A,6.3,105,cawa,1331,1110,0,0.0027,0.0038,0.0039,0.0044,0.0045,0.0047,0.0052,6e-4
6A,6.3,105,cmwa,1331,1110,0,0.0122,0.0214,0.0216,0.0238,0.025,0.0262,0.0385,0.0031
6A,6.3,105,osfl,1331,1110,0,0.0047,0.0058,0.0058,0.0061,0.0064,0.0066,0.0079,4e-4
6A,6.3,105,pigr,1331,1110,83,0.0082,0.0238,0.0239,0.0275,0.0296,0.0326,0.0549,0.0059
6A,6.3,105,rubl,1331,1110,83,0.0037,0.0056,0.0046,0.0063,0.0087,0.0103,0.0269,0.0023
6A,6.3,105,swth,1331,1110,83,0.1835,0.2572,0.259,0.289,0.3028,0.311,0.3438,0.0343
6A,6.3,105,wwcr,1331,1110,83,0.0679,0.1384,0.1366,0.1794,0.1951,0.2084,0.2852,0.0436
6B,6.4,106,blbw,152,139,0,0.0068,0.0079,0.0079,0.0082,0.0085,0.0088,0.0096,4e-4
6B,6.4,106,boch,152,139,88,0.1093,0.2114,0.2045,0.2444,0.2673,0.2937,0.3339,0.0459
6B,6.4,106,brcr,152,139,0,0.013,0.0137,0.0136,0.014,0.0142,0.0145,0.0148,4e-4
6B,6.4,106,btnw,152,139,88,0.0275,0.0519,0.0534,0.0638,0.0722,0.0815,0.0979,0.0162
6B,6.4,106,cawa,152,139,0,0.0036,0.0038,0.0038,0.0039,0.004,0.004,0.0041,1e-4
6B,6.4,106,cmwa,152,139,0,0.0072,0.0084,0.0084,0.0086,0.0086,0.0087,0.0088,2e-4
6B,6.4,106,osfl,152,139,88,0.007,0.0073,0.0073,0.0075,0.0076,0.0077,0.0083,2e-4
6B,6.4,106,pigr,152,139,88,0.0269,0.0489,0.0479,0.0565,0.0607,0.0659,0.0942,0.0104
6B,6.4,106,rubl,152,139,88,0.0039,0.0044,0.0044,0.0046,0.0046,0.0047,0.0048,2e-4
6B,6.4,106,swth,152,139,88,0.1539,0.1913,0.1917,0.2064,0.2101,0.2135,0.2228,0.0161
6B,6.4,106,wwcr,152,139,88,0.0639,0.0732,0.0721,0.0783,0.0809,0.0826,0.0868,0.0051
6B,6.4,107,blbw,501,473,0,0.006,0.0081,0.0079,0.0085,0.009,0.0103,0.0134,0.001
6B,6.4,107,boch,501,473,93,0.0852,0.3009,0.301,0.3764,0.4296,0.4524,0.5686,0.0894
6B,6.4,107,brcr,501,473,4,0.0129,0.0139,0.0139,0.0142,0.0144,0.0145,0.0152,4e-4
6B,6.4,107,btnw,501,473,93,0.0221,0.0912,0.0918,0.1054,0.116,0.1356,0.1705,0.0244
6B,6.4,107,cawa,501,473,0,0.0034,0.0041,0.0039,0.0043,0.0045,0.0051,0.0061,4e-4
6B,6.4,107,cmwa,501,473,0,0.0073,0.0087,0.0087,0.009,0.0092,0.0093,0.0099,3e-4
6B,6.4,107,osfl,501,473,93,0.0047,0.0073,0.0074,0.0077,0.0079,0.0082,0.0089,6e-4
6B,6.4,107,pigr,501,473,93,0.0069,0.0326,0.0292,0.0468,0.0567,0.0636,0.08,0.0158
6B,6.4,107,rubl,501,473,93,0.0033,0.0042,0.0042,0.0045,0.0047,0.0049,0.0054,4e-4
6B,6.4,107,swth,501,473,93,0.1654,0.2163,0.2161,0.2252,0.2315,0.2377,0.2596,0.0129
6B,6.4,107,wwcr,501,473,93,0.0635,0.0786,0.0768,0.0836,0.088,0.0918,0.1927,0.0095
6B,6.4,108,blbw,997,997,20,0.0024,0.0069,0.0071,0.0082,0.0094,0.0108,0.0722,0.0056
6B,6.4,108,boch,997,997,100,0.0523,0.1713,0.1062,0.2813,0.3217,0.3477,0.488,0.1016
6B,6.4,108,brcr,997,997,64,0.0114,0.0141,0.014,0.0147,0.015,0.0152,0.0161,7e-4
6B,6.4,108,btnw,997,997,100,0.0102,0.0499,0.0534,0.0783,0.0871,0.0954,0.1718,0.0317
6B,6.4,108,cawa,997,997,0,0.0034,0.0042,0.0041,0.0044,0.0048,0.0052,0.0078,6e-4
6B,6.4,108,cmwa,997,997,0,0.0074,0.0085,0.0085,0.0088,0.009,0.0094,0.0107,4e-4
6B,6.4,108,osfl,997,997,100,0.0041,0.0077,0.0077,0.0084,0.0086,0.0087,0.0094,8e-4
6B,6.4,108,pigr,997,997,100,0.0047,0.0238,0.0183,0.0352,0.0415,0.0498,0.0712,0.0133
6B,6.4,108,rubl,997,997,100,0.0033,0.0039,0.0038,0.0042,0.0044,0.0044,0.005,3e-4
6B,6.4,108,swth,997,997,100,0.1379,0.203,0.2088,0.2288,0.251,0.2712,0.2954,0.0361
6B,6.4,108,wwcr,997,997,100,0.048,0.0709,0.0701,0.0772,0.081,0.0842,0.0989,0.0076
6B,6.4,109,blbw,663,614,19,0.0027,0.0156,0.0108,0.0228,0.0355,0.0443,0.1095,0.0141
6B,6.4,109,boch,663,614,92,0.0439,0.1334,0.1323,0.174,0.188,0.1967,0.2743,0.0423
6B,6.4,109,brcr,663,614,91,0.0134,0.0141,0.014,0.0144,0.0145,0.0147,0.0158,4e-4
6B,6.4,109,btnw,663,614,92,0.0119,0.0846,0.0961,0.117,0.1252,0.1326,0.1681,0.0377
6B,6.4,109,cawa,663,614,0,0.0037,0.0054,0.0052,0.0063,0.0069,0.0073,0.0084,0.001
6B,6.4,109,cmwa,663,614,0,0.0067,0.0086,0.0086,0.0089,0.0091,0.0092,0.0097,3e-4
6B,6.4,109,osfl,663,614,92,0.0039,0.0061,0.006,0.007,0.0077,0.0083,0.0093,0.0011
6B,6.4,109,pigr,663,614,92,0.0044,0.0143,0.0147,0.018,0.0198,0.023,0.0468,0.0055
6B,6.4,109,rubl,663,614,92,0.0032,0.0035,0.0035,0.0036,0.0037,0.0039,0.0042,2e-4
6B,6.4,109,swth,663,614,92,0.1461,0.2062,0.2102,0.2274,0.2362,0.2419,0.2592,0.0245
6B,6.4,109,wwcr,663,614,92,0.0429,0.0681,0.0706,0.0739,0.0754,0.0768,0.0978,0.0081
6B,6.4,112,blbw,1858,1835,0,0.0039,0.0284,0.0178,0.0417,0.0701,0.0946,0.1376,0.027
6B,6.4,112,boch,1858,1835,99,0.0311,0.0732,0.0576,0.0913,0.1234,0.17,0.2051,0.0367
6B,6.4,112,brcr,1858,1835,74,0.0132,0.0141,0.014,0.0144,0.0147,0.0149,0.0152,4e-4
6B,6.4,112,btnw,1858,1835,99,0.0147,0.0977,0.0931,0.1161,0.1307,0.1442,0.2144,0.0257
6B,6.4,112,cawa,1858,1835,0,0.0039,0.0068,0.0067,0.0083,0.0089,0.0096,0.0124,0.0017
6B,6.4,112,cmwa,1858,1835,0,0.0066,0.0087,0.0087,0.009,0.0092,0.0093,0.0097,4e-4
6B,6.4,112,osfl,1858,1835,99,0.0033,0.0058,0.0058,0.0071,0.0076,0.008,0.0091,0.0013
6B,6.4,112,pigr,1858,1835,99,0.0037,0.0073,0.0055,0.0077,0.0159,0.0189,0.0283,0.0045
6B,6.4,112,rubl,1858,1835,99,0.0032,0.0034,0.0034,0.0035,0.0036,0.0037,0.004,1e-4
6B,6.4,112,swth,1858,1835,99,0.1609,0.2358,0.2346,0.2626,0.274,0.2826,0.3056,0.0285
6B,6.4,112,wwcr,1858,1835,99,0.0267,0.0594,0.0626,0.0697,0.0731,0.0755,0.0917,0.0123
6B,6.4,113,blbw,294,259,0,0.0082,0.0211,0.0138,0.031,0.0386,0.0463,0.098,0.0153
6B,6.4,113,boch,294,259,86,0.0383,0.0542,0.0512,0.0577,0.0618,0.0741,0.1589,0.0112
6B,6.4,113,brcr,294,259,12,0.0131,0.0139,0.0138,0.0145,0.0146,0.0147,0.0149,5e-4
6B,6.4,113,btnw,294,259,86,0.0448,0.0774,0.0768,0.089,0.0933,0.0984,0.1332,0.0147
6B,6.4,113,cawa,294,259,0,0.0045,0.0068,0.0066,0.0079,0.0084,0.0088,0.0104,0.0011
6B,6.4,113,cmwa,294,259,0,0.0076,0.0085,0.0085,0.0088,0.009,0.0091,0.0095,3e-4
6B,6.4,113,osfl,294,259,86,0.0034,0.0058,0.006,0.0069,0.0074,0.0075,0.0079,0.0012
6B,6.4,113,pigr,294,259,86,0.0037,0.0053,0.0053,0.0061,0.0066,0.0068,0.0084,8e-4
6B,6.4,113,rubl,294,259,86,0.0032,0.0034,0.0034,0.0034,0.0035,0.0036,0.0039,1e-4
6B,6.4,113,swth,294,259,86,0.1819,0.2376,0.2344,0.2629,0.2699,0.2772,0.2895,0.0254
6B,6.4,113,wwcr,294,259,86,0.0344,0.0586,0.0598,0.0697,0.073,0.074,0.0857,0.0108
6B,6.4,114,blbw,2171,2079,3,0.0021,0.007,0.0052,0.0094,0.0126,0.017,0.0422,0.0055
6B,6.4,114,boch,2171,2079,95,0.0498,0.1037,0.0943,0.1281,0.1496,0.1628,0.2026,0.0285
6B,6.4,114,brcr,2171,2079,95,0.0119,0.0144,0.0144,0.0148,0.0152,0.0155,0.0166,6e-4
6B,6.4,114,btnw,2171,2079,95,0.0067,0.0412,0.0257,0.0764,0.0913,0.1017,0.149,0.0319
6B,6.4,114,cawa,2171,2079,0,0.0033,0.005,0.0049,0.0057,0.0062,0.0066,0.0078,9e-4
6B,6.4,114,cmwa,2171,2079,0,0.0065,0.0085,0.0084,0.0087,0.0088,0.009,0.0093,3e-4
6B,6.4,114,osfl,2171,2079,95,0.0037,0.0062,0.0061,0.0073,0.008,0.0083,0.0095,0.0011
6B,6.4,114,pigr,2171,2079,95,0.0052,0.0138,0.0141,0.0166,0.0184,0.0202,0.0455,0.0039
6B,6.4,114,rubl,2171,2079,95,0.0032,0.0035,0.0034,0.0036,0.0037,0.0037,0.004,1e-4
6B,6.4,114,swth,2171,2079,95,0.1164,0.184,0.1849,0.2066,0.218,0.2257,0.2589,0.0263
6B,6.4,114,wwcr,2171,2079,95,0.043,0.0692,0.0681,0.0725,0.0742,0.0764,1.7856,0.0411
6B,6.4,115,blbw,29,29,0,0.0034,0.0041,0.0042,0.0045,0.0045,0.0046,0.0049,4e-4
6B,6.4,115,boch,29,29,100,0.0913,0.1167,0.1186,0.1292,0.1314,0.137,0.1487,0.0147
6B,6.4,115,brcr,29,29,100,0.0138,0.0141,0.0141,0.0143,0.0144,0.0145,0.0148,2e-4
6B,6.4,115,btnw,29,29,100,0.0125,0.0171,0.0151,0.0217,0.0229,0.0241,0.0248,0.0042
6B,6.4,115,cawa,29,29,0,0.004,0.0043,0.0043,0.0044,0.0045,0.0045,0.0046,2e-4
6B,6.4,115,cmwa,29,29,0,0.0083,0.0085,0.0084,0.0086,0.0086,0.0087,0.0087,1e-4
6B,6.4,115,osfl,29,29,100,0.005,0.0054,0.0053,0.0055,0.0057,0.0058,0.0059,2e-4
6B,6.4,115,pigr,29,29,100,0.0117,0.0159,0.0156,0.0174,0.0181,0.0187,0.019,0.0016
6B,6.4,115,rubl,29,29,100,0.0034,0.0034,0.0034,0.0035,0.0035,0.0035,0.0035,0
6B,6.4,115,swth,29,29,100,0.1431,0.151,0.1504,0.1564,0.1587,0.161,0.1617,0.0053
6B,6.4,115,wwcr,29,29,100,0.0639,0.0671,0.0668,0.0683,0.069,0.0692,0.0756,0.0022
6B,6.4,116,blbw,123,116,0,0.0018,0.0027,0.0024,0.0033,0.0041,0.0044,0.005,8e-4
6B,6.4,116,boch,123,116,93,0.0613,0.0857,0.0814,0.09,0.1063,0.1226,0.15,0.0146
6B,6.4,116,brcr,123,116,93,0.0139,0.0161,0.0159,0.0175,0.0187,0.0191,0.0211,0.0017
6B,6.4,116,btnw,123,116,93,0.0063,0.0102,0.0086,0.012,0.0175,0.0208,0.0251,0.0044
6B,6.4,116,cawa,123,116,0,0.0033,0.0038,0.0037,0.0042,0.0044,0.0045,0.0047,4e-4
6B,6.4,116,cmwa,123,116,0,0.008,0.0083,0.0083,0.0084,0.0085,0.0085,0.0087,1e-4
6B,6.4,116,osfl,123,116,93,0.0045,0.0064,0.0064,0.0072,0.0074,0.0075,0.0077,8e-4
6B,6.4,116,pigr,123,116,93,0.0101,0.0123,0.012,0.013,0.0143,0.0151,0.0176,0.0014
6B,6.4,116,rubl,123,116,93,0.0033,0.0035,0.0035,0.0037,0.0037,0.0038,0.0039,2e-4
6B,6.4,116,swth,123,116,93,0.1276,0.1437,0.1397,0.1535,0.16,0.1638,0.177,0.0111
6B,6.4,116,wwcr,123,116,93,0.055,0.059,0.0586,0.0613,0.0624,0.0641,0.0648,0.0025
9,9.2,136,blbw,3192,3132,0,0.0019,0.0058,0.0042,0.0082,0.0111,0.0151,0.0241,0.0039
9,9.2,136,boch,3192,3132,98,0.0415,0.0706,0.0751,0.084,0.0864,0.0884,0.0972,0.0143
9,9.2,136,brcr,3192,3132,0,0.0134,0.0169,0.0163,0.0178,0.0196,0.0213,0.0269,0.002
9,9.2,136,btnw,3192,3132,17,0.0029,0.0049,0.0045,0.0058,0.007,0.0077,0.0118,0.0015
9,9.2,136,cawa,3192,3132,35,0.0021,0.0097,0.009,0.0159,0.018,0.0211,0.0364,0.0065
9,9.2,136,cmwa,3192,3132,99,0.0111,0.0874,0.0777,0.1369,0.194,0.2437,0.3616,0.0732
9,9.2,136,osfl,3192,3132,98,0.003,0.0053,0.0047,0.0072,0.0078,0.0081,0.0098,0.0017
9,9.2,136,pigr,3192,3132,99,0.0038,0.0051,0.0048,0.0059,0.0062,0.0064,0.0101,9e-4
9,9.2,136,rubl,3192,3132,98,0.0047,0.0138,0.0156,0.0191,0.0228,0.0239,0.0365,0.0063
9,9.2,136,swth,3192,3132,98,0.1445,0.2655,0.2703,0.29,0.2953,0.3004,0.3318,0.0289
9,9.2,136,wwcr,3192,3132,100,0.0624,0.1208,0.133,0.144,0.1491,0.1544,0.2863,0.0274
9,9.1,137,blbw,2846,2846,0,0.0028,0.0071,0.0075,0.0086,0.009,0.0094,0.0125,0.0018
9,9.1,137,boch,2846,2846,100,0.0425,0.0715,0.0696,0.0894,0.0929,0.0961,0.1061,0.0161
9,9.1,137,brcr,2846,2846,0,0.0105,0.0191,0.019,0.0252,0.0268,0.0273,0.0313,0.0054
9,9.1,137,btnw,2846,2846,4,0.0047,0.0161,0.0169,0.0203,0.0219,0.0238,0.0461,0.0055
9,9.1,137,cawa,2846,2846,47,0.0029,0.0069,0.0058,0.009,0.0114,0.014,0.0431,0.0034
9,9.1,137,cmwa,2846,2846,42,0.0094,0.0241,0.0189,0.0295,0.0426,0.0572,0.1679,0.0177
9,9.1,137,osfl,2846,2846,100,0.003,0.0055,0.0054,0.0064,0.0067,0.0071,0.0095,9e-4
9,9.1,137,pigr,2846,2846,100,0.0046,0.0063,0.006,0.0064,0.0073,0.0083,0.0303,0.0013
9,9.1,137,rubl,2846,2846,100,0.0032,0.0038,0.0035,0.004,0.0048,0.0052,0.0079,7e-4
9,9.1,137,swth,2846,2846,100,0.0907,0.2413,0.2542,0.2728,0.2807,0.2855,0.3021,0.0416
9,9.1,137,wwcr,2846,2846,100,0.0566,0.1062,0.1045,0.129,0.1356,0.1397,0.1842,0.0214
9,9.2,138,blbw,4374,4374,0,0.0023,0.0128,0.0105,0.0175,0.0225,0.0268,0.052,0.0072
9,9.2,138,boch,4374,4374,100,0.0351,0.0593,0.0529,0.0751,0.0811,0.0849,0.0956,0.0133
9,9.2,138,brcr,4374,4374,0,0.0098,0.017,0.0151,0.022,0.0265,0.0281,0.0309,0.0054
9,9.2,138,btnw,4374,4374,53,0.0031,0.0147,0.0122,0.0215,0.0278,0.0351,0.095,0.0107
9,9.2,138,cawa,4374,4374,56,0.0027,0.0153,0.0131,0.0198,0.0267,0.0317,0.209,0.01
9,9.2,138,cmwa,4374,4374,85,0.008,0.0487,0.0155,0.1023,0.1544,0.174,0.2849,0.0581
9,9.2,138,osfl,4374,4374,100,0.0023,0.0033,0.0031,0.0038,0.0042,0.0046,0.0087,7e-4
9,9.2,138,pigr,4374,4374,100,0.0037,0.0045,0.0045,0.0048,0.0053,0.0058,0.0088,6e-4
9,9.2,138,rubl,4374,4374,100,0.0031,0.004,0.0033,0.0045,0.0052,0.0072,0.0197,0.002
9,9.2,138,swth,4374,4374,100,0.0464,0.1352,0.1173,0.1868,0.2152,0.2445,0.3121,0.0551
9,9.2,138,wwcr,4374,4374,100,0.0314,0.0704,0.0668,0.0807,0.0977,0.1222,0.2709,0.0246
9,9.2,139,blbw,12018,12012,12,0.0019,0.0367,0.018,0.0567,0.1037,0.1316,0.3437,0.0446
9,9.2,139,boch,12018,12012,83,0.0277,0.0806,0.0858,0.0915,0.094,0.0962,0.1176,0.0139
9,9.2,139,brcr,12018,12012,57,0.0131,0.0342,0.0363,0.0439,0.0459,0.0478,0.0534,0.0102
9,9.2,139,btnw,12018,12012,95,0.0041,0.0273,0.0274,0.0388,0.0501,0.0597,0.0957,0.017
9,9.2,139,cawa,12018,12012,87,0.0028,0.0275,0.0256,0.04,0.0508,0.0609,0.1568,0.0181
9,9.2,139,cmwa,12018,12012,99,0.0109,0.1205,0.0763,0.2107,0.2787,0.325,0.798,0.1093
9,9.2,139,osfl,12018,12012,100,0.0022,0.0039,0.0034,0.0047,0.0057,0.0072,0.0097,0.0014
9,9.2,139,pigr,12018,12012,100,0.0036,0.0048,0.0046,0.0055,0.0059,0.0063,0.0107,9e-4
9,9.2,139,rubl,12018,12012,100,0.0031,0.0044,0.0037,0.0048,0.0062,0.008,0.0204,0.002
9,9.2,139,swth,12018,12012,99,0.0329,0.1911,0.1902,0.2357,0.2596,0.274,0.323,0.0518
9,9.2,139,wwcr,12018,12012,100,0.0234,0.0986,0.0958,0.131,0.1432,0.1519,0.3621,0.0329
9,9.2,142,blbw,3219,3219,0,0.0026,0.0138,0.0131,0.0191,0.022,0.0245,0.0519,0.0066
9,9.2,142,boch,3219,3219,100,0.0515,0.0848,0.0848,0.0932,0.0958,0.0976,0.162,0.009
9,9.2,142,brcr,3219,3219,2,0.0153,0.0323,0.0309,0.0393,0.0424,0.0438,0.0483,0.007
9,9.2,142,btnw,3219,3219,80,0.004,0.0173,0.0155,0.0267,0.0293,0.0318,0.039,0.0089
9,9.2,142,cawa,3219,3219,99,0.0042,0.0195,0.0175,0.0254,0.0304,0.0354,0.0702,0.0079
9,9.2,142,cmwa,3219,3219,100,0.0203,0.1296,0.127,0.1942,0.2267,0.2473,0.3174,0.0693
9,9.2,142,osfl,3219,3219,100,0.0026,0.0038,0.0037,0.0044,0.0047,0.0051,0.008,7e-4
9,9.2,142,pigr,3219,3219,100,0.0038,0.0048,0.0048,0.005,0.0055,0.006,0.0067,6e-4
9,9.2,142,rubl,3219,3219,100,0.0032,0.0042,0.0039,0.005,0.0051,0.0055,0.0106,8e-4
9,9.2,142,swth,3219,3219,100,0.0868,0.1949,0.1909,0.2143,0.2314,0.2409,0.2807,0.0256
9,9.2,142,wwcr,3219,3219,100,0.0478,0.1124,0.118,0.1361,0.1438,0.1499,0.4034,0.0273
9,9.2,143,blbw,728,728,0,0.0072,0.0162,0.0155,0.0197,0.0229,0.0262,0.0438,0.0055
9,9.2,143,boch,728,728,100,0.0453,0.0523,0.0506,0.0537,0.0587,0.0627,0.1026,0.0065
9,9.2,143,brcr,728,728,0,0.0113,0.0147,0.0148,0.0154,0.0161,0.0167,0.0179,0.0011
9,9.2,143,btnw,728,728,92,0.0164,0.0468,0.0406,0.0645,0.0825,0.09,0.1037,0.0206
9,9.2,143,cawa,728,728,4,0.0056,0.0312,0.0273,0.0441,0.0629,0.0742,0.1646,0.0205
9,9.2,143,cmwa,728,728,100,0.0078,0.0137,0.014,0.0149,0.0154,0.0157,0.0172,0.0016
9,9.2,143,osfl,728,728,100,0.0025,0.0035,0.0034,0.0042,0.0044,0.0047,0.0058,6e-4
9,9.2,143,pigr,728,728,100,0.0039,0.0048,0.0047,0.0051,0.0058,0.0059,0.0087,5e-4
9,9.2,143,rubl,728,728,100,0.0031,0.0033,0.0033,0.0033,0.0033,0.0034,0.0034,0
9,9.2,143,swth,728,728,100,0.0659,0.1821,0.1992,0.2251,0.24,0.2512,0.3214,0.0546
9,9.2,143,wwcr,728,728,100,0.0414,0.0855,0.0828,0.1082,0.1164,0.1218,0.1637,0.0222
9,9.1,145,blbw,4643,4643,0,0.0064,0.0114,0.01,0.0132,0.0155,0.0189,0.0641,0.004
9,9.1,145,boch,4643,4643,100,0.041,0.0737,0.0568,0.0914,0.1194,0.17,0.3202,0.0391
9,9.1,145,brcr,4643,4643,61,0.0112,0.0141,0.0141,0.0147,0.015,0.0151,0.0331,0.001
9,9.1,145,btnw,4643,4643,39,0.0107,0.0433,0.0419,0.0572,0.0681,0.0777,0.1986,0.0181
9,9.1,145,cawa,4643,4643,12,0.0025,0.0093,0.0068,0.0102,0.0157,0.025,0.1933,0.0102
9,9.1,145,cmwa,4643,4643,87,0.0065,0.0098,0.0091,0.0115,0.0133,0.0142,0.0191,0.0021
9,9.1,145,osfl,4643,4643,100,0.0025,0.0058,0.0051,0.0078,0.0091,0.0102,0.0123,0.0022
9,9.1,145,pigr,4643,4643,100,0.0039,0.0075,0.0061,0.0094,0.0121,0.0155,0.041,0.0038
9,9.1,145,rubl,4643,4643,100,0.0031,0.0035,0.0034,0.0037,0.004,0.0041,0.0068,3e-4
9,9.1,145,swth,4643,4643,98,0.0674,0.2324,0.2407,0.2718,0.2846,0.2951,0.3208,0.0491
9,9.1,145,wwcr,4643,4643,100,0.0462,0.1219,0.1147,0.1544,0.1768,0.1963,0.7484,0.0424
9,9.3,148,blbw,5749,3955,47,0.0096,0.0921,0.0877,0.1266,0.1455,0.1616,0.2631,0.0391
9,9.3,148,boch,5749,3955,60,0.0362,0.0619,0.0574,0.0763,0.0794,0.0843,0.0929,0.0125
9,9.3,148,brcr,5749,3955,69,0.0247,0.042,0.043,0.0486,0.0505,0.0521,0.0566,0.007
9,9.3,148,btnw,5749,3955,68,0.0107,0.0255,0.0228,0.0337,0.0411,0.0445,0.0599,0.0094
9,9.3,148,cawa,5749,3955,71,0.01,0.0365,0.0332,0.0459,0.0565,0.0664,0.1197,0.0148
9,9.3,148,cmwa,5749,3955,100,0.0384,0.2027,0.1664,0.3174,0.3639,0.4019,0.6255,0.1103
9,9.3,148,osfl,5749,3955,69,0.0023,0.0029,0.0029,0.003,0.0032,0.0034,0.0047,2e-4
9,9.3,148,pigr,5749,3955,69,0.0033,0.0039,0.0039,0.004,0.004,0.0041,0.0084,3e-4
9,9.3,148,rubl,5749,3955,69,0.0031,0.0045,0.0044,0.0051,0.0053,0.0058,0.0092,9e-4
9,9.3,148,swth,5749,3955,67,0.0506,0.1407,0.1459,0.1681,0.1826,0.1891,0.2688,0.0329
9,9.3,148,wwcr,5749,3955,100,0.0272,0.0576,0.0526,0.076,0.0885,0.0975,0.1578,0.0206
9,9.2,149,blbw,6307,5992,30,0.0074,0.04,0.0305,0.0501,0.0889,0.1168,0.2145,0.032
9,9.2,149,boch,6307,5992,45,0.0268,0.0502,0.0483,0.0573,0.0635,0.0673,0.1014,0.0091
9,9.2,149,brcr,6307,5992,95,0.0114,0.0218,0.0198,0.027,0.0346,0.0386,0.0526,0.008
9,9.2,149,btnw,6307,5992,43,0.0047,0.0266,0.0272,0.0384,0.0463,0.0514,0.076,0.0142
9,9.2,149,cawa,6307,5992,64,0.004,0.0232,0.0188,0.0286,0.0436,0.0668,0.1471,0.0181
9,9.2,149,cmwa,6307,5992,90,0.0065,0.0347,0.0166,0.0528,0.0827,0.1148,0.3462,0.0387
9,9.2,149,osfl,6307,5992,95,0.0022,0.0026,0.0025,0.0026,0.0028,0.003,0.006,3e-4
9,9.2,149,pigr,6307,5992,95,0.0037,0.004,0.0038,0.0041,0.0044,0.0046,0.0061,3e-4
9,9.2,149,rubl,6307,5992,95,0.003,0.0034,0.0033,0.0035,0.0036,0.0037,0.0247,0.001
9,9.2,149,swth,6307,5992,89,0.0278,0.0704,0.0652,0.086,0.1049,0.1233,0.1831,0.0258
9,9.2,149,wwcr,6307,5992,95,0.0212,0.0479,0.0452,0.0531,0.0633,0.0854,0.2482,0.0189
9,9.3,155,blbw,2492,1937,79,0.0138,0.0882,0.0871,0.1237,0.1369,0.15,0.2254,0.0403
9,9.3,155,boch,2492,1937,22,0.0201,0.0405,0.0409,0.0498,0.052,0.055,0.0768,0.0102
9,9.3,155,brcr,2492,1937,79,0.0152,0.0319,0.0318,0.0394,0.0423,0.0438,0.0507,0.0081
9,9.3,155,btnw,2492,1937,79,0.0055,0.0266,0.0246,0.0373,0.0431,0.0478,0.0643,0.0116
9,9.3,155,cawa,2492,1937,83,0.0067,0.0304,0.0299,0.0384,0.0486,0.0595,0.1102,0.015
9,9.3,155,cmwa,2492,1937,90,0.0142,0.0541,0.0541,0.0789,0.0877,0.0956,0.1561,0.0268
9,9.3,155,osfl,2492,1937,79,0.0019,0.0025,0.0025,0.0027,0.0028,0.0029,0.003,3e-4
9,9.3,155,pigr,2492,1937,79,0.0037,0.0038,0.0038,0.0038,0.0038,0.0039,0.0045,0
9,9.3,155,rubl,2492,1937,79,0.0029,0.0034,0.0033,0.0036,0.0037,0.0038,0.0046,2e-4
9,9.3,155,swth,2492,1937,75,0.0126,0.0702,0.071,0.099,0.1125,0.149,0.1616,0.035
9,9.3,155,wwcr,2492,1937,90,0.017,0.0311,0.0304,0.0357,0.0425,0.0461,0.0559,0.0077
10,10.2,156,blbw,133,133,100,0.0337,0.0708,0.0661,0.0937,0.1015,0.1183,0.2008,0.0286
10,10.2,156,boch,133,133,0,0.0296,0.0361,0.0345,0.04,0.0429,0.0462,0.0545,0.005
10,10.2,156,brcr,133,133,100,0.0206,0.0273,0.0258,0.0308,0.0334,0.0375,0.0425,0.0045
10,10.2,156,btnw,133,133,100,0.0074,0.0222,0.0193,0.0332,0.0369,0.0401,0.066,0.0114
10,10.2,156,cawa,133,133,100,0.0091,0.0204,0.0174,0.028,0.0375,0.0415,0.0674,0.0108
10,10.2,156,cmwa,133,133,100,0.015,0.0307,0.0277,0.0377,0.0456,0.0529,0.0772,0.0111
10,10.2,156,osfl,133,133,100,0.0023,0.0024,0.0024,0.0024,0.0024,0.0025,0.0027,1e-4
10,10.2,156,pigr,133,133,100,0.0038,0.0038,0.0038,0.0038,0.0038,0.0038,0.0038,0
10,10.2,156,rubl,133,133,100,0.0031,0.0032,0.0032,0.0033,0.0034,0.0035,0.0037,1e-4
10,10.2,156,swth,133,133,100,0.0304,0.0419,0.0383,0.0451,0.0535,0.0631,0.0982,0.0117
10,10.2,156,wwcr,133,133,100,0.0238,0.0297,0.0288,0.0317,0.0341,0.0379,0.0427,0.0035
11,11.1,165,blbw,1662,1538,0,0.0022,0.0032,0.0028,0.0039,0.0043,0.0049,0.0063,8e-4
11,11.1,165,boch,1662,1538,67,0.0175,0.0464,0.0465,0.0495,0.0522,0.0562,0.0673,0.0053
11,11.1,165,brcr,1662,1538,0,0.0104,0.014,0.0137,0.014,0.0164,0.0178,0.0188,0.0015
11,11.1,165,btnw,1662,1538,0,0.0018,0.0037,0.0037,0.0039,0.0043,0.0047,0.0053,4e-4
11,11.1,165,cawa,1662,1538,0,0.0022,0.0026,0.0026,0.0027,0.0028,0.0028,0.003,1e-4
11,11.1,165,cmwa,1662,1538,0,0.0068,0.0117,0.0114,0.0135,0.0143,0.0146,0.0177,0.0019
11,11.1,165,osfl,1662,1538,5,0.0043,0.006,0.006,0.0063,0.0065,0.007,0.0093,5e-4
11,11.1,165,pigr,1662,1538,67,0.0061,0.0133,0.0133,0.0161,0.0176,0.0192,0.0239,0.0034
11,11.1,165,rubl,1662,1538,43,0.0039,0.0179,0.0166,0.0226,0.0253,0.0267,0.0305,0.0047
11,11.1,165,swth,1662,1538,2,0.0303,0.1106,0.1108,0.1353,0.1535,0.1649,0.1938,0.0318
11,11.1,165,wwcr,1662,1538,55,0.0367,0.0888,0.0893,0.1019,0.107,0.1097,0.1281,0.0148
11,11.2,166,blbw,924,924,0,0.002,0.0025,0.0025,0.0026,0.0026,0.0026,0.0034,1e-4
11,11.2,166,boch,924,924,86,0.0405,0.047,0.0469,0.0478,0.0484,0.049,0.0585,0.0013
11,11.2,166,brcr,924,924,0,0.0116,0.013,0.013,0.0133,0.0137,0.0139,0.0163,6e-4
11,11.2,166,btnw,924,924,0,0.0026,0.0035,0.0037,0.0038,0.0038,0.0038,0.0045,4e-4
11,11.2,166,cawa,924,924,0,0.0019,0.0024,0.0024,0.0025,0.0027,0.0028,0.003,2e-4
11,11.2,166,cmwa,924,924,0,0.0046,0.0098,0.0103,0.0131,0.0141,0.0146,0.0186,0.0036
11,11.2,166,osfl,924,924,0,0.0027,0.0049,0.0049,0.006,0.0062,0.0063,0.0071,0.001
11,11.2,166,pigr,924,924,86,0.0098,0.0215,0.0143,0.0174,0.0402,0.054,0.2103,0.023
11,11.2,166,rubl,924,924,50,0.0051,0.0127,0.0126,0.017,0.0183,0.0202,0.0289,0.0048
11,11.2,166,swth,924,924,56,0.0868,0.1482,0.1532,0.1724,0.1791,0.1846,0.2037,0.026
11,11.2,166,wwcr,924,924,5,0.0623,0.0846,0.0869,0.0924,0.0952,0.099,0.1287,0.0105
11,11.2,167,blbw,372,372,0,0.0014,0.0023,0.0024,0.0025,0.0025,0.0025,0.0026,3e-4
11,11.2,167,boch,372,372,100,0.0411,0.0462,0.0463,0.047,0.0472,0.0476,0.0507,0.0011
11,11.2,167,brcr,372,372,0,0.0116,0.012,0.012,0.012,0.0122,0.0124,0.0128,2e-4
11,11.2,167,btnw,372,372,0,0.0024,0.0027,0.0027,0.0027,0.0028,0.0029,0.0036,1e-4
11,11.2,167,cawa,372,372,0,0.0019,0.002,0.0019,0.002,0.0021,0.0022,0.0025,1e-4
11,11.2,167,cmwa,372,372,0,0.0041,0.0051,0.0049,0.0053,0.0058,0.0063,0.0103,7e-4
11,11.2,167,osfl,372,372,0,0.0027,0.0047,0.0052,0.0055,0.0056,0.0057,0.0059,0.001
11,11.2,167,pigr,372,372,100,0.009,0.0233,0.0124,0.0344,0.0507,0.0568,0.1842,0.0229
11,11.2,167,rubl,372,372,21,0.0049,0.0073,0.0072,0.008,0.0085,0.0092,0.0164,0.0012
11,11.2,167,swth,372,372,43,0.0905,0.1285,0.1228,0.1299,0.1626,0.1796,0.1983,0.0192
11,11.2,167,wwcr,372,372,0,0.0623,0.0691,0.0687,0.0708,0.0729,0.0753,0.09,0.0037
11,11.3,168,blbw,2462,2462,0,0.0022,0.0033,0.0028,0.0041,0.0052,0.0058,0.0069,0.0011
11,11.3,168,boch,2462,2462,100,0.0339,0.0505,0.0487,0.0543,0.0615,0.0646,0.078,0.0064
11,11.3,168,brcr,2462,2462,0,0.0123,0.0145,0.0139,0.0155,0.0172,0.0179,0.019,0.0015
11,11.3,168,btnw,2462,2462,0,0.0029,0.004,0.0038,0.0044,0.0049,0.0052,0.0062,5e-4
11,11.3,168,cawa,2462,2462,0,0.0021,0.0026,0.0027,0.0028,0.0028,0.0029,0.0031,2e-4
11,11.3,168,cmwa,2462,2462,0,0.006,0.0118,0.0112,0.0133,0.0142,0.0148,0.0208,0.0017
11,11.3,168,osfl,2462,2462,83,0.0025,0.0066,0.0061,0.0082,0.0086,0.009,0.0122,0.0014
11,11.3,168,pigr,2462,2462,100,0.0065,0.0145,0.0148,0.0163,0.017,0.0177,0.0278,0.0023
11,11.3,168,rubl,2462,2462,100,0.0086,0.0203,0.0208,0.0232,0.0242,0.025,0.038,0.0034
11,11.3,168,swth,2462,2462,83,0.039,0.1422,0.1321,0.1893,0.2207,0.2509,0.3198,0.0547
11,11.3,168,wwcr,2462,2462,83,0.0622,0.1041,0.0964,0.1183,0.1409,0.1503,0.1757,0.0206
11,11.3,169,blbw,1285,1285,0,0.0016,0.0026,0.0025,0.0026,0.0029,0.0034,0.0043,3e-4
11,11.3,169,boch,1285,1285,100,0.0419,0.0492,0.0488,0.0504,0.0512,0.0526,0.0651,0.0022
11,11.3,169,brcr,1285,1285,0,0.0125,0.014,0.0138,0.014,0.015,0.0174,0.0187,0.0012
11,11.3,169,btnw,1285,1285,0,0.0031,0.0038,0.0037,0.0038,0.0041,0.0047,0.0054,3e-4
11,11.3,169,cawa,1285,1285,0,0.0022,0.0025,0.0025,0.0027,0.0028,0.0028,0.003,2e-4
11,11.3,169,cmwa,1285,1285,0,0.0052,0.0116,0.0115,0.0136,0.0144,0.0148,0.0163,0.0021
11,11.3,169,osfl,1285,1285,42,0.0038,0.0054,0.0056,0.0058,0.0059,0.006,0.0064,5e-4
11,11.3,169,pigr,1285,1285,100,0.0106,0.0157,0.0156,0.0173,0.0184,0.0192,0.0302,0.0021
11,11.3,169,rubl,1285,1285,100,0.0071,0.0204,0.0224,0.0244,0.0256,0.0266,0.03,0.0053
11,11.3,169,swth,1285,1285,36,0.0664,0.1423,0.1475,0.1715,0.1802,0.1848,0.2114,0.031
11,11.3,169,wwcr,1285,1285,29,0.0724,0.1009,0.0996,0.1077,0.1141,0.1185,0.1921,0.0106
11,11.4,170,blbw,5444,5444,0,0.0023,0.0052,0.0055,0.0065,0.0068,0.0069,0.0077,0.0014
11,11.4,170,boch,5444,5444,100,0.0146,0.0449,0.0469,0.0541,0.0599,0.0642,0.0862,0.0126
11,11.4,170,brcr,5444,5444,0,0.0096,0.016,0.0163,0.0179,0.0185,0.0189,0.0212,0.002
11,11.4,170,btnw,5444,5444,0,0.0027,0.0048,0.0047,0.0054,0.0059,0.0064,0.014,0.0011
11,11.4,170,cawa,5444,5444,0,0.002,0.0027,0.0027,0.0028,0.0029,0.0029,0.0031,1e-4
11,11.4,170,cmwa,5444,5444,0,0.0064,0.01,0.0102,0.011,0.0114,0.0121,0.0158,0.0013
11,11.4,170,osfl,5444,5444,99,0.003,0.0066,0.0064,0.0079,0.0084,0.0087,0.0128,0.0014
11,11.4,170,pigr,5444,5444,100,0.0078,0.0128,0.0122,0.0148,0.0163,0.0174,0.0264,0.0025
11,11.4,170,rubl,5444,5444,100,0.0066,0.0184,0.0185,0.0231,0.0241,0.0248,0.0409,0.0048
11,11.4,170,swth,5444,5444,65,0.0361,0.0935,0.0822,0.124,0.1512,0.1835,0.3093,0.0439
11,11.4,170,wwcr,5444,5444,100,0.0365,0.0804,0.079,0.0998,0.1139,0.122,0.5093,0.0243
11,11.4,171,blbw,4541,4541,0,0.0024,0.0061,0.0064,0.0069,0.0071,0.0073,0.0097,0.001
11,11.4,171,boch,4541,4541,100,0.0156,0.0561,0.0535,0.0731,0.0835,0.0939,0.1484,0.0213
11,11.4,171,brcr,4541,4541,0,0.0095,0.0162,0.0161,0.0184,0.0192,0.0202,0.0328,0.0029
11,11.4,171,btnw,4541,4541,0,0.0032,0.0057,0.0056,0.0063,0.0069,0.008,0.0151,0.0013
11,11.4,171,cawa,4541,4541,0,0.0024,0.0028,0.0028,0.0029,0.003,0.003,0.0047,2e-4
11,11.4,171,cmwa,4541,4541,0,0.0064,0.0101,0.0103,0.0111,0.0114,0.0127,0.0205,0.0016
11,11.4,171,osfl,4541,4541,100,0.003,0.0077,0.0081,0.0091,0.0099,0.0106,0.0138,0.002
11,11.4,171,pigr,4541,4541,100,0.0073,0.0131,0.0127,0.0154,0.0165,0.0174,0.0309,0.0027
11,11.4,171,rubl,4541,4541,100,0.0065,0.0171,0.0176,0.0204,0.0222,0.0241,0.0454,0.0045
11,11.4,171,swth,4541,4541,100,0.0376,0.1184,0.1006,0.1562,0.2117,0.2454,0.3584,0.0596
11,11.4,171,wwcr,4541,4541,100,0.0322,0.0951,0.0951,0.1263,0.1403,0.1523,0.223,0.0351
12,12.4,172,blbw,2420,2419,0,0.0015,0.0029,0.0026,0.0035,0.0046,0.0047,0.0068,8e-4
12,12.4,172,boch,2420,2419,100,0.0395,0.0553,0.0525,0.0611,0.0674,0.0756,0.097,0.0092
12,12.4,172,brcr,2420,2419,29,0.011,0.0129,0.0127,0.0133,0.0138,0.015,0.0189,0.0011
12,12.4,172,btnw,2420,2419,0,0.0025,0.0035,0.0035,0.004,0.0042,0.0045,0.0061,6e-4
12,12.4,172,cawa,2420,2419,0,0.0018,0.0026,0.0026,0.0028,0.0029,0.0029,0.0056,3e-4
12,12.4,172,cmwa,2420,2419,0,0.007,0.0113,0.0108,0.0128,0.0134,0.014,0.0521,0.0021
12,12.4,172,osfl,2420,2419,100,0.0047,0.0089,0.0088,0.0098,0.0107,0.012,0.0193,0.0017
12,12.4,172,pigr,2420,2419,100,0.0057,0.0137,0.0143,0.0162,0.0173,0.0181,0.0297,0.0031
12,12.4,172,rubl,2420,2419,100,0.0069,0.0221,0.022,0.025,0.0266,0.0282,0.0411,0.0039
12,12.4,172,swth,2420,2419,100,0.074,0.2443,0.258,0.2829,0.2934,0.3022,0.3379,0.0479
12,12.4,172,wwcr,2420,2419,100,0.0475,0.1163,0.1109,0.1265,0.1398,0.1599,0.9852,0.0395
12,12.1,173,blbw,1531,1531,0,0.0021,0.0038,0.0027,0.0058,0.0066,0.0071,0.0343,0.0021
12,12.1,173,boch,1531,1531,100,0.0179,0.0564,0.0464,0.0894,0.0995,0.1108,0.2413,0.0333
12,12.1,173,brcr,1531,1531,100,0.0092,0.0128,0.0123,0.0144,0.0159,0.0177,0.024,0.0025
12,12.1,173,btnw,1531,1531,0,0.0023,0.0066,0.0044,0.0079,0.0107,0.0168,0.0886,0.0067
12,12.1,173,cawa,1531,1531,0,0.0023,0.0028,0.0026,0.0029,0.0037,0.004,0.0067,6e-4
12,12.1,173,cmwa,1531,1531,0,0.006,0.0089,0.0079,0.0115,0.0135,0.0148,0.021,0.003
12,12.1,173,osfl,1531,1531,100,0.0037,0.0079,0.0079,0.0096,0.0103,0.0108,0.014,0.0018
12,12.1,173,pigr,1531,1531,100,0.0038,0.0152,0.0151,0.0182,0.02,0.0228,0.0616,0.0051
12,12.1,173,rubl,1531,1531,100,0.0033,0.0099,0.0094,0.0149,0.0164,0.0173,0.023,0.0047
12,12.1,173,swth,1531,1531,9,0.0272,0.149,0.1519,0.2296,0.2632,0.2822,0.3922,0.0835
12,12.1,173,wwcr,1531,1531,100,0.0399,0.0986,0.1,0.1279,0.1395,0.149,0.1886,0.032
12,12.2,174,blbw,1427,1427,0,0.0024,0.0051,0.0048,0.0058,0.0062,0.0067,0.0088,9e-4
12,12.2,174,boch,1427,1427,100,0.0247,0.084,0.0841,0.0945,0.0996,0.1035,0.2194,0.0145
12,12.2,174,brcr,1427,1427,100,0.0097,0.0145,0.0136,0.0165,0.0181,0.0196,0.0255,0.0026
12,12.2,174,btnw,1427,1427,0,0.0024,0.0052,0.0042,0.0069,0.008,0.0087,0.0283,0.0022
12,12.2,174,cawa,1427,1427,0,0.0021,0.0028,0.0028,0.003,0.0032,0.0034,0.004,3e-4
12,12.2,174,cmwa,1427,1427,0,0.0068,0.0111,0.0109,0.0125,0.0134,0.014,0.0228,0.0017
12,12.2,174,osfl,1427,1427,100,0.0056,0.0084,0.0086,0.0094,0.0099,0.0105,0.0151,0.0013
12,12.2,174,pigr,1427,1427,100,0.0097,0.0143,0.0146,0.0158,0.0164,0.0178,0.0298,0.0023
12,12.2,174,rubl,1427,1427,100,0.0039,0.0106,0.0094,0.0161,0.0179,0.0201,0.0327,0.0057
12,12.2,174,swth,1427,1427,98,0.1063,0.2772,0.284,0.3132,0.3327,0.3606,0.4674,0.0533
12,12.2,174,wwcr,1427,1427,100,0.0667,0.1128,0.1123,0.1234,0.1289,0.1386,0.4822,0.0227
12,12.2,175,blbw,1684,1684,0,0.0018,0.0034,0.0029,0.0045,0.0048,0.0051,0.0068,0.0011
12,12.2,175,boch,1684,1684,100,0.0435,0.0763,0.0763,0.0953,0.099,0.1024,0.1212,0.0178
12,12.2,175,brcr,1684,1684,14,0.011,0.0133,0.0124,0.0139,0.0164,0.0188,0.0238,0.0023
12,12.2,175,btnw,1684,1684,0,0.0024,0.0034,0.003,0.004,0.0043,0.005,0.0102,0.001
12,12.2,175,cawa,1684,1684,0,0.0019,0.0025,0.0024,0.0028,0.0029,0.003,0.0054,4e-4
12,12.2,175,cmwa,1684,1684,0,0.0068,0.0111,0.0104,0.0127,0.0142,0.0156,0.0463,0.0023
12,12.2,175,osfl,1684,1684,100,0.0063,0.0102,0.0098,0.0119,0.0132,0.0142,0.0276,0.0022
12,12.2,175,pigr,1684,1684,100,0.0057,0.0124,0.0132,0.0152,0.0159,0.0165,0.0275,0.0034
12,12.2,175,rubl,1684,1684,100,0.004,0.015,0.0155,0.0217,0.0232,0.0246,0.0358,0.0067
12,12.2,175,swth,1684,1684,100,0.1415,0.289,0.2898,0.3145,0.3255,0.3354,0.3783,0.03
12,12.2,175,wwcr,1684,1684,100,0.0757,0.1282,0.1243,0.1454,0.1623,0.1767,0.3624,0.0287
12,12.2,176,blbw,3588,3588,0,0.0016,0.0044,0.004,0.006,0.0072,0.0081,0.0104,0.0018
12,12.2,176,boch,3588,3588,100,0.0265,0.074,0.074,0.0879,0.0944,0.0984,0.1718,0.0172
12,12.2,176,brcr,3588,3588,0,0.0117,0.0169,0.0154,0.0202,0.0234,0.0262,0.0388,0.0046
12,12.2,176,btnw,3588,3588,0,0.0026,0.0048,0.0043,0.0061,0.0073,0.0081,0.018,0.0018
12,12.2,176,cawa,3588,3588,0,0.0019,0.003,0.0029,0.0034,0.004,0.0043,0.0078,6e-4
12,12.2,176,cmwa,3588,3588,0,0.008,0.0133,0.0133,0.0149,0.0158,0.0166,0.0322,0.0022
12,12.2,176,osfl,3588,3588,100,0.006,0.0083,0.0081,0.0088,0.0094,0.0102,0.0164,0.0011
12,12.2,176,pigr,3588,3588,100,0.0054,0.0136,0.0144,0.0165,0.0172,0.0178,0.0352,0.0034
12,12.2,176,rubl,3588,3588,100,0.0036,0.0186,0.021,0.0237,0.025,0.0264,0.0457,0.007
12,12.2,176,swth,3588,3588,100,0.0744,0.2426,0.2494,0.2922,0.3129,0.3281,0.3991,0.0574
12,12.2,176,wwcr,3588,3588,100,0.0652,0.1236,0.1214,0.1397,0.1525,0.1631,0.6407,0.0266
12,12.2,177,blbw,2242,2242,0,0.0026,0.0054,0.0054,0.006,0.0063,0.0066,0.0085,7e-4
12,12.2,177,boch,2242,2242,100,0.0484,0.0878,0.0898,0.0999,0.1027,0.1051,0.1595,0.0135
12,12.2,177,brcr,2242,2242,53,0.0115,0.0168,0.0169,0.019,0.0202,0.021,0.0274,0.0025
12,12.2,177,btnw,2242,2242,0,0.0023,0.006,0.0056,0.0079,0.0086,0.0092,0.0125,0.0018
12,12.2,177,cawa,2242,2242,0,0.0021,0.003,0.003,0.0033,0.0036,0.0037,0.0044,4e-4
12,12.2,177,cmwa,2242,2242,0,0.0076,0.0125,0.0123,0.0139,0.0146,0.0151,0.025,0.0016
12,12.2,177,osfl,2242,2242,100,0.006,0.0074,0.0072,0.0079,0.0084,0.0088,0.0186,0.001
12,12.2,177,pigr,2242,2242,100,0.0064,0.0145,0.015,0.016,0.0166,0.0177,0.0391,0.0026
12,12.2,177,rubl,2242,2242,100,0.0024,0.0052,0.0044,0.0059,0.007,0.0086,0.0253,0.0024
12,12.2,177,swth,2242,2242,100,0.1434,0.3145,0.3165,0.3462,0.3592,0.369,0.4337,0.0368
12,12.2,177,wwcr,2242,2242,100,0.0543,0.0949,0.0952,0.104,0.1095,0.1145,0.3193,0.0151
12,12.2,178,blbw,2222,2222,0,0.0018,0.0058,0.0055,0.0069,0.0077,0.0081,0.0092,0.0013
12,12.2,178,boch,2222,2222,100,0.0376,0.0821,0.0825,0.0913,0.0955,0.0993,0.1522,0.0118
12,12.2,178,brcr,2222,2222,0,0.0116,0.0162,0.0161,0.0189,0.0205,0.0217,0.0263,0.003
12,12.2,178,btnw,2222,2222,0,0.0027,0.0055,0.0052,0.0068,0.0075,0.0081,0.0124,0.0015
12,12.2,178,cawa,2222,2222,0,0.0022,0.0031,0.0029,0.0035,0.004,0.0042,0.0049,5e-4
12,12.2,178,cmwa,2222,2222,0,0.0073,0.0118,0.0115,0.0136,0.0143,0.0149,0.0288,0.002
12,12.2,178,osfl,2222,2222,100,0.0057,0.0084,0.0081,0.0092,0.0097,0.0104,0.0137,0.001
12,12.2,178,pigr,2222,2222,100,0.007,0.0131,0.0124,0.0153,0.0166,0.0185,0.0419,0.0031
12,12.2,178,rubl,2222,2222,100,0.0041,0.0139,0.0108,0.0206,0.0253,0.0307,0.0527,0.0085
12,12.2,178,swth,2222,2222,100,0.086,0.2633,0.2671,0.3437,0.3697,0.3909,0.4563,0.0844
12,12.2,178,wwcr,2222,2222,100,0.0748,0.1089,0.1068,0.1165,0.1255,0.1345,0.3057,0.014
12,12.3,179,blbw,1560,1560,0,0.0023,0.0054,0.0056,0.0064,0.0073,0.008,0.0102,0.0015
12,12.3,179,boch,1560,1560,100,0.0351,0.0783,0.0724,0.0991,0.1159,0.1383,0.2973,0.0315
12,12.3,179,brcr,1560,1560,100,0.0098,0.0145,0.0141,0.0163,0.0182,0.0198,0.0293,0.0028
12,12.3,179,btnw,1560,1560,0,0.0031,0.0103,0.0076,0.0137,0.02,0.0257,0.0611,0.0073
12,12.3,179,cawa,1560,1560,0,0.0023,0.0034,0.0034,0.0037,0.0039,0.0041,0.0061,5e-4
12,12.3,179,cmwa,1560,1560,0,0.0053,0.0125,0.0116,0.0144,0.0172,0.0217,0.1408,0.0066
12,12.3,179,osfl,1560,1560,100,0.0044,0.0087,0.0076,0.0113,0.0129,0.0142,0.0213,0.0029
12,12.3,179,pigr,1560,1560,100,0.005,0.0167,0.0156,0.0203,0.0233,0.0264,0.0831,0.0062
12,12.3,179,rubl,1560,1560,100,0.0023,0.0043,0.0041,0.0043,0.0049,0.0055,0.0248,0.0011
12,12.3,179,swth,1560,1560,47,0.1091,0.2626,0.2529,0.3171,0.3508,0.3767,0.4793,0.0624
12,12.3,179,wwcr,1560,1560,100,0.0351,0.0794,0.0761,0.1008,0.1154,0.1361,0.2376,0.0289
12,12.3,180,blbw,6605,6605,0,0.0026,0.0067,0.0067,0.0079,0.0082,0.0084,0.0097,0.0011
12,12.3,180,boch,6605,6605,100,0.0309,0.0857,0.0838,0.1077,0.1223,0.1347,0.2024,0.0271
12,12.3,180,brcr,6605,6605,21,0.0101,0.0159,0.0159,0.0181,0.0195,0.0204,0.026,0.0027
12,12.3,180,btnw,6605,6605,0,0.0033,0.0086,0.0082,0.0104,0.0117,0.013,0.0277,0.0025
12,12.3,180,cawa,6605,6605,0,0.0023,0.0031,0.003,0.0033,0.0035,0.0036,0.0145,3e-4
12,12.3,180,cmwa,6605,6605,0,0.0053,0.0123,0.0118,0.0138,0.0155,0.017,0.0919,0.0035
12,12.3,180,osfl,6605,6605,100,0.004,0.0079,0.0074,0.0088,0.0097,0.0109,0.0194,0.0015
12,12.3,180,pigr,6605,6605,100,0.0055,0.0141,0.0142,0.016,0.0171,0.0187,0.0435,0.0029
12,12.3,180,rubl,6605,6605,100,0.0021,0.0042,0.0041,0.0043,0.0046,0.0053,0.0117,5e-4
12,12.3,180,swth,6605,6605,99,0.1609,0.2567,0.2452,0.3072,0.3403,0.3651,0.4882,0.0571
12,12.3,180,wwcr,6605,6605,100,0.039,0.0829,0.0826,0.0959,0.1031,0.1088,0.1727,0.0159
12,12.2,181,blbw,2148,2148,0,0.0022,0.0047,0.0048,0.0058,0.0063,0.0069,0.0082,0.0013
12,12.2,181,boch,2148,2148,100,0.0608,0.0893,0.0923,0.0967,0.0985,0.0998,0.1224,0.0091
12,12.2,181,brcr,2148,2148,0,0.0121,0.0157,0.0156,0.0178,0.0187,0.0195,0.022,0.0022
12,12.2,181,btnw,2148,2148,0,0.0029,0.0055,0.0047,0.0074,0.0083,0.0088,0.0135,0.0019
12,12.2,181,cawa,2148,2148,0,0.0025,0.003,0.0029,0.0032,0.0033,0.0034,0.0048,2e-4
12,12.2,181,cmwa,2148,2148,0,0.0089,0.012,0.0117,0.013,0.0139,0.0149,0.0205,0.0015
12,12.2,181,osfl,2148,2148,100,0.006,0.0084,0.0083,0.0092,0.0099,0.0103,0.0118,0.001
12,12.2,181,pigr,2148,2148,100,0.0059,0.0129,0.0139,0.0158,0.0166,0.0172,0.0295,0.0036
12,12.2,181,rubl,2148,2148,100,0.0037,0.0091,0.0063,0.0152,0.0192,0.0199,0.038,0.0058
12,12.2,181,swth,2148,2148,100,0.1091,0.3551,0.3696,0.4269,0.4525,0.4686,0.5302,0.08
12,12.2,181,wwcr,2148,2148,100,0.0774,0.1253,0.1231,0.1434,0.1505,0.1556,0.2352,0.0187
12,12.2,182,blbw,1631,1631,0,0.0031,0.007,0.0071,0.008,0.0084,0.0086,0.0113,0.0012
12,12.2,182,boch,1631,1631,100,0.037,0.1032,0.0974,0.1116,0.1305,0.165,0.3063,0.0288
12,12.2,182,brcr,1631,1631,0,0.0119,0.0189,0.0188,0.0219,0.0235,0.0247,0.0319,0.0036
12,12.2,182,btnw,1631,1631,0,0.004,0.01,0.008,0.0142,0.0178,0.0207,0.0277,0.005
12,12.2,182,cawa,1631,1631,2,0.0026,0.0033,0.0031,0.0033,0.0036,0.0043,0.0208,0.0012
12,12.2,182,cmwa,1631,1631,0,0.0075,0.0122,0.0116,0.0128,0.0141,0.0172,0.0734,0.0032
12,12.2,182,osfl,1631,1631,100,0.0046,0.0077,0.0074,0.0088,0.0095,0.0101,0.0131,0.0013
12,12.2,182,pigr,1631,1631,100,0.0049,0.0138,0.0143,0.0155,0.017,0.0188,0.0286,0.0032
12,12.2,182,rubl,1631,1631,100,0.0035,0.0068,0.0058,0.0085,0.011,0.0149,0.0219,0.0032
12,12.2,182,swth,1631,1631,100,0.1343,0.2756,0.2709,0.3134,0.3401,0.3692,0.4566,0.0498
12,12.2,182,wwcr,1631,1631,100,0.0859,0.1307,0.1293,0.1438,0.1549,0.1638,0.2588,0.0186
12,12.3,183,blbw,2368,2368,0,0.0028,0.0073,0.0078,0.0084,0.0087,0.0089,0.0097,0.0014
12,12.3,183,boch,2368,2368,100,0.0453,0.0982,0.094,0.1232,0.1379,0.1553,0.316,0.0327
12,12.3,183,brcr,2368,2368,0,0.0118,0.0176,0.0169,0.0204,0.022,0.0231,0.031,0.0031
12,12.3,183,btnw,2368,2368,0,0.0048,0.0108,0.0104,0.0123,0.0139,0.0154,0.0284,0.0026
12,12.3,183,cawa,2368,2368,0,0.0024,0.003,0.003,0.0033,0.0034,0.0037,0.0052,3e-4
12,12.3,183,cmwa,2368,2368,0,0.0067,0.0119,0.0121,0.013,0.0135,0.0141,0.023,0.0016
12,12.3,183,osfl,2368,2368,100,0.0052,0.0082,0.0077,0.0093,0.0113,0.0125,0.0157,0.0019
12,12.3,183,pigr,2368,2368,100,0.0061,0.0154,0.0151,0.0174,0.019,0.0205,0.0371,0.0029
12,12.3,183,rubl,2368,2368,100,0.0036,0.0043,0.0041,0.0042,0.0046,0.0053,0.0079,5e-4
12,12.3,183,swth,2368,2368,100,0.1311,0.207,0.1999,0.232,0.2517,0.2687,0.3642,0.033
12,12.3,183,wwcr,2368,2368,100,0.0524,0.0896,0.0866,0.0983,0.1066,0.1147,0.2093,0.0164
14,14.1,199,blbw,2179,2179,0,0.0029,0.0072,0.0075,0.0083,0.0085,0.0087,0.0116,0.0012
14,14.1,199,boch,2179,2179,100,0.0347,0.0599,0.0519,0.0736,0.0925,0.1006,0.1482,0.0187
14,14.1,199,brcr,2179,2179,9,0.011,0.0132,0.0131,0.0144,0.0153,0.0159,0.0201,0.0014
14,14.1,199,btnw,2179,2179,0,0.004,0.0114,0.0109,0.0151,0.018,0.0201,0.0293,0.0046
14,14.1,199,cawa,2179,2179,0,0.0026,0.0039,0.0039,0.0042,0.0044,0.0047,0.0088,5e-4
14,14.1,199,cmwa,2179,2179,0,0.0049,0.0102,0.0092,0.0126,0.0148,0.0162,0.046,0.0035
14,14.1,199,osfl,2179,2179,100,0.0028,0.009,0.0094,0.0101,0.0106,0.0109,0.0121,0.0015
14,14.1,199,pigr,2179,2179,100,0.0044,0.0141,0.0146,0.0165,0.0187,0.0207,0.0596,0.0045
14,14.1,199,rubl,2179,2179,100,0.0031,0.004,0.004,0.0042,0.0042,0.0043,0.0044,3e-4
14,14.1,199,swth,2179,2179,100,0.169,0.2731,0.2636,0.3192,0.3596,0.382,0.4576,0.0546
14,14.1,199,wwcr,2179,2179,100,0.0414,0.0611,0.0578,0.0739,0.0813,0.0853,0.1174,0.0132
14,14.1,200,blbw,2321,2321,0,0.0026,0.0081,0.0084,0.0093,0.0099,0.0104,0.0226,0.002
14,14.1,200,boch,2321,2321,100,0.0329,0.0716,0.0645,0.0914,0.1056,0.1193,0.2734,0.027
14,14.1,200,brcr,2321,2321,7,0.0103,0.0138,0.0136,0.0142,0.0148,0.0155,0.0248,0.0012
14,14.1,200,btnw,2321,2321,0,0.0044,0.0223,0.0192,0.0316,0.0399,0.0468,0.0804,0.0126
14,14.1,200,cawa,2321,2321,0,0.0028,0.0045,0.0041,0.0049,0.0061,0.007,0.0118,0.0011
14,14.1,200,cmwa,2321,2321,0,0.0055,0.0098,0.0095,0.011,0.012,0.0128,0.0203,0.0017
14,14.1,200,osfl,2321,2321,100,0.0033,0.0083,0.0084,0.0093,0.0099,0.0104,0.0124,0.0013
14,14.1,200,pigr,2321,2321,100,0.0046,0.015,0.0147,0.0204,0.0251,0.0277,0.05,0.0071
14,14.1,200,rubl,2321,2321,100,0.0032,0.0039,0.004,0.0042,0.0042,0.0043,0.0045,3e-4
14,14.1,200,swth,2321,2321,100,0.1539,0.2674,0.2687,0.3074,0.3242,0.3349,0.4294,0.0438
14,14.1,200,wwcr,2321,2321,100,0.0406,0.0677,0.0665,0.0758,0.0818,0.0865,0.1056,0.0101
14,14.4,207,blbw,2453,2453,0,0.0023,0.0065,0.007,0.0085,0.0089,0.0092,0.0108,0.0021
14,14.4,207,boch,2453,2453,100,0.0416,0.0869,0.0808,0.1089,0.1253,0.1407,0.2776,0.0299
14,14.4,207,brcr,2453,2453,89,0.0099,0.014,0.014,0.0149,0.0153,0.0159,0.0208,0.0012
14,14.4,207,btnw,2453,2453,1,0.003,0.0139,0.0142,0.0183,0.0209,0.0233,0.0501,0.0059
14,14.4,207,cawa,2453,2453,0,0.0024,0.0032,0.003,0.0037,0.004,0.0042,0.0075,6e-4
14,14.4,207,cmwa,2453,2453,27,0.0058,0.0104,0.0105,0.0117,0.0125,0.0134,0.0361,0.0022
14,14.4,207,osfl,2453,2453,100,0.0056,0.0089,0.0083,0.0106,0.0116,0.0125,0.0173,0.0019
14,14.4,207,pigr,2453,2453,100,0.0053,0.0191,0.0184,0.0222,0.0252,0.0281,0.0679,0.0058
14,14.4,207,rubl,2453,2453,100,0.0033,0.0041,0.0041,0.0042,0.0043,0.0044,0.0066,2e-4
14,14.4,207,swth,2453,2453,100,0.1127,0.2069,0.2026,0.2315,0.2502,0.2671,0.3157,0.0313
14,14.4,207,wwcr,2453,2453,100,0.0534,0.0833,0.0829,0.093,0.0983,0.1033,0.1577,0.0119
15,15.1,215,blbw,4006,3945,0,0.0014,0.0033,0.0029,0.0043,0.0046,0.0048,0.0849,0.002
15,15.1,215,boch,4006,3945,99,0.0425,0.058,0.0559,0.0676,0.0704,0.0735,0.1933,0.0101
15,15.1,215,brcr,4006,3945,0,0.0134,0.0184,0.017,0.0224,0.0233,0.0236,0.0246,0.0033
15,15.1,215,btnw,4006,3945,0,0.0034,0.0048,0.0042,0.0059,0.0062,0.0063,0.0789,0.0021
15,15.1,215,cawa,4006,3945,0,0.0019,0.0029,0.0024,0.0038,0.004,0.0041,0.0218,9e-4
15,15.1,215,cmwa,4006,3945,0,0.0088,0.012,0.0121,0.013,0.0133,0.0135,0.0156,0.0011
15,15.1,215,osfl,4006,3945,12,0.0029,0.0067,0.0072,0.0076,0.0078,0.0078,0.0088,9e-4
15,15.1,215,pigr,4006,3945,98,0.0041,0.0184,0.0177,0.021,0.0226,0.0241,0.0982,0.0057
15,15.1,215,rubl,4006,3945,98,0.0033,0.0375,0.0383,0.0465,0.0514,0.0586,0.2851,0.0137
15,15.1,215,swth,4006,3945,54,0.0958,0.1282,0.1299,0.1432,0.1481,0.1505,0.189,0.0167
15,15.1,215,wwcr,4006,3945,53,0.0427,0.1296,0.1265,0.1592,0.1717,0.1832,0.3086,0.0308
15,15.2,216,blbw,8189,8189,0,0.0016,0.0038,0.004,0.0047,0.0049,0.005,0.0056,9e-4
15,15.2,216,boch,8189,8189,100,0.0481,0.0672,0.0674,0.0765,0.0783,0.0796,0.1831,0.0097
15,15.2,216,brcr,8189,8189,0,0.0133,0.022,0.0236,0.0247,0.0251,0.0254,0.0263,0.0037
15,15.2,216,btnw,8189,8189,1,0.0034,0.006,0.0063,0.0069,0.0072,0.0075,0.0084,0.0012
15,15.2,216,cawa,8189,8189,1,0.002,0.003,0.0026,0.0039,0.004,0.0041,0.0045,7e-4
15,15.2,216,cmwa,8189,8189,0,0.0076,0.0123,0.0123,0.0134,0.0139,0.0145,0.0211,0.0014
15,15.2,216,osfl,8189,8189,88,0.0049,0.0076,0.0076,0.0081,0.0085,0.0088,0.0116,7e-4
15,15.2,216,pigr,8189,8189,100,0.005,0.0134,0.0126,0.0177,0.0192,0.0218,0.0926,0.0059
15,15.2,216,rubl,8189,8189,100,0.0105,0.0445,0.0395,0.058,0.0717,0.0813,1.2399,0.0262
15,15.2,216,swth,8189,8189,87,0.0957,0.1539,0.1374,0.1958,0.2136,0.2237,0.2533,0.0361
15,15.2,216,wwcr,8189,8189,98,0.0883,0.1794,0.1715,0.2322,0.2718,0.2909,0.4391,0.0609
15,15.2,217,blbw,11047,10942,0,0.0029,0.0187,0.0075,0.0229,0.046,0.0637,0.1658,0.0276
15,15.2,217,boch,11047,10942,100,0.0386,0.0814,0.0772,0.0823,0.098,0.1188,0.2864,0.0167
15,15.2,217,brcr,11047,10942,77,0.0241,0.0397,0.0412,0.0493,0.0517,0.0536,0.0675,0.0098
15,15.2,217,btnw,11047,10942,56,0.007,0.0186,0.014,0.0294,0.0317,0.0356,0.055,0.0104
15,15.2,217,cawa,11047,10942,86,0.0034,0.0094,0.0074,0.0152,0.019,0.0211,0.032,0.006
15,15.2,217,cmwa,11047,10942,20,0.0116,0.036,0.0282,0.0589,0.069,0.0734,0.1282,0.021
15,15.2,217,osfl,11047,10942,100,0.0026,0.0062,0.0058,0.0082,0.0091,0.011,0.018,0.0024
15,15.2,217,pigr,11047,10942,100,0.0033,0.0067,0.006,0.0076,0.0097,0.0123,0.0351,0.0033
15,15.2,217,rubl,11047,10942,100,0.0031,0.0086,0.005,0.0119,0.0173,0.0295,0.0731,0.0085
15,15.2,217,swth,11047,10942,100,0.1407,0.2317,0.2317,0.2491,0.2589,0.2632,0.2996,0.0218
15,15.2,217,wwcr,11047,10942,100,0.0349,0.1367,0.1327,0.171,0.1933,0.2085,0.3661,0.0402
