zone,species,area,data,pct,min,mean,median,p80,p90,p95,max
50,blbw,2260,0,0,0,0,0,0,0,0,0
50,boch,2260,2256,100,0.2163,0.3643,0.3612,0.3788,0.4149,0.4635,0.5636
50,brcr,2260,0,0,0,0,0,0,0,0,0
50,btnw,2260,0,0,0,0,0,0,0,0,0
50,cawa,2260,0,0,0,0,0,0,0,0,0
50,cmwa,2260,0,0,0,0,0,0,0,0,0
50,osfl,2260,0,0,0,0,0,0,0,0,0
50,pigr,2260,2256,100,0.7217,1.7389,1.4495,2.2544,3.3252,3.5003,3.6632
50,rubl,2260,1884,83,0.934,1.6415,1.6649,1.9118,2.047,2.1926,2.7018
50,swth,2260,0,0,0,0,0,0,0,0,0
50,wwcr,2260,2256,100,0.4091,0.6164,0.5246,0.6037,0.8131,1.1897,2.8999
51,blbw,15168,0,0,0,0,0,0,0,0,0
51,boch,15168,15168,100,0.0896,0.2451,0.1937,0.233,0.3533,0.5696,1.5969
51,brcr,15168,0,0,0,0,0,0,0,0,0
51,btnw,15168,0,0,0,0,0,0,0,0,0
51,cawa,15168,0,0,0,0,0,0,0,0,0
51,cmwa,15168,0,0,0,0,0,0,0,0,0
51,osfl,15168,8680,57,0.1735,0.3344,0.3044,0.426,0.4867,0.5529,0.8537
51,pigr,15168,15168,100,0.3554,0.586,0.5405,0.6488,0.7664,0.8662,1.7706
51,rubl,15168,15104,100,0.3565,0.765,0.7107,0.9806,1.2122,1.2632,2.7166
51,swth,15168,6344,42,0.1052,0.2161,0.2097,0.2493,0.2825,0.3197,0.3871
51,wwcr,15168,15168,100,0.1935,0.3919,0.3549,0.4818,0.5551,0.6199,1.5973
52,blbw,27104,0,0,0,0,0,0,0,0,0
52,boch,27104,19560,72,0.1615,0.267,0.2353,0.3373,0.349,0.3681,1.309
52,brcr,27104,0,0,0,0,0,0,0,0,0
52,btnw,27104,0,0,0,0,0,0,0,0,0
52,cawa,27104,0,0,0,0,0,0,0,0,0
52,cmwa,27104,0,0,0,0,0,0,0,0,0
52,osfl,27104,0,0,0,0,0,0,0,0,0
52,pigr,27104,17288,64,0.4492,0.8517,0.7408,1.0245,1.0716,1.3027,3.9764
52,rubl,27104,20208,75,0.3641,1.2078,1.2693,1.6419,1.9299,2.0923,3.1182
52,swth,27104,0,0,0,0,0,0,0,0,0
52,wwcr,27104,20096,74,0.2837,0.5,0.4479,0.5719,0.6059,0.7244,2.6864
53,blbw,7588,0,0,0,0,0,0,0,0,0
53,boch,7588,7588,100,0.1695,0.2371,0.21560000000000001,0.241,0.3022,0.3755,1.0363
53,brcr,7588,0,0,0,0,0,0,0,0,0
53,btnw,7588,0,0,0,0,0,0,0,0,0
53,cawa,7588,0,0,0,0,0,0,0,0,0
53,cmwa,7588,0,0,0,0,0,0,0,0,0
53,osfl,7588,0,0,0,0,0,0,0,0,0
53,pigr,7588,7588,100,0.4016,0.6629,0.6261,0.7045,0.8089,0.9381,3.9403
53,rubl,7588,7588,100,0.6511,1.2848,1.211,1.3647,1.6746,1.8802,2.5014
53,swth,7588,0,0,0,0,0,0,0,0,0
53,wwcr,7588,7588,100,0.3215,0.5168,0.4967,0.573,0.6322,0.7494,1.5057
54,blbw,5096,0,0,0,0,0,0,0,0,0
54,boch,5096,5096,100,0.1887,0.304,0.2767,0.3785,0.4412,0.4684,0.6238
54,brcr,5096,0,0,0,0,0,0,0,0,0
54,btnw,5096,0,0,0,0,0,0,0,0,0
54,cawa,5096,0,0,0,0,0,0,0,0,0
54,cmwa,5096,0,0,0,0,0,0,0,0,0
54,osfl,5096,0,0,0,0,0,0,0,0,0
54,pigr,5096,3536,69,0.4643,0.9011,0.9956,1.0544,1.1223,1.2185,2.1571
54,rubl,5096,5096,100,0.368,0.9091,0.9785,1.0554,1.2029,1.3372,2.6626
54,swth,5096,0,0,0,0,0,0,0,0,0
54,wwcr,5096,5096,100,0.3682,0.6429,0.5612,0.6039,0.7355,1.6113,3.0811
55,blbw,10584,0,0,0,0,0,0,0,0,0
55,boch,10584,10488,99,0.1113,0.2109,0.1968,0.218,0.2549,0.3287,0.9834
55,brcr,10584,0,0,0,0,0,0,0,0,0
55,btnw,10584,0,0,0,0,0,0,0,0,0
55,cawa,10584,0,0,0,0,0,0,0,0,0
55,cmwa,10584,572,5,0.7729,1.0539,1.0471,1.0959,1.1307,1.1859,2.2578
55,osfl,10584,1524,14,0.3952,0.5414,0.5438,0.5808,0.6064,0.6337,0.7689
55,pigr,10584,10488,99,0.3767,0.6547,0.5207,0.6199,0.7011,1.0176,3.9577
55,rubl,10584,10488,99,0.4657,0.9711,0.9378,1.1161,1.2204,1.2706,2.1764
55,swth,10584,4492,42,0.1034,0.1638,0.1484,0.2035,0.2387,0.2549,0.2911
55,wwcr,10584,10488,99,0.2353,0.5384,0.4377,0.5717,0.807,1.1658,2.9799
56,blbw,4084,0,0,0,0,0,0,0,0,0
56,boch,4084,4084,100,0.1004,0.1816,0.1717,0.2011,0.2239,0.2925,0.7194
56,brcr,4084,0,0,0,0,0,0,0,0,0
56,btnw,4084,0,0,0,0,0,0,0,0,0
56,cawa,4084,0,0,0,0,0,0,0,0,0
56,cmwa,4084,20,0,0.7662,0.8744,0.9034,0.935,0.9483,0.9549,0.9615
56,osfl,4084,2028,50,0.2703,0.4434,0.4495,0.4907,0.5042,0.5223,0.6284
56,pigr,4084,4084,100,0.3681,0.4875,0.459,0.5254,0.5982,0.6626,1.4227
56,rubl,4084,4084,100,0.507,0.9578,0.9301,1.1901,1.2301,1.2447,1.3872
56,swth,4084,2196,54,0.10780000000000001,0.1823,0.1547,0.2237,0.2951,0.3232,0.4152
56,wwcr,4084,4084,100,0.2277,0.5183,0.4202,0.5765,0.8505,1.3409,2.2962
57,blbw,2516,0,0,0,0,0,0,0,0,0
57,boch,2516,1360,54,0.2051,0.3278,0.333,0.3497,0.3696,0.3932,0.5345
57,brcr,2516,0,0,0,0,0,0,0,0,0
57,btnw,2516,0,0,0,0,0,0,0,0,0
57,cawa,2516,0,0,0,0,0,0,0,0,0
57,cmwa,2516,0,0,0,0,0,0,0,0,0
57,osfl,2516,0,0,0,0,0,0,0,0,0
57,pigr,2516,84,3,0.7591,0.8117,0.7958,0.8469,0.8696,0.8957,0.9234
57,rubl,2516,1972,78,0.7556,1.5384,1.4929,1.8427,2.0686,2.1955,2.6215
57,swth,2516,0,0,0,0,0,0,0,0,0
57,wwcr,2516,1000,40,0.3886,0.4885,0.4556,0.475,0.4822,0.6775,2.6866
58,blbw,1688,0,0,0,0,0,0,0,0,0
58,boch,1688,1688,100,0.1,0.1757,0.1745,0.1895,0.2061,0.2714,0.4018
58,brcr,1688,0,0,0,0,0,0,0,0,0
58,btnw,1688,0,0,0,0,0,0,0,0,0
58,cawa,1688,0,0,0,0,0,0,0,0,0
58,cmwa,1688,76,5,0.7155,0.8309,0.8089,0.9109,0.9516,0.9899,1.04
58,osfl,1688,980,58,0.415,0.5296,0.5213,0.5668,0.5915,0.6112,0.7547
58,pigr,1688,1688,100,0.3674,0.4632,0.4573,0.4892,0.506,0.5287,1.0677
58,rubl,1688,1688,100,0.488,0.9365,0.9469,1.0264,1.079,1.1209,1.2217
58,swth,1688,1420,84,0.1107,0.2017,0.2036,0.2588,0.2782,0.2938,0.32
58,wwcr,1688,1688,100,0.2643,0.6951,0.4148,1.1386,1.5545,1.8605,2.4342
59,blbw,6800,0,0,0,0,0,0,0,0,0
59,boch,6800,6800,100,0.1563,0.264,0.2205,0.3415,0.3544,0.3962,1.333
59,brcr,6800,0,0,0,0,0,0,0,0,0
59,btnw,6800,0,0,0,0,0,0,0,0,0
59,cawa,6800,0,0,0,0,0,0,0,0,0
59,cmwa,6800,0,0,0,0,0,0,0,0,0
59,osfl,6800,0,0,0,0,0,0,0,0,0
59,pigr,6800,6800,100,0.3721,0.5576,0.5518,0.6247,0.6675,0.7017,1.0926
59,rubl,6800,6800,100,0.4103,1.0097,0.862,1.3762,1.6315,1.7815,2.3431
59,swth,6800,4136,61,0.1118,0.1877,0.1968,0.2187,0.2292,0.2359,0.2758
59,wwcr,6800,6800,100,0.3332,0.4869,0.4378,0.5134,0.5728,0.6177,3.2489
60,blbw,11084,0,0,0,0,0,0,0,0,0
60,boch,11084,9564,86,0.1095,0.289,0.3152,0.3306,0.3496,0.4242,0.6337
60,brcr,11084,0,0,0,0,0,0,0,0,0
60,btnw,11084,0,0,0,0,0,0,0,0,0
60,cawa,11084,0,0,0,0,0,0,0,0,0
60,cmwa,11084,4652,42,0.6194,0.8626,0.8544,0.9319,0.9976,1.0443,2.3186
60,osfl,11084,3448,31,0.4005,0.604,0.5967,0.6901,0.7445,0.7653,0.8303
60,pigr,11084,9564,86,0.339,0.4621,0.4441,0.4923,0.5337,0.5856,1.0873
60,rubl,11084,9564,86,0.5595,1.2231,1.1205,1.4644,1.7443,1.8964,2.4272
60,swth,11084,9564,86,0.1008,0.2185,0.2174,0.265,0.2899,0.3125,0.4021
60,wwcr,11084,11084,100,0.2511,0.8943,0.5445,0.8892,2.6672,2.9099,3.2
61,blbw,3060,0,0,0,0,0,0,0,0,0
61,boch,3060,3060,100,0.1775,0.4508,0.3304,0.6809,0.9304,0.9927,1.3644
61,brcr,3060,0,0,0,0,0,0,0,0,0
61,btnw,3060,0,0,0,0,0,0,0,0,0
61,cawa,3060,0,0,0,0,0,0,0,0,0
61,cmwa,3060,0,0,0,0,0,0,0,0,0
61,osfl,3060,3060,100,0.1891,0.2966,0.2613,0.3449,0.3951,0.4928,0.8272
61,pigr,3060,3060,100,0.329,0.6783,0.5775,0.8807,1.0381,1.1399,1.6173
61,rubl,3060,3060,100,0.3167,0.5455,0.4884,0.658,0.7521,0.9753,1.8911
61,swth,3060,3060,100,0.0876,0.1727,0.1581,0.2229,0.2604,0.2746,0.3309
61,wwcr,3060,3060,100,0.166,0.3501,0.3201,0.4353,0.5156,0.5869,0.8896
62,blbw,3432,0,0,0,0,0,0,0,0,0
62,boch,3432,3432,100,0.0907,0.2499,0.2094,0.3492,0.4151,0.4747,0.7431
62,brcr,3432,0,0,0,0,0,0,0,0,0
62,btnw,3432,0,0,0,0,0,0,0,0,0
62,cawa,3432,64,2,1.0949,1.3507,1.357,1.5218,1.5708,1.6214,1.6276
62,cmwa,3432,0,0,0,0,0,0,0,0,0
62,osfl,3432,3432,100,0.1821,0.3738,0.3652,0.4778,0.5438,0.6256,0.8564
62,pigr,3432,3432,100,0.332,0.4886,0.4629,0.551,0.6015,0.653,1.7564
62,rubl,3432,3432,100,0.3187,0.6421,0.5518,0.8841,1.0373000000000001,1.1479,1.507
62,swth,3432,3432,100,0.0619,0.1398,0.1393,0.1661,0.1848,0.2021,0.2772
62,wwcr,3432,3432,100,0.1643,0.3484,0.2986,0.3852,0.4909,0.6692,1.9605
63,blbw,6232,0,0,0,0,0,0,0,0,0
63,boch,6232,6232,100,0.0953,0.1858,0.1728,0.2049,0.2519,0.3084,0.7392
63,brcr,6232,0,0,0,0,0,0,0,0,0
63,btnw,6232,0,0,0,0,0,0,0,0,0
63,cawa,6232,0,0,0,0,0,0,0,0,0
63,cmwa,6232,6196,99,0.5827,0.8731,0.8225,0.953,1.0294,1.1618,3.4275
63,osfl,6232,6116,98,0.3539,0.6057,0.5814,0.7299,0.765,0.8027,1.1824
63,pigr,6232,6232,100,0.349,0.4789,0.4603,0.5433,0.5765,0.6047,1.4111
63,rubl,6232,6232,100,0.6429,0.9821,0.9817,1.0682,1.1123,1.1953,1.6249
63,swth,6232,6232,100,0.0697,0.1522,0.1368,0.1723,0.2373,0.274,0.3591
63,wwcr,6232,6232,100,0.2167,0.6375,0.4511,0.8709,1.3148,1.5856,2.6285
64,blbw,32792,0,0,0,0,0,0,0,0,0
64,boch,32792,30680,94,0.0864,0.2668,0.2585,0.3275,0.3497,0.3724,0.8346
64,brcr,32792,0,0,0,0,0,0,0,0,0
64,btnw,32792,0,0,0,0,0,0,0,0,0
64,cawa,32792,4196,13,0.2633,0.5703,0.5414,0.6949,0.799,0.9609,1.6681
64,cmwa,32792,21704,66,0.2471,0.6442,0.5582,0.8018,0.9861,1.0943,2.6585
64,osfl,32792,30680,94,0.1488,0.3904,0.2986,0.546,0.6342,0.7523,1.7223
64,pigr,32792,30680,94,0.2743,0.4105,0.4005,0.443,0.4761,0.5019,1.0745
64,rubl,32792,30680,94,0.3224,0.7472,0.6566,0.9836,1.2006,1.4319,2.2881
64,swth,32792,30612,93,0.0519,0.1245,0.1151,0.1428,0.1698,0.2095,0.6362
64,wwcr,32792,32792,100,0.1611,0.5894,0.3265,0.7456,1.4084,2.5335,2.9557
65,blbw,18956,0,0,0,0,0,0,0,0,0
65,boch,18956,18956,100,0.1164,0.2237,0.2082,0.2437,0.2908,0.3585,0.8353
65,brcr,18956,0,0,0,0,0,0,0,0,0
65,btnw,18956,0,0,0,0,0,0,0,0,0
65,cawa,18956,752,4,0.4152,1.3316,1.4109,1.6685,1.7122,1.732,1.7934
65,cmwa,18956,7644,40,0.4041,0.5795,0.5411,0.5867,0.6394,0.7063,2.7884
65,osfl,18956,18956,100,0.1758,0.3311,0.2954,0.3996,0.4618,0.5536,1.2201
65,pigr,18956,18956,100,0.2655,0.4343,0.4098,0.4828,0.5507,0.6192,1.0875
65,rubl,18956,18956,100,0.2924,0.537,0.496,0.6231,0.7714,0.9149,1.6087
65,swth,18956,18956,100,0.0558,0.1312,0.1232,0.1499,0.1697,0.2018,0.6195
65,wwcr,18956,18956,100,0.1481,0.3328,0.2651,0.3447,0.4288,0.6738,2.7597
66,blbw,5988,0,0,0,0,0,0,0,0,0
66,boch,5988,5988,100,0.1874,0.321,0.3002,0.3698,0.4248,0.4791,0.8715
66,brcr,5988,0,0,0,0,0,0,0,0,0
66,btnw,5988,0,0,0,0,0,0,0,0,0
66,cawa,5988,68,1,0.5255,1.1068,1.135,1.2987,1.4147,1.4468,1.4659
66,cmwa,5988,0,0,0,0,0,0,0,0,0
66,osfl,5988,5988,100,0.1855,0.2658,0.2639,0.2936,0.3142,0.3293,0.4578
66,pigr,5988,5988,100,0.2911,0.4566,0.3856,0.527,0.6595,0.8331,2.1043
66,rubl,5988,5988,100,0.3223,0.4195,0.4058,0.4719,0.4963,0.5477,0.7466
66,swth,5988,5988,100,0.0549,0.1175,0.1137,0.1361,0.1549,0.1764,0.3933
66,wwcr,5988,5988,100,0.1561,0.2652,0.2491,0.2891,0.3373,0.3883,2.1729
68,blbw,34172,0,0,0,0,0,0,0,0,0
68,boch,34172,30340,89,0.1879,0.3474,0.3456,0.3762,0.416,0.443,1.2253
68,brcr,34172,0,0,0,0,0,0,0,0,0
68,btnw,34172,0,0,0,0,0,0,0,0,0
68,cawa,34172,0,0,0,0,0,0,0,0,0
68,cmwa,34172,0,0,0,0,0,0,0,0,0
68,osfl,34172,0,0,0,0,0,0,0,0,0
68,pigr,34172,11416,33,0.4057,0.6395,0.6405,0.7048,0.7405,0.7762,1.575
68,rubl,34172,14364,42,0.5926,1.3235,1.3349,1.5566,1.678,1.7757,2.6102
68,swth,34172,1796,5,0.1516,0.2186,0.2028,0.2445,0.3029,0.3455,0.4014
68,wwcr,34172,27956,82,0.3233,0.5242,0.5204,0.5779,0.605,0.6564,3.2301
69,blbw,29860,0,0,0,0,0,0,0,0,0
69,boch,29860,26140,88,0.1114,0.2934,0.3193,0.3411,0.3564,0.3918,0.9291
69,brcr,29860,0,0,0,0,0,0,0,0,0
69,btnw,29860,0,0,0,0,0,0,0,0,0
69,cawa,29860,12,0,0.5555,0.6291,0.62,0.6751,0.6935,0.7027,0.7119
69,cmwa,29860,16528,55,0.2998,0.769,0.731,0.8709,0.9871,1.2408,2.8245
69,osfl,29860,11360,38,0.1634,0.459,0.4592,0.5211,0.6057,0.6907,0.9275
69,pigr,29860,26180,88,0.2516,0.5021,0.5007,0.5699,0.6158,0.665,1.5371
69,rubl,29860,26136,88,0.3443,0.9653,0.9786,1.2031,1.3339,1.4802,2.3569
69,swth,29860,22572,76,0.065,0.1663,0.1587,0.208,0.2386,0.2738,0.4501
69,wwcr,29860,29860,100,0.1646,0.6258,0.4272,0.6201,1.2954,2.4641,3.2205
70,blbw,45120,0,0,0,0,0,0,0,0,0
70,boch,45120,19436,43,0.1607,0.3104,0.3392,0.3696,0.389,0.4213,0.6617
70,brcr,45120,0,0,0,0,0,0,0,0,0
70,btnw,45120,0,0,0,0,0,0,0,0,0
70,cawa,45120,0,0,0,0,0,0,0,0,0
70,cmwa,45120,0,0,0,0,0,0,0,0,0
70,osfl,45120,0,0,0,0,0,0,0,0,0
70,pigr,45120,1908,4,0.5915,0.7486,0.6975,0.838,0.9811,1.0723,1.518
70,rubl,45120,17208,38,0.389,1.379,1.3539,1.9239,2.1201,2.2713,2.918
70,swth,45120,392,1,0.2062,0.2504,0.2535,0.2613,0.2641,0.2669,0.3191
70,wwcr,45120,33908,75,0.2384,0.5682,0.5328,0.6562,0.7096,0.767,3.2981
71,blbw,49280,0,0,0,0,0,0,0,0,0
71,boch,49280,49228,100,0.1355,0.2311,0.2045,0.2618,0.3399,0.368,1.0762
71,brcr,49280,0,0,0,0,0,0,0,0,0
71,btnw,49280,0,0,0,0,0,0,0,0,0
71,cawa,49280,0,0,0,0,0,0,0,0,0
71,cmwa,49280,7008,14,0.5134,0.8392,0.8201,0.9814,1.0636,1.1431,2.0398
71,osfl,49280,10896,22,0.1763,0.3912,0.3685,0.5042,0.5973,0.6457,0.918
71,pigr,49280,34124,69,0.4225,0.6228,0.6056,0.6819,0.7345,0.7925,2.2243
71,rubl,49280,49228,100,0.2986,0.9307,0.915,1.2773,1.4073,1.5115,2.8748
71,swth,49280,37448,76,0.0941,0.215,0.2195,0.2523,0.2654,0.277,0.5853
71,wwcr,49280,49280,100,0.1692,0.434,0.3604,0.4643,0.5896,0.8099,3.0422
72,blbw,31064,0,0,0,0,0,0,0,0,0
72,boch,31064,29456,95,0.2697,0.5883,0.5664,0.7023,0.8074,0.9121,2.5868
72,brcr,31064,2284,7,0.2729,0.3473,0.3464,0.3617,0.3675,0.3747,0.4859
72,btnw,31064,0,0,0,0,0,0,0,0,0
72,cawa,31064,0,0,0,0,0,0,0,0,0
72,cmwa,31064,0,0,0,0,0,0,0,0,0
72,osfl,31064,12260,39,0.2072,0.4491,0.3343,0.6188,0.837,0.9634,1.1758
72,pigr,31064,30880,99,0.4291,0.8812,0.7816,1.0856,1.3514,1.5299,2.8426
72,rubl,31064,29460,95,0.6388,1.3897,1.3934,1.5791,1.674,1.7989,3.0677
72,swth,31064,19060,61,0.1089,0.2524,0.268,0.3048,0.3168,0.3296,0.3822
72,wwcr,31064,27908,90,0.2209,0.4554,0.4013,0.4964,0.6076,0.7457,3.0362
73,blbw,20712,0,0,0,0,0,0,0,0,0
73,boch,20712,12580,61,0.3722,0.6188,0.6154,0.6621,0.6891,0.7426,1.2643
73,brcr,20712,0,0,0,0,0,0,0,0,0
73,btnw,20712,0,0,0,0,0,0,0,0,0
73,cawa,20712,0,0,0,0,0,0,0,0,0
73,cmwa,20712,0,0,0,0,0,0,0,0,0
73,osfl,20712,0,0,0,0,0,0,0,0,0
73,pigr,20712,4424,21,0.4983,1.5291,1.5967,1.7017,1.7515,1.8041,1.9707
73,rubl,20712,3424,17,0.6367,1.2882,1.2431,1.4906,1.5955,1.6776,2.261
73,swth,20712,0,0,0,0,0,0,0,0,0
73,wwcr,20712,196,1,0.3342,0.6242,0.6655,0.7983,0.8451,0.8941,0.9309
74,blbw,46732,0,0,0,0,0,0,0,0,0
74,boch,46732,46732,100,0.1895,0.9482,0.9503,1.1735,1.2906,1.3556,2.2569
74,brcr,46732,332,1,0.4189,0.5678,0.5815,0.6247,0.6396,0.6887,0.7552
74,btnw,46732,0,0,0,0,0,0,0,0,0
74,cawa,46732,0,0,0,0,0,0,0,0,0
74,cmwa,46732,0,0,0,0,0,0,0,0,0
74,osfl,46732,18128,39,0.2218,0.3172,0.2997,0.3255,0.3606,0.478,1.0195
74,pigr,46732,43960,94,0.5647,1.115,1.0389,1.3514,1.4983,1.6162,3.589
74,rubl,46732,43428,93,0.3821,0.9935,0.9448,1.3097,1.4747,1.6018,2.7923
74,swth,46732,29632,63,0.1815,0.3047,0.3092,0.3385,0.3493,0.356,0.3897
74,wwcr,46732,30796,66,0.2944,0.4748,0.4381,0.4943,0.547,0.6604,2.2499
75,blbw,22376,0,0,0,0,0,0,0,0,0
75,boch,22376,15964,71,0.1808,0.4657,0.4389,0.5708,0.6603,0.7814,1.4783
75,brcr,22376,0,0,0,0,0,0,0,0,0
75,btnw,22376,0,0,0,0,0,0,0,0,0
75,cawa,22376,0,0,0,0,0,0,0,0,0
75,cmwa,22376,0,0,0,0,0,0,0,0,0
75,osfl,22376,0,0,0,0,0,0,0,0,0
75,pigr,22376,18612,83,0.5058,0.9688,0.9154,1.2108,1.362,1.4731,2.6009
75,rubl,22376,16396,73,0.385,0.6596,0.6077,0.7197,0.8854,1.0312,1.7995
75,swth,22376,148,1,0.2513,0.2872,0.2861,0.2974,0.2997,0.3008,0.3051
75,wwcr,22376,7384,33,0.1618,0.3168,0.3059,0.3743,0.4088,0.439,1.1981
76,blbw,5788,0,0,0,0,0,0,0,0,0
76,boch,5788,984,17,0.3067,0.5385,0.5236,0.6277,0.6514,0.6732,0.931
76,brcr,5788,0,0,0,0,0,0,0,0,0
76,btnw,5788,0,0,0,0,0,0,0,0,0
76,cawa,5788,0,0,0,0,0,0,0,0,0
76,cmwa,5788,0,0,0,0,0,0,0,0,0
76,osfl,5788,0,0,0,0,0,0,0,0,0
76,pigr,5788,3488,60,0.5198,1.0524,1.1528,1.2405,1.3301,1.4114,2.032
76,rubl,5788,1748,30,0.4628,0.5915,0.5813,0.636,0.673,0.7087,1.3123
76,swth,5788,0,0,0,0,0,0,0,0,0
76,wwcr,5788,1484,26,0.2181,0.4308,0.3868,0.592,0.6714,0.7049,0.7946
77,blbw,17848,0,0,0,0,0,0,0,0,0
77,boch,17848,13368,75,0.3276,0.7657,0.7227,0.9717,1.1196,1.1903,1.9166
77,brcr,17848,0,0,0,0,0,0,0,0,0
77,btnw,17848,0,0,0,0,0,0,0,0,0
77,cawa,17848,0,0,0,0,0,0,0,0,0
77,cmwa,17848,0,0,0,0,0,0,0,0,0
77,osfl,17848,0,0,0,0,0,0,0,0,0
77,pigr,17848,17428,98,0.5178,1.1705,1.163,1.3785,1.5295,1.6274,2.9276
77,rubl,17848,16488,92,0.3237,0.6717,0.6245,0.8209,0.9713,1.0982,1.6525
77,swth,17848,1352,8,0.0733,0.1994,0.1988,0.2567,0.2718,0.2786,0.2929
77,wwcr,17848,17612,99,0.1696,0.5054,0.501,0.6317,0.6939,0.7555,2.62
78,blbw,21596,0,0,0,0,0,0,0,0,0
78,boch,21596,20236,94,0.4043,0.6926,0.6583,0.8428,0.941,1.0484,2.1317
78,brcr,21596,1380,6,0.2877,0.3871,0.3621,0.4263,0.483,0.5209,0.8411
78,btnw,21596,3532,16,0.6798,0.9918,0.9866,1.0873,1.1052,1.1167,1.5523
78,cawa,21596,0,0,0,0,0,0,0,0,0
78,cmwa,21596,0,0,0,0,0,0,0,0,0
78,osfl,21596,9340,43,0.2474,0.3838,0.3201,0.4409,0.5961,0.7244,1.3347
78,pigr,21596,21580,100,0.5183,0.8275,0.7878,0.9351,1.0598,1.1936,3.1067
78,rubl,21596,20236,94,0.3262,0.6866,0.7027,0.8036,0.8667,0.9631,1.5602
78,swth,21596,17812,82,0.0846,0.2043,0.2051,0.2463,0.2686,0.2852,0.3367
78,wwcr,21596,21580,100,0.181,0.5399,0.4383,0.6294,0.8049,1.0416,2.8221
79,blbw,2696,0,0,0,0,0,0,0,0,0
79,boch,2696,1460,54,0.5074,0.776,0.7418,0.8708,0.9657,1.182,2.0018
79,brcr,2696,0,0,0,0,0,0,0,0,0
79,btnw,2696,148,5,0.9631,1.0248,1.023,1.0423,1.0553,1.0709,1.0807
79,cawa,2696,0,0,0,0,0,0,0,0,0
79,cmwa,2696,0,0,0,0,0,0,0,0,0
79,osfl,2696,0,0,0,0,0,0,0,0,0
79,pigr,2696,2132,79,0.5377,1.0545,0.9782,1.2462,1.6899,1.9472,3.1204
79,rubl,2696,1964,73,0.3246,0.4549,0.4061,0.4785,0.6597,0.79990000000000006,1.1248
79,swth,2696,944,35,0.0861,0.1476,0.135,0.1855,0.1968,0.213,0.2337
79,wwcr,2696,2240,83,0.2202,0.4856,0.4567,0.6323,0.7049,0.7493,1.0639
80,blbw,14148,0,0,0,0,0,0,0,0,0
80,boch,14148,14128,100,0.3179,0.6415,0.6106,0.8098,0.9265,1.0051,1.4768
80,brcr,14148,0,0,0,0,0,0,0,0,0
80,btnw,14148,5740,41,0.4839,0.7908,0.7855,0.9148,0.9553,1.1543,1.7426
80,cawa,14148,0,0,0,0,0,0,0,0,0
80,cmwa,14148,0,0,0,0,0,0,0,0,0
80,osfl,14148,2260,16,0.2264,0.3691,0.3555,0.4127,0.4988,0.572,0.6721
80,pigr,14148,14148,100,0.5378,0.9727,0.8792,1.1292,1.3435,1.7585,2.9821
80,rubl,14148,14128,100,0.3314,0.5484,0.4688,0.7371,0.835,0.925,1.7283
80,swth,14148,14128,100,0.0819,0.1675,0.1634,0.1905,0.2084,0.2262,0.3122
80,wwcr,14148,14148,100,0.2215,0.4122,0.3896,0.4772,0.5367,0.5993,2.224
82,blbw,3368,0,0,0,0,0,0,0,0,0
82,boch,3368,3368,100,0.3591,0.5477,0.5205,0.6416,0.7205,0.7983,1.0582
82,brcr,3368,0,0,0,0,0,0,0,0,0
82,btnw,3368,116,3,0.5472,0.5985,0.5835,0.6179,0.6596,0.7063,0.7574
82,cawa,3368,0,0,0,0,0,0,0,0,0
82,cmwa,3368,0,0,0,0,0,0,0,0,0
82,osfl,3368,0,0,0,0,0,0,0,0,0
82,pigr,3368,3368,100,0.6754,1.1523,1.1043,1.2956,1.5456,1.7777,2.6269
82,rubl,3368,3368,100,0.3426,0.3887,0.3812,0.4065,0.4301,0.4566,0.6161
82,swth,3368,3368,100,0.0898,0.1639,0.1621,0.189,0.2044,0.2145,0.2427
82,wwcr,3368,3368,100,0.2397,0.4238,0.3855,0.4952,0.584,0.6542,1.02
84,blbw,792,0,0,0,0,0,0,0,0,0
84,boch,792,792,100,0.5665,0.947,0.9563,1.0573,1.1064,1.1598,1.3062
84,brcr,792,0,0,0,0,0,0,0,0,0
84,btnw,792,0,0,0,0,0,0,0,0,0
84,cawa,792,0,0,0,0,0,0,0,0,0
84,cmwa,792,0,0,0,0,0,0,0,0,0
84,osfl,792,0,0,0,0,0,0,0,0,0
84,pigr,792,792,100,0.6483,0.9589,0.9034,1.0825,1.3142,1.4712,1.7961
84,rubl,792,792,100,0.4757,0.7066,0.6938,0.7959,0.8777,0.9542,1.0684
84,swth,792,792,100,0.1325,0.1644,0.1647,0.1736,0.1779,0.1815,0.1988
84,wwcr,792,792,100,0.2519,0.4866,0.4737,0.5572,0.6189,0.6744,1.2105
85,blbw,1328,0,0,0,0,0,0,0,0,0
85,boch,1328,1328,100,0.446,0.7604,0.7473,0.8961,0.9738,1.0358,1.3111
85,brcr,1328,0,0,0,0,0,0,0,0,0
85,btnw,1328,0,0,0,0,0,0,0,0,0
85,cawa,1328,0,0,0,0,0,0,0,0,0
85,cmwa,1328,0,0,0,0,0,0,0,0,0
85,osfl,1328,0,0,0,0,0,0,0,0,0
85,pigr,1328,1328,100,0.6277,0.7839,0.7643,0.8681,0.9307,0.9793,1.1586
85,rubl,1328,1328,100,0.3576,0.7168,0.7139,0.8431,0.8971,0.9638,1.7237
85,swth,1328,1328,100,0.1091,0.1453,0.1376,0.1641,0.1807,0.1986,0.2368
85,wwcr,1328,1328,100,0.2499,0.3819,0.3664,0.4345,0.4748,0.526,0.9395
87,blbw,19540,0,0,0,0,0,0,0,0,0
87,boch,19540,18268,93,0.1145,0.2213,0.2059,0.265,0.2965,0.3238,0.4712
87,brcr,19540,0,0,0,0,0,0,0,0,0
87,btnw,19540,9188,47,0.3999,0.5572,0.5724,0.5938,0.6049,0.6191,0.9121
87,cawa,19540,0,0,0,0,0,0,0,0,0
87,cmwa,19540,19540,100,0.2848,0.6944,0.5876,0.6959,0.9296,1.9164,2.7528
87,osfl,19540,18272,94,0.1539,0.3437,0.3295,0.4258,0.4754,0.529,0.9462
87,pigr,19540,19540,100,0.2877,0.4218,0.3969,0.465,0.5168,0.609,1.0064
87,rubl,19540,18272,94,0.3273,0.5877,0.5488,0.7,0.7694,0.8487,1.6699
87,swth,19540,18260,93,0.0641,0.1438,0.1441,0.1697,0.1932,0.2163,0.3192
87,wwcr,19540,19540,100,0.1627,0.4159,0.2991,0.5389,0.6553,0.973,2.8554
88,blbw,48836,0,0,0,0,0,0,0,0,0
88,boch,48836,47512,97,0.1094,0.258,0.2457,0.3221,0.3526,0.393,1.1136
88,brcr,48836,10752,22,0.2902,0.3365,0.3328,0.3474,0.3637,0.3802,0.4412
88,btnw,48836,36196,74,0.2201,0.4187,0.4261,0.4929,0.5185,0.5476,0.897
88,cawa,48836,17784,36,0.2187,0.5553,0.5386,0.699,0.7852,0.9065,1.6332
88,cmwa,48836,45396,93,0.2357,0.596,0.5336,0.7042,0.848,1.0154,2.2708
88,osfl,48836,47512,97,0.1596,0.3249,0.298,0.4053,0.4541,0.514,0.8509
88,pigr,48836,48836,100,0.3,0.4768,0.4252,0.5243,0.648,0.7791,1.785
88,rubl,48836,47512,97,0.3099,0.6448,0.6222,0.7751,0.8489,0.9346,3.2505
88,swth,48836,47208,97,0.0678,0.1508,0.1468,0.1766,0.1956,0.2143,0.5245
88,wwcr,48836,48836,100,0.205,0.4591,0.3415,0.4676,0.6812,1.2464,3.2611
89,blbw,35452,9520,27,0.3807,0.6084,0.5879,0.6938,0.7574,0.8104,1.0661
89,boch,35452,34712,98,0.1342,0.2523,0.2464,0.3004,0.325,0.3709,0.886
89,brcr,35452,10992,31,0.2374,0.3065,0.3077,0.3314,0.3424,0.3526,0.4494
89,btnw,35452,27892,79,0.24,0.438,0.434,0.4846,0.516,0.5425,0.8661
89,cawa,35452,21644,61,0.36,0.719,0.5806,0.9135,1.1085,1.3643,1.6877
89,cmwa,35452,27100,76,0.2448,0.5339,0.5103,0.6164,0.7102,0.8313,1.7347
89,osfl,35452,34712,98,0.1738,0.3398,0.331,0.4189,0.4727,0.5172,0.8467
89,pigr,35452,34712,98,0.3339,0.5654,0.4802,0.6142,0.8286,1.1606,2.5091
89,rubl,35452,34712,98,0.2999,0.6156,0.5493,0.8038,0.8594,0.9095,1.6122
89,swth,35452,34540,97,0.0565,0.1323,0.1264,0.1561,0.1723,0.1944,0.2833
89,wwcr,35452,35452,100,0.2049,0.462,0.4012,0.5769,0.7486,0.842,2.4424
90,blbw,36752,36468,99,0.1899,0.5292,0.4891,0.7179,0.8545,0.9515,1.4927
90,boch,36752,36468,99,0.1356,0.2729,0.2678,0.3232,0.3518,0.3765,0.6149
90,brcr,36752,36276,99,0.1782,0.3892,0.3673,0.4496,0.506,0.5382,0.7297
90,btnw,36752,36464,99,0.1748,0.3526,0.3305,0.4422,0.4873,0.5171,1.4627
90,cawa,36752,36468,99,0.2392,0.4382,0.4083,0.5191,0.5894,0.6507,1.4178
90,cmwa,36752,36752,100,0.216,0.4963,0.463,0.6107,0.7418,0.8192,1.5088
90,osfl,36752,36464,99,0.1367,0.2352,0.2026,0.2996,0.362,0.3917,0.5644
90,pigr,36752,36468,99,0.363,0.4755,0.4979,0.5075,0.5084,0.5205,1.476
90,rubl,36752,36468,99,0.416,0.5648,0.5156,0.6347,0.7492,0.8362,1.1204
90,swth,36752,36464,99,0.0486,0.1894,0.1646,0.2426,0.328,0.4275,0.9477
90,wwcr,36752,36752,100,0.1843,0.3668,0.3433,0.4002,0.4923,0.533,1.5434
91,blbw,11292,10616,94,0.1256,0.3122,0.2953,0.3636,0.4316,0.5059,0.9678
91,boch,11292,9724,86,0.1513,0.2388,0.2249,0.2552,0.3009,0.3661,0.5684
91,brcr,11292,10616,94,0.1713,0.3108,0.306,0.385,0.4326,0.4593,0.7347
91,btnw,11292,10572,94,0.1501,0.2928,0.2986,0.3444,0.3628,0.3786,0.9564
91,cawa,11292,10520,93,0.2049,0.3318,0.3226,0.3628,0.3948,0.431,1.1318
91,cmwa,11292,11280,100,0.2002,0.5415,0.4594,0.7338,0.862,0.9506,1.7637
91,osfl,11292,10616,94,0.1219,0.1702,0.1657,0.1785,0.1894,0.2237,0.4237
91,pigr,11292,10616,94,0.4758,0.5114,0.5076,0.508,0.5106,0.536,1.7526
91,rubl,11292,10520,93,0.4622,0.4858,0.4814,0.4927,0.5087,0.5211,0.6167
91,swth,11292,10488,93,0.0609,0.1655,0.1567,0.2174,0.262,0.2911,0.3952
91,wwcr,11292,11280,100,0.2014,0.3247,0.318,0.3706,0.3889,0.4167,1.6442
93,blbw,6336,6336,100,0.1016,0.2485,0.2399,0.2907,0.335,0.381,0.7559
93,boch,6336,6336,100,0.1494,0.2258,0.2189,0.2612,0.2723,0.2828,0.4929
93,brcr,6336,6336,100,0.1811,0.4209,0.4201,0.5023,0.5395,0.57,0.8817
93,btnw,6336,6336,100,0.1086,0.2482,0.2493,0.2847,0.3004,0.316,0.642
93,cawa,6336,6336,100,0.2438,0.3566,0.3395,0.3871,0.4257,0.49,1.3677
93,cmwa,6336,6336,100,0.2304,0.3678,0.3596,0.4142,0.4491,0.474,0.8922
93,osfl,6336,6336,100,0.1234,0.1724,0.1698,0.1836,0.1979,0.2062,0.3482
93,pigr,6336,6336,100,0.4094,0.506,0.5077,0.5079,0.5083,0.5092,0.59
93,rubl,6336,6336,100,0.4574,0.4817,0.4785,0.4838,0.4964,0.5092,0.5672
93,swth,6336,6336,100,0.0516,0.1082,0.0982,0.1206,0.1467,0.1762,0.5901
93,wwcr,6336,6336,100,0.1951,0.3427,0.3162,0.4144,0.4577,0.4837,0.857
94,blbw,20420,19276,94,0.1162,0.4694,0.4646,0.5738,0.6501,0.6951,1.3372
94,boch,20420,19276,94,0.1326,0.2452,0.2446,0.2738,0.2916,0.3191,1.1052
94,brcr,20420,19276,94,0.1827,0.4551,0.4489,0.5286,0.6025,0.6808,1.0625
94,btnw,20420,20388,100,0.1433,0.3131,0.2785,0.4068,0.4864,0.5212,1.2349
94,cawa,20420,19180,94,0.2175,0.4115,0.3856,0.4494,0.4974,0.5836,1.7529
94,cmwa,20420,19496,95,0.2115,0.3751,0.3529,0.4196,0.5028,0.5817,0.9705
94,osfl,20420,19276,94,0.1083,0.2398,0.2406,0.3066,0.3332,0.3577,0.6807
94,pigr,20420,20388,100,0.314,0.4218,0.406,0.4754,0.5066,0.5073,0.7937
94,rubl,20420,19276,94,0.4063,0.4867,0.4808,0.4995,0.5131,0.5243,0.7513
94,swth,20420,19180,94,0.0416,0.071,0.0681,0.0811,0.0905,0.0993,0.1894
94,wwcr,20420,20388,100,0.2011,0.4042,0.3754,0.4712,0.5248,0.5897,2.77
95,blbw,27740,10012,36,0.4404,0.7536,0.7216,0.8498,0.981,1.0815,1.305
95,boch,27740,27740,100,0.181,0.3238,0.3016,0.3964,0.4389,0.4833,0.8097
95,brcr,27740,11236,41,0.2907,0.3638,0.3583,0.4023,0.4319,0.4477,0.6785
95,btnw,27740,27296,98,0.1884,0.4542,0.4557,0.4975,0.5177,0.5312,1.1548
95,cawa,27740,24836,90,0.2226,0.8722,0.7115,1.3303,1.6291,1.7078,1.8929
95,cmwa,27740,6692,24,0.2136,0.4275,0.4298,0.5044,0.5465,0.5978,1.1636
95,osfl,27740,27740,100,0.2029,0.331,0.3034,0.409,0.4628,0.5275,1.0956
95,pigr,27740,27740,100,0.3103,0.4413,0.4063,0.4969,0.5427,0.5716,2.0077
95,rubl,27740,27740,100,0.4169,0.7059,0.6524,0.9325,0.9968,1.0486,1.8338
95,swth,27740,27740,100,0.0524,0.1814,0.1896,0.2328,0.2527,0.2715,0.3657
95,wwcr,27740,27740,100,0.2639,0.4464,0.4082,0.5159,0.6041,0.69,2.732
96,blbw,44420,17072,38,0.1145,0.3514,0.3486,0.4352,0.4796,0.5123,1.1806
96,boch,44420,44420,100,0.0979,0.3074,0.269,0.3936,0.5053,0.56,1.0394
96,brcr,44420,44420,100,0.1699,0.43120000000000003,0.3679,0.5303,0.6883,0.8366,1.9282
96,btnw,44420,40956,92,0.1162,0.2504,0.2374,0.2876,0.3162,0.3582,1.6116
96,cawa,44420,44420,100,0.1811,0.4476,0.3914,0.5001,0.6641,0.92490000000000006,1.2361
96,cmwa,44420,38168,86,0.2385,0.4408,0.3809,0.4961,0.6156,0.8076,1.7633
96,osfl,44420,44420,100,0.1141,0.2612,0.2121,0.3704,0.4384,0.5157,0.9438
96,pigr,44420,44420,100,0.3036,0.4553,0.4287,0.5038,0.5108,0.5618,1.711
96,rubl,44420,44420,100,0.3979,0.482,0.4774,0.4892,0.4996,0.514,1.2373
96,swth,44420,44420,100,0.0377,0.1104,0.0915,0.1319,0.1506,0.2146,0.6478
96,wwcr,44420,44420,100,0.1371,0.4576,0.3914,0.5959,0.7615,0.9621,2.2023
97,blbw,20840,20640,99,0.0966,0.2524,0.2337,0.3161,0.3888,0.442,0.6775
97,boch,20840,20784,100,0.1481,0.2212,0.2074,0.2537,0.281,0.2934,0.6255
97,brcr,20840,20784,100,0.1463,0.3225,0.3165,0.3897,0.43,0.4669,1.0736
97,btnw,20840,20784,100,0.1074,0.2147,0.2034,0.2578,0.2901,0.3194,1.29
97,cawa,20840,20784,100,0.1997,0.3987,0.3486,0.445,0.5509,0.7404,1.5832
97,cmwa,20840,20784,100,0.1226,0.3625,0.3609,0.415,0.4733,0.5222,0.8474
97,osfl,20840,20784,100,0.1067,0.1581,0.1586,0.1731,0.1789,0.1871,0.322
97,pigr,20840,20784,100,0.3948,0.4951,0.5069,0.5076,0.5078,0.508,0.7443
97,rubl,20840,20784,100,0.4653,0.4846,0.4843,0.4893,0.4904,0.4978,0.6094
97,swth,20840,20784,100,0.0586,0.1126,0.0969,0.1225,0.1418,0.2084,0.6193
97,wwcr,20840,20784,100,0.1619,0.2912,0.2823,0.3481,0.3924,0.4175,0.6007
99,blbw,41868,41856,100,0.0905,0.3198,0.2583,0.4382,0.5008,0.6241,1.6745
99,boch,41868,39908,95,0.0934,0.3177,0.2886,0.401,0.4757,0.513,1.0164
99,brcr,41868,41868,100,0.1639,0.2821,0.2627,0.3147,0.3582,0.3922,1.8941
99,btnw,41868,41868,100,0.117,0.281,0.2594,0.3323,0.3891,0.4547,1.9166
99,cawa,41868,41868,100,0.1587,0.3526,0.3352,0.4027,0.4466,0.4988,1.1673
99,cmwa,41868,36140,86,0.1291,0.5302,0.5256,0.6616,0.7526,0.95,2.3725
99,osfl,41868,41868,100,0.1036,0.1637,0.1594,0.1815,0.1993,0.2158,0.4527
99,pigr,41868,41868,100,0.3421,0.5256,0.5041,0.5079,0.5485,0.8531,1.4361
99,rubl,41868,41868,100,0.4274,0.4672,0.4695,0.4785,0.489,0.498,0.5935
99,swth,41868,41680,100,0.0453,0.1235,0.1102,0.1505,0.1917,0.2286,0.6011
99,wwcr,41868,41868,100,0.1751,0.3361,0.3184,0.3587,0.4011,0.4906,1.1212
100,blbw,23040,2440,11,0.2745,0.4537,0.4667,0.5106,0.5231,0.5403,0.6278
100,boch,23040,23040,100,0.2645,0.559,0.5033,0.6303,0.8149,0.9865,1.8783
100,brcr,23040,22564,98,0.2631,0.4326,0.3633,0.4676,0.7015,0.8403,1.4492
100,btnw,23040,7076,31,0.1818,0.3646,0.3398,0.4437,0.4786,0.5314,1.2417
100,cawa,23040,16224,70,0.2352,0.7529,0.7807,1.0544,1.1328,1.1779,1.4289
100,cmwa,23040,3268,14,0.2929,0.6471,0.505,0.9559,1.2574,1.4304,2.293
100,osfl,23040,23040,100,0.1265,0.3608,0.3053,0.4368,0.6824,0.7983,1.2294
100,pigr,23040,23040,100,0.2767,0.6665,0.6362,0.8644,0.9892,1.0714,1.7471
100,rubl,23040,23040,100,0.4227,0.6768,0.5283,0.8661,1.2501,1.3675,2.876
100,swth,23040,23040,100,0.05,0.1905,0.2005,0.2555,0.267,0.2758,0.3939
100,wwcr,23040,23040,100,0.2264,0.5314,0.474,0.6074,0.7875,1.0007,2.4625
101,blbw,52224,15664,30,0.1154,0.4211,0.4282,0.5057,0.5431,0.5853,0.8981
101,boch,52224,52188,100,0.1239,0.7113,0.698,0.9569,1.0517,1.1103,1.7243
101,brcr,52224,48060,92,0.1662,0.6394,0.5676,0.9152,1.0803,1.2495,2.1599
101,btnw,52224,42640,82,0.1381,0.5652,0.5334,0.8263,0.9141,0.9536,1.9916
101,cawa,52224,34140,65,0.2062,0.9847,0.9447,1.5306,1.6496,1.712,1.9281
101,cmwa,52224,9748,19,0.3243,0.8832,0.7972,1.0573,1.3719,1.7794,2.6536
101,osfl,52224,52196,100,0.1147,0.2945,0.2707,0.345,0.4403,0.5449,1.1234
101,pigr,52224,52196,100,0.2707,0.774,0.7833,0.9861,1.0803,1.1639,2.1149
101,rubl,52224,52196,100,0.3281,0.4802,0.4575,0.5451,0.6104,0.6715,1.2853
101,swth,52224,52196,100,0.0482,0.176,0.1678,0.2252,0.261,0.2989,0.6377
101,wwcr,52224,52196,100,0.1952,0.4477,0.3966,0.5467,0.6646,0.7994,2.4686
103,blbw,24652,0,0,0,0,0,0,0,0,0
103,boch,24652,24612,100,0.2135,0.5356,0.4928,0.6732,0.7882,0.897,2.1666
103,brcr,24652,10396,42,0.1979,0.4137,0.333,0.5998,0.6822,0.8045,1.2714
103,btnw,24652,24612,100,0.2493,0.6985,0.6533,0.9078,1.0008,1.0806,2.0974
103,cawa,24652,0,0,0,0,0,0,0,0,0
103,cmwa,24652,3428,14,0.3394,0.7431,0.7819,0.9719,1.038,1.0898,1.2513
103,osfl,24652,19740,80,0.1538,0.2649,0.2316,0.3172,0.3771,0.4578,1.1594
103,pigr,24652,24612,100,0.5794,0.9687,0.9239,1.1123,1.2478,1.405,3.0774
103,rubl,24652,24612,100,0.3228,0.4117,0.3685,0.4525,0.5863,0.6568,0.9091
103,swth,24652,24612,100,0.0633,0.1573,0.1545,0.191,0.2085,0.2232,0.4827
103,wwcr,24652,24612,100,0.1725,0.3807,0.356,0.4371,0.5056,0.5882,1.8435
104,blbw,4912,0,0,0,0,0,0,0,0,0
104,boch,4912,4864,99,0.3526,0.8127,0.8601,0.9625,1.011,1.0612,1.9315
104,brcr,4912,0,0,0,0,0,0,0,0,0
104,btnw,4912,536,11,0.5041,0.722,0.6096,1.0231,1.0636,1.0732,1.1326
104,cawa,4912,0,0,0,0,0,0,0,0,0
104,cmwa,4912,0,0,0,0,0,0,0,0,0
104,osfl,4912,0,0,0,0,0,0,0,0,0
104,pigr,4912,4864,99,0.654,1.5749,1.405,2.0123,2.4389,2.7369,3.5053
104,rubl,4912,4864,99,0.325,0.4324,0.4373,0.4586,0.4703,0.4887,0.7084
104,swth,4912,4864,99,0.1,0.1661,0.166,0.1963,0.2053,0.2116,0.2316
104,wwcr,4912,4864,99,0.2654,0.4935,0.4338,0.6523,0.7272,0.8279,1.2155
105,blbw,5324,0,0,0,0,0,0,0,0,0
105,boch,5324,4432,83,0.2961,0.635,0.6119,0.7976,0.8764,0.9481,1.6132
105,brcr,5324,0,0,0,0,0,0,0,0,0
105,btnw,5324,0,0,0,0,0,0,0,0,0
105,cawa,5324,0,0,0,0,0,0,0,0,0
105,cmwa,5324,0,0,0,0,0,0,0,0,0
105,osfl,5324,0,0,0,0,0,0,0,0,0
105,pigr,5324,4432,83,0.5683,0.8581,0.8106,0.9569,1.0863,1.2539,2.4162
105,rubl,5324,4432,83,0.3202,0.4636,0.4085,0.531,0.6534,0.8068,2.2745
105,swth,5324,4432,83,0.077,0.1333,0.1237,0.1597,0.1818,0.2055,0.2996
105,wwcr,5324,4432,83,0.2054,0.3495,0.3157,0.4098,0.4878,0.5877,1.4644
106,blbw,608,0,0,0,0,0,0,0,0,0
106,boch,608,556,91,0.3127,0.6795,0.7081,0.7798,0.8229,0.8781,1.4038
106,brcr,608,0,0,0,0,0,0,0,0,0
106,btnw,608,556,91,0.3613,0.5578,0.5234,0.6681,0.7181,0.7393,0.7808
106,cawa,608,0,0,0,0,0,0,0,0,0
106,cmwa,608,0,0,0,0,0,0,0,0,0
106,osfl,608,556,91,0.1974,0.2363,0.2309,0.2458,0.2536,0.2617,0.6415
106,pigr,608,556,91,0.9123,1.278,1.2275,1.3875,1.4328,1.6348,2.5791
106,rubl,608,556,91,0.3445,0.419,0.4148,0.4502,0.4599,0.4708,0.5422
106,swth,608,556,91,0.0942,0.1459,0.1396,0.1726,0.1886,0.1952,0.2043
106,wwcr,608,556,91,0.2386,0.3374,0.3094,0.3965,0.4526,0.4798,0.555
107,blbw,2004,0,0,0,0,0,0,0,0,0
107,boch,2004,1892,94,0.3021,0.5996,0.5563,0.7213,0.8341,0.8945,1.8767
107,brcr,2004,76,4,0.2151,0.2375,0.2384,0.2491,0.2509,0.2531,0.2619
107,btnw,2004,1892,94,0.2531,0.4922,0.475,0.5676,0.6238,0.6562,1.0521
107,cawa,2004,0,0,0,0,0,0,0,0,0
107,cmwa,2004,0,0,0,0,0,0,0,0,0
107,osfl,2004,1892,94,0.1668,0.2454,0.235,0.2768,0.2948,0.3143,0.424
107,pigr,2004,1892,94,0.4827,1.1884,1.1607,1.4139,1.5309,1.6262,2.3133
107,rubl,2004,1892,94,0.3188,0.4135,0.3962,0.456,0.5178,0.5862,0.7614
107,swth,2004,1892,94,0.0593,0.1103,0.1072,0.1245,0.1364,0.156,0.1969
107,wwcr,2004,1892,94,0.198,0.3393,0.2993,0.3813,0.4461,0.5105,1.9216
108,blbw,3988,792,20,0.3466,0.9107,0.9518,1.0186,1.0346,1.0508,1.0786
108,boch,3988,3988,100,0.2075,0.4349,0.4368,0.4914,0.5282,0.5806,1.0298
108,brcr,3988,2560,64,0.1882,0.3451,0.3654,0.433,0.4629,0.4753,0.6372
108,btnw,3988,3988,100,0.2052,0.4889,0.5044,0.5603,0.5982,0.6414,1.2141
108,cawa,3988,0,0,0,0,0,0,0,0,0
108,cmwa,3988,0,0,0,0,0,0,0,0,0
108,osfl,3988,3988,100,0.1612,0.2351,0.2302,0.2582,0.2864,0.3024,0.4894
108,pigr,3988,3988,100,0.2518,0.9812,1.0419,1.1528,1.2242,1.3187,1.7785
108,rubl,3988,3988,100,0.3154,0.3854,0.3759,0.42,0.4375,0.4547,0.6101
108,swth,3988,3988,100,0.0633,0.1751,0.1669,0.2504,0.2707,0.2788,0.3106
108,wwcr,3988,3988,100,0.1733,0.3283,0.3303,0.3963,0.4137,0.4374,0.5777
109,blbw,2652,504,19,0.3081,0.7391,0.7854,0.8947,0.9233,0.9448,0.9934
109,boch,2652,2456,93,0.2173,0.4668,0.464,0.5177,0.555,0.5835,0.9562
109,brcr,2652,2432,92,0.1928,0.2757,0.2445,0.3473,0.3666,0.3722,0.4415
109,btnw,2652,2456,93,0.1835,0.4347,0.4087,0.5192,0.6163,0.6808,1.1131
109,cawa,2652,0,0,0,0,0,0,0,0,0
109,cmwa,2652,0,0,0,0,0,0,0,0,0
109,osfl,2652,2456,93,0.1423,0.2198,0.21560000000000001,0.2496,0.2624,0.2882,0.4756
109,pigr,2652,2456,93,0.3235,0.8925,0.9423,1.0965,1.1662,1.2042,1.441
109,rubl,2652,2456,93,0.3439,0.4419,0.4418,0.4746,0.4852,0.4935,0.5476
109,swth,2652,2456,93,0.0652,0.1372,0.1217,0.174,0.2153,0.2487,0.2972
109,wwcr,2652,2456,93,0.1924,0.2992,0.2782,0.354,0.3911,0.4123,0.9044
112,blbw,7432,0,0,0,0,0,0,0,0,0
112,boch,7432,7340,99,0.1734,0.3238,0.2757,0.4172,0.4774,0.5448,1.8629
112,brcr,7432,5492,74,0.1839,0.2218,0.2139,0.2318,0.2407,0.2776,0.3873
112,btnw,7432,7340,99,0.12,0.2942,0.2701,0.3444,0.4084,0.4775,0.9675
112,cawa,7432,0,0,0,0,0,0,0,0,0
112,cmwa,7432,0,0,0,0,0,0,0,0,0
112,osfl,7432,7340,99,0.1348,0.2461,0.2378,0.278,0.3022,0.3215,0.5995
112,pigr,7432,7340,99,0.2821,0.4949,0.3946,0.4975,0.9127,1.0841,1.7612
112,rubl,7432,7340,99,0.3674,0.447,0.4557,0.4629,0.4727,0.4817,0.5417
112,swth,7432,7340,99,0.0611,0.1142,0.1127,0.1297,0.145,0.1601,0.2261
112,wwcr,7432,7340,99,0.1538,0.2567,0.248,0.2755,0.2975,0.33,1.4999
113,blbw,1176,0,0,0,0,0,0,0,0,0
113,boch,1176,1036,88,0.2009,0.3024,0.2628,0.293,0.3629,0.4174,3.3263
113,brcr,1176,148,13,0.1999,0.2139,0.2138,0.2196,0.2238,0.2271,0.231
113,btnw,1176,1036,88,0.1469,0.2982,0.2734,0.3461,0.4609,0.5139,0.6271
113,cawa,1176,0,0,0,0,0,0,0,0,0
113,cmwa,1176,0,0,0,0,0,0,0,0,0
113,osfl,1176,1036,88,0.1845,0.2469,0.2488,0.2714,0.282,0.2923,0.3225
113,pigr,1176,1036,88,0.312,0.3887,0.3808,0.4225,0.4581,0.4849,0.5631
113,rubl,1176,1036,88,0.3655,0.4559,0.4602,0.47,0.4735,0.4767,0.5081
113,swth,1176,1036,88,0.0692,0.1173,0.1168,0.14,0.1495,0.1566,0.1727
113,wwcr,1176,1036,88,0.1471,0.2654,0.2563,0.2851,0.305,0.3455,0.7814
114,blbw,8684,256,3,0.8697,0.9868,0.9888,1.0429,1.0483,1.0545,1.1173
114,boch,8684,8316,96,0.2234,0.4594,0.4451,0.5247,0.5763,0.6243,1.1991
114,brcr,8684,8316,96,0.202,0.3118,0.3304,0.3672,0.3761,0.4125,1.4659
114,btnw,8684,8316,96,0.1989,0.5029,0.5088,0.6326,0.7011,0.7583,0.9703
114,cawa,8684,0,0,0,0,0,0,0,0,0
114,cmwa,8684,0,0,0,0,0,0,0,0,0
114,osfl,8684,8316,96,0.1262,0.2191,0.2125,0.254,0.2795,0.3103,0.5337
114,pigr,8684,8316,96,0.293,1.0215,1.0705,1.2027,1.2978,1.3834,1.9814
114,rubl,8684,8316,96,0.3551,0.4578,0.457,0.4867,0.4974,0.5057,0.5893
114,swth,8684,8316,96,0.0763,0.1862,0.1839,0.2348,0.2593,0.2799,0.4302
114,wwcr,8684,8316,96,0.1363,0.3448,0.3111,0.4069,0.4718,0.5214,3.7306
115,blbw,116,0,0,0,0,0,0,0,0,0
115,boch,116,116,100,0.4716,0.5659,0.5629,0.595,0.6315,0.6474,0.6655
115,brcr,116,116,100,0.2393,0.3362,0.3434,0.3514,0.3563,0.3649,0.3839
115,btnw,116,116,100,0.4749,0.5791,0.5874,0.633,0.6505,0.6696,0.7403
115,cawa,116,0,0,0,0,0,0,0,0,0
115,cmwa,116,0,0,0,0,0,0,0,0,0
115,osfl,116,116,100,0.1806,0.2201,0.2161,0.2348,0.2507,0.2536,0.2708
115,pigr,116,116,100,0.9859,1.1665,1.143,1.2298,1.328,1.3561,1.3847
115,rubl,116,116,100,0.4454,0.4825,0.4885,0.4927,0.5012,0.5024,0.5077
115,swth,116,116,100,0.1766,0.1964,0.1944,0.2085,0.2113,0.2227,0.2276
115,wwcr,116,116,100,0.3968,0.427,0.4161,0.4323,0.4544,0.4774,0.5746
116,blbw,492,0,0,0,0,0,0,0,0,0
116,boch,492,464,94,0.367,0.4693,0.4655,0.4969,0.526,0.5547,0.5996
116,brcr,492,464,94,0.2217,0.4097,0.3951,0.4556,0.5242,0.5547,0.6261
116,btnw,492,464,94,0.5331,0.7771,0.8128,0.8575,0.8733,0.886,0.9192
116,cawa,492,0,0,0,0,0,0,0,0,0
116,cmwa,492,0,0,0,0,0,0,0,0,0
116,osfl,492,464,94,0.1683,0.2719,0.2607,0.329,0.3491,0.3542,0.4152
116,pigr,492,464,94,0.9361,1.1189,1.1318,1.1731,1.2174,1.2971,1.4388
116,rubl,492,464,94,0.3552,0.4484,0.4506,0.4808,0.4887,0.5128,0.5429
116,swth,492,464,94,0.1978,0.2671,0.2719,0.2973,0.3083,0.3161,0.3263
116,wwcr,492,464,94,0.3888,0.4931,0.5105,0.5248,0.5342,0.5472,0.5678
136,blbw,12768,0,0,0,0,0,0,0,0,0
136,boch,12768,12556,98,0.1506,0.2991,0.3026,0.3284,0.3624,0.4431,0.7861
136,brcr,12768,0,0,0,0,0,0,0,0,0
136,btnw,12768,2132,17,0.3465,0.4877,0.4832,0.5269,0.5425,0.564,1.1063
136,cawa,12768,4436,35,0.2493,0.5205,0.4903,0.641,0.7284,0.8187,2.3776
136,cmwa,12768,12596,99,0.2552,0.4897,0.4883,0.5396,0.5869,0.6619,1.8958
136,osfl,12768,12556,98,0.1579,0.297,0.2439,0.4192,0.4567,0.4907,0.7541
136,pigr,12768,12600,99,0.3203,0.425,0.4141,0.4698,0.4932,0.5104,1.3448
136,rubl,12768,12552,98,0.364,0.6273,0.5728,0.7721,0.8105,0.8348,1.3496
136,swth,12768,12540,98,0.0612,0.1104,0.1029,0.1292,0.1515,0.1671,0.3384
136,wwcr,12768,12768,100,0.1682,0.3109,0.2683,0.3204,0.4056,0.545,2.6534
137,blbw,11384,0,0,0,0,0,0,0,0,0
137,boch,11384,11384,100,0.1807,0.2991,0.2931,0.3546,0.3748,0.3893,0.5744
137,brcr,11384,0,0,0,0,0,0,0,0,0
137,btnw,11384,488,4,0.1789,0.2346,0.2264,0.2643,0.2812,0.2977,0.3451
137,cawa,11384,5352,47,0.3267,0.9042,0.8982,1.1086,1.2485,1.4052,1.6122
137,cmwa,11384,4836,42,0.3015,0.4819,0.4693,0.5661,0.6085,0.6437,0.9183
137,osfl,11384,11384,100,0.1764,0.2695,0.2667,0.2967,0.3141,0.3287,0.4172
137,pigr,11384,11384,100,0.2608,0.3734,0.3583,0.3895,0.4105,0.4424,1.7232
137,rubl,11384,11384,100,0.3348,0.4675,0.4616,0.4979,0.5206,0.5418,1.1104
137,swth,11384,11384,100,0.0361,0.1636,0.1204,0.2032,0.3087,0.4613,0.6331
137,wwcr,11384,11384,100,0.118,0.256,0.2358,0.2981,0.3547,0.4094,1.3381
138,blbw,17496,0,0,0,0,0,0,0,0,0
138,boch,17496,17496,100,0.1637,0.2672,0.249,0.3237,0.3519,0.3801,0.5922
138,brcr,17496,0,0,0,0,0,0,0,0,0
138,btnw,17496,9360,53,0.1732,0.3605,0.356,0.4202,0.4686,0.5411,0.7607
138,cawa,17496,9776,56,0.2037,0.5586,0.5319,0.6543,0.7418,0.8982,2.2395
138,cmwa,17496,14900,85,0.2312,0.4018,0.3784,0.4677,0.5238,0.6019,2.0057
138,osfl,17496,17496,100,0.1059,0.1941,0.1922,0.2295,0.251,0.2712,0.4468
138,pigr,17496,17496,100,0.3245,0.4289,0.4141,0.4818,0.5002,0.5052,0.6382
138,rubl,17496,17496,100,0.409,0.5269,0.503,0.5492,0.5689,0.7104,0.9312
138,swth,17496,17496,100,0.082,0.3871,0.4187,0.5382,0.5689,0.5951,0.6901
138,wwcr,17496,17496,100,0.1462,0.2869,0.2699,0.3159,0.3636,0.4202,2.4051
139,blbw,48072,5940,12,0.1824,0.4493,0.4285,0.5756,0.6527,0.7237,1.2948
139,boch,48072,39704,83,0.1715,0.3475,0.344,0.3852,0.4201,0.4635,1.1503
139,brcr,48072,27612,57,0.1627,0.3387,0.3491,0.3765,0.3934,0.4108,0.5764
139,btnw,48072,45724,95,0.1562,0.3877,0.3741,0.4863,0.5384,0.5787,1.2249
139,cawa,48072,41780,87,0.2152,0.5908,0.5257,0.7093,0.9517,1.2694,1.728
139,cmwa,48072,47452,99,0.2031,0.4491,0.4154,0.5404,0.6291,0.7214,1.8568
139,osfl,48072,48048,100,0.1009,0.2197,0.2106,0.2604,0.287,0.3183,0.5373
139,pigr,48072,48048,100,0.3072,0.4272,0.408,0.4884,0.5054,0.5067,0.8544
139,rubl,48072,48048,100,0.3713,0.5243,0.507,0.5394,0.6185,0.6904,3.2631
139,swth,48072,47648,99,0.0452,0.1736,0.1448,0.2299,0.2868,0.347,0.6169
139,wwcr,48072,48048,100,0.1517,0.3237,0.2999,0.3608,0.42,0.5044,2.3597
142,blbw,12876,0,0,0,0,0,0,0,0,0
142,boch,12876,12876,100,0.208,0.3408,0.3407,0.3828,0.3998,0.4177,1.0353
142,brcr,12876,256,2,0.2132,0.2813,0.2833,0.3016,0.306,0.3077,0.3162
142,btnw,12876,10360,80,0.1451,0.3191,0.3168,0.3855,0.4192,0.4696,0.6038
142,cawa,12876,12772,99,0.2278,0.5327,0.5147,0.6391,0.7112,0.8496,2.3476
142,cmwa,12876,12876,100,0.2144,0.4205,0.4049,0.4954,0.553,0.6042,0.8589
142,osfl,12876,12876,100,0.1532,0.2273,0.2274,0.2553,0.2687,0.2852,0.4501
142,pigr,12876,12876,100,0.3523,0.4209,0.4005,0.469,0.5019,0.5053,0.728
142,rubl,12876,12876,100,0.4493,0.5213,0.5146,0.5369,0.5606,0.6062,1.0461
142,swth,12876,12876,100,0.0682,0.1449,0.1348,0.1816,0.2037,0.2231,0.6552
142,wwcr,12876,12876,100,0.2042,0.392,0.341,0.4259,0.5658,0.7566,2.8565
143,blbw,2912,0,0,0,0,0,0,0,0,0
143,boch,2912,2912,100,0.1871,0.2346,0.2233,0.249,0.2747,0.3262,0.4145
143,brcr,2912,0,0,0,0,0,0,0,0,0
143,btnw,2912,2672,92,0.2002,0.4308,0.4106,0.5428,0.6014,0.658,0.9298
143,cawa,2912,120,4,0.6478,1.2288,1.27,1.5164,1.6205,1.6924,1.8304
143,cmwa,2912,2912,100,0.1524,0.364,0.374,0.4325,0.4518,0.4685,0.5821
143,osfl,2912,2912,100,0.1132,0.1957,0.2012,0.2233,0.2352,0.2468,0.4117
143,pigr,2912,2912,100,0.3418,0.3943,0.3932,0.4058,0.4183,0.4369,0.8493
143,rubl,2912,2912,100,0.441,0.4806,0.4804,0.4894,0.4922,0.4998,0.5611
143,swth,2912,2912,100,0.084,0.2684,0.2119,0.4391,0.5336,0.5788,0.6446
143,wwcr,2912,2912,100,0.1814,0.2927,0.2742,0.3294,0.3832,0.4812,1.064
145,blbw,18572,0,0,0,0,0,0,0,0,0
145,boch,18572,18572,100,0.1716,0.2923,0.2646,0.3714,0.4176,0.4617,1.0244
145,brcr,18572,11260,61,0.1692,0.2241,0.2208,0.2483,0.259,0.2686,0.3465
145,btnw,18572,7288,39,0.2243,0.5037,0.4575,0.625,0.7423,0.855,1.3666
145,cawa,18572,2220,12,0.5836,1.0431,0.963,1.3464,1.5179,1.5899,1.9489
145,cmwa,18572,16148,87,0.1329,0.2434,0.2121,0.2917,0.3797,0.4297,1.0704
145,osfl,18572,18572,100,0.1222,0.2586,0.2464,0.3116,0.3404,0.362,0.4822
145,pigr,18572,18572,100,0.2521,0.4479,0.3814,0.5582,0.6939,0.7524,2.1218
145,rubl,18572,18572,100,0.3283,0.4357,0.4537,0.4727,0.4771,0.4887,2.0044
145,swth,18572,18292,98,0.0526,0.1783,0.1258,0.1892,0.4344,0.5607,0.6915
145,wwcr,18572,18572,100,0.1426,0.4014,0.369,0.5228,0.6048,0.6728,1.272
148,blbw,22996,10820,47,0.2018,0.5315,0.5181,0.6134,0.6881,0.7716,1.8124
148,boch,22996,13708,60,0.1925,0.3229,0.3099,0.358,0.3861,0.4141,0.9461
148,brcr,22996,15756,69,0.2653,0.3566,0.3556,0.3844,0.4018,0.4171,0.4783
148,btnw,22996,15696,68,0.1857,0.3588,0.343,0.425,0.451,0.4998,0.9972
148,cawa,22996,16324,71,0.2298,0.5145,0.4671,0.6171,0.7663,0.8824,1.9002
148,cmwa,22996,22996,100,0.2083,0.5609,0.4533,0.8324,0.9947,1.0763,1.4319
148,osfl,22996,15756,69,0.1619,0.2243,0.2108,0.2331,0.2812,0.3352,0.5743
148,pigr,22996,15756,69,0.3942,0.5046,0.4974,0.5078,0.5304,0.5627,1.7276
148,rubl,22996,15756,69,0.4661,0.5859,0.5647,0.6548,0.7177,0.7434,0.9804
148,swth,22996,15480,67,0.078,0.1847,0.1626,0.217,0.2673,0.3408,0.7649
148,wwcr,22996,22996,100,0.2063,0.4289,0.3845,0.5536,0.6326,0.6806,1.391
149,blbw,25228,7576,30,0.1874,0.49,0.4894,0.625,0.674,0.7253,1.0662
149,boch,25228,11320,45,0.1436,0.2524,0.2193,0.2909,0.3342,0.3959,1.4964
149,brcr,25228,23968,95,0.1681,0.2845,0.2689,0.3329,0.371,0.3891,0.5619
149,btnw,25228,10744,43,0.2001,0.4354,0.4309,0.5097,0.5603,0.6308,0.8255
149,cawa,25228,16232,64,0.2737,0.5994,0.5668,0.6805,0.7812,0.8955,3.2292
149,cmwa,25228,22712,90,0.1646,0.4332,0.4066,0.5374,0.6306,0.712,1.6919
149,osfl,25228,23968,95,0.1041,0.1684,0.1679,0.2001,0.2109,0.2216,0.3721
149,pigr,25228,23968,95,0.3302,0.4863,0.5056,0.5068,0.5072,0.5078,0.6983
149,rubl,25228,23968,95,0.444,0.5332,0.5077,0.554,0.5656,0.5821,3.618
149,swth,25228,22472,89,0.1319,0.4316,0.4559,0.5149,0.5331,0.5612,0.6932
149,wwcr,25228,23968,95,0.1351,0.2974,0.2825,0.3469,0.3868,0.4628,1.308
155,blbw,9968,7844,79,0.1909,0.4959,0.4809,0.5924,0.6356,0.7286,1.6015
155,boch,9968,2144,22,0.1788,0.2627,0.2623,0.2849,0.3008,0.3379,0.4679
155,brcr,9968,7844,79,0.1673,0.3081,0.3246,0.3567,0.3679,0.3766,0.4243
155,btnw,9968,7836,79,0.1866,0.3979,0.3676,0.4831,0.6003,0.6484,1.0252
155,cawa,9968,8280,83,0.2661,0.4804,0.4449,0.5689,0.6454,0.7056,1.8631
155,cmwa,9968,8996,90,0.2111,0.5557,0.4486,0.7886,0.9676,1.1248,1.6068
155,osfl,9968,7844,79,0.1451,0.2086,0.2041,0.2295,0.2407,0.2755,0.3624
155,pigr,9968,7840,79,0.4793,0.5105,0.5071,0.5075,0.5157,0.5414,0.8328
155,rubl,9968,7844,79,0.474,0.5669,0.5205,0.6911,0.7012,0.7248,0.8199
155,swth,9968,7464,75,0.1226,0.2902,0.2673,0.3552,0.4606,0.5711,0.6501
155,wwcr,9968,8996,90,0.203,0.3759,0.3445,0.4818,0.573,0.6242,0.8541
156,blbw,532,532,100,0.2823,0.4756,0.4658,0.5461,0.5697,0.5772,0.655
156,boch,532,0,0,0,0,0,0,0,0,0
156,brcr,532,532,100,0.187,0.2729,0.2591,0.3208,0.3379,0.3494,0.3964
156,btnw,532,532,100,0.3404,0.5025,0.49,0.578,0.6164,0.6426,0.7489
156,cawa,532,532,100,0.3589,0.4969,0.4813,0.5502,0.5865,0.662,0.7464
156,cmwa,532,532,100,0.3182,0.5007,0.4954,0.6299,0.6821,0.7328,0.8081
156,osfl,532,532,100,0.1719,0.1877,0.1861,0.1939,0.2009,0.2043,0.2238
156,pigr,532,532,100,0.5061,0.5072,0.5073,0.5074,0.5074,0.5076,0.5115
156,rubl,532,532,100,0.4836,0.5268,0.5288,0.5548,0.556,0.5568,0.5744
156,swth,532,532,100,0.1808,0.3413,0.3397,0.3745,0.4045,0.4276,0.4734
156,wwcr,532,532,100,0.2308,0.2759,0.2685,0.3035,0.3157,0.3402,0.3522
165,blbw,6648,0,0,0,0,0,0,0,0,0
165,boch,6648,4440,67,0.1498,0.2778,0.224,0.3516,0.4508,0.5172,1.4336
165,brcr,6648,0,0,0,0,0,0,0,0,0
165,btnw,6648,0,0,0,0,0,0,0,0,0
165,cawa,6648,0,0,0,0,0,0,0,0,0
165,cmwa,6648,0,0,0,0,0,0,0,0,0
165,osfl,6648,300,5,0.1671,0.2307,0.2053,0.2384,0.322,0.4006,0.555
165,pigr,6648,4440,67,0.3796,0.6166,0.5639,0.6951,0.8095,0.9495,1.6453
165,rubl,6648,2836,43,0.346,0.5008,0.4811,0.5442,0.5947,0.6354,1.1008
165,swth,6648,156,2,0.1724,0.241,0.2342,0.2647,0.2792,0.2832,0.2994
165,wwcr,6648,3680,55,0.2117,0.3421,0.3186,0.4007,0.4556,0.521,0.9856
166,blbw,3696,0,0,0,0,0,0,0,0,0
166,boch,3696,3184,86,0.1514,0.1993,0.1965,0.2121,0.2223,0.2293,0.5357
166,brcr,3696,0,0,0,0,0,0,0,0,0
166,btnw,3696,0,0,0,0,0,0,0,0,0
166,cawa,3696,0,0,0,0,0,0,0,0,0
166,cmwa,3696,0,0,0,0,0,0,0,0,0
166,osfl,3696,0,0,0,0,0,0,0,0,0
166,pigr,3696,3192,86,0.4553,1.0254,0.5558,1.5759,2.7819,3.2777,3.7816
166,rubl,3696,1832,50,0.3684,0.8299,0.7798,1.0663,1.3126,1.3989,1.6171
166,swth,3696,2080,56,0.1457,0.273,0.2692,0.3019,0.3284,0.3419,0.4939
166,wwcr,3696,200,5,0.2763,0.3422,0.3411,0.3698,0.3828,0.3938,0.4549
167,blbw,1488,0,0,0,0,0,0,0,0,0
167,boch,1488,1488,100,0.1876,0.2452,0.2373,0.2601,0.2826,0.3261,0.4139
167,brcr,1488,0,0,0,0,0,0,0,0,0
167,btnw,1488,0,0,0,0,0,0,0,0,0
167,cawa,1488,0,0,0,0,0,0,0,0,0
167,cmwa,1488,0,0,0,0,0,0,0,0,0
167,osfl,1488,0,0,0,0,0,0,0,0,0
167,pigr,1488,1488,100,0.4528,1.5623,1.0176,2.5912,3.495,3.6358,3.7831
167,rubl,1488,316,21,1.178,1.3161,1.313,1.3717,1.4062,1.4621,1.5311
167,swth,1488,636,43,0.2486,0.3327,0.342,0.349,0.3521,0.3556,0.3704
167,wwcr,1488,0,0,0,0,0,0,0,0,0
168,blbw,9848,0,0,0,0,0,0,0,0,0
168,boch,9848,9848,100,0.1297,0.2194,0.1907,0.2361,0.303,0.399,1.1226
168,brcr,9848,0,0,0,0,0,0,0,0,0
168,btnw,9848,0,0,0,0,0,0,0,0,0
168,cawa,9848,0,0,0,0,0,0,0,0,0
168,cmwa,9848,0,0,0,0,0,0,0,0,0
168,osfl,9848,8200,83,0.1636,0.2801,0.257,0.3032,0.3979,0.4553,0.8172
168,pigr,9848,9848,100,0.3148,0.5743,0.541,0.6142,0.6835,0.791,1.6998
168,rubl,9848,9848,100,0.295,0.4788,0.4474,0.5659,0.6223,0.6765,1.4166
168,swth,9848,8204,83,0.0779,0.2191,0.2057,0.2941,0.319,0.3412,0.4283
168,wwcr,9848,8196,83,0.1727,0.3287,0.3126,0.3666,0.4155,0.5036,1.057
169,blbw,5140,0,0,0,0,0,0,0,0,0
169,boch,5140,5140,100,0.1478,0.1936,0.1879,0.2045,0.2153,0.2329,0.6942
169,brcr,5140,0,0,0,0,0,0,0,0,0
169,btnw,5140,0,0,0,0,0,0,0,0,0
169,cawa,5140,0,0,0,0,0,0,0,0,0
169,cmwa,5140,0,0,0,0,0,0,0,0,0
169,osfl,5140,2148,42,0.1691,0.295,0.2389,0.4018,0.4773,0.4976,0.5861
169,pigr,5140,5140,100,0.4027,0.5803,0.5548,0.6319,0.7019,0.7527,1.2394
169,rubl,5140,5140,100,0.3504,0.5328,0.4804,0.6239,0.7408,0.8819,1.2571
169,swth,5140,1844,36,0.1575,0.2522,0.2553,0.2932,0.3175,0.3335,0.3733
169,wwcr,5140,1480,29,0.2028,0.3233,0.2956,0.3388,0.3851,0.4691,1.5148
170,blbw,21776,0,0,0,0,0,0,0,0,0
170,boch,21776,21776,100,0.1426,0.6443,0.5109,1.0961,1.2837,1.3846,1.6833
170,brcr,21776,0,0,0,0,0,0,0,0,0
170,btnw,21776,0,0,0,0,0,0,0,0,0
170,cawa,21776,0,0,0,0,0,0,0,0,0
170,cmwa,21776,0,0,0,0,0,0,0,0,0
170,osfl,21776,21560,99,0.1645,0.46,0.3832,0.6793,0.7872,0.8926,1.6676
170,pigr,21776,21776,100,0.3688,0.8055,0.749,1.06,1.1879,1.2577,1.8653
170,rubl,21776,21776,100,0.2903,0.6492,0.6375,0.8333,0.934,0.9985,1.7319
170,swth,21776,14212,65,0.0937,0.2989,0.2752,0.4146,0.4735,0.4934,0.5261
170,wwcr,21776,21776,100,0.161,0.6212,0.6093,0.8627,1.0298,1.1075,2.3101
171,blbw,18164,0,0,0,0,0,0,0,0,0
171,boch,18164,18164,100,0.1539,0.6732,0.5882,1.073,1.2234,1.322,1.5199
171,brcr,18164,0,0,0,0,0,0,0,0,0
171,btnw,18164,0,0,0,0,0,0,0,0,0
171,cawa,18164,0,0,0,0,0,0,0,0,0
171,cmwa,18164,0,0,0,0,0,0,0,0,0
171,osfl,18164,18164,100,0.1743,0.4502,0.3682,0.665,0.777,0.8322,1.7563
171,pigr,18164,18164,100,0.3768,0.8142,0.7559,1.0655,1.2065,1.3086,1.9073
171,rubl,18164,18164,100,0.3201,0.6537,0.6335,0.8302,0.9375,1.0084,1.8966
171,swth,18164,18164,100,0.0682,0.2536,0.2424,0.3221,0.3882,0.4313,0.5117
171,wwcr,18164,18164,100,0.1731,0.5997,0.5709,0.8276,0.9969,1.0746,1.4077
172,blbw,9680,0,0,0,0,0,0,0,0,0
172,boch,9680,9676,100,0.1472,0.2458,0.2267,0.2839,0.3357,0.3895,0.8666
172,brcr,9680,2780,29,0.2581,0.3434,0.3418,0.3753,0.3874,0.3919,0.4623
172,btnw,9680,0,0,0,0,0,0,0,0,0
172,cawa,9680,0,0,0,0,0,0,0,0,0
172,cmwa,9680,0,0,0,0,0,0,0,0,0
172,osfl,9680,9676,100,0.1848,0.3034,0.2691,0.3566,0.4385,0.5088,1.0135
172,pigr,9680,9676,100,0.2565,0.5564,0.5372,0.61,0.6569,0.7094,1.8051
172,rubl,9680,9676,100,0.2897,0.5332,0.5088,0.6427,0.7128,0.7896,2.05
172,swth,9680,9676,100,0.0621,0.1459,0.1392,0.1788,0.2054,0.2256,0.3431
172,wwcr,9680,9676,100,0.15,0.4438,0.3443,0.4691,0.6393,1.0445,2.8041
173,blbw,6124,0,0,0,0,0,0,0,0,0
173,boch,6124,6104,100,0.1883,0.9628,1.1018,1.2611,1.3006,1.3219,1.4948
173,brcr,6124,6124,100,0.1619,0.9274,1.0815,1.3317,1.3998,1.4229,1.6318
173,btnw,6124,0,0,0,0,0,0,0,0,0
173,cawa,6124,0,0,0,0,0,0,0,0,0
173,cmwa,6124,0,0,0,0,0,0,0,0,0
173,osfl,6124,6124,100,0.1673,0.6832,0.7266,0.9487,1.0215,1.0891,1.486
173,pigr,6124,6124,100,0.3665,1.3693,1.4625,1.7618,1.8005,1.8496,2.4727
173,rubl,6124,6124,100,0.328,0.6908,0.6439,0.9368,1.1121,1.3177,1.4072
173,swth,6124,576,9,0.0963,0.189,0.1805,0.2371,0.2709,0.3,0.3384
173,wwcr,6124,6124,100,0.1951,0.5989,0.637,0.8091,0.8601,0.9605,1.1004
174,blbw,5708,0,0,0,0,0,0,0,0,0
174,boch,5708,5708,100,0.1707,0.4006,0.369,0.466,0.5793,0.7139,1.4495
174,brcr,5708,5708,100,0.1278,0.2981,0.3183,0.3562,0.3768,0.393,0.8305
174,btnw,5708,0,0,0,0,0,0,0,0,0
174,cawa,5708,0,0,0,0,0,0,0,0,0
174,cmwa,5708,0,0,0,0,0,0,0,0,0
174,osfl,5708,5708,100,0.1328,0.3127,0.2874,0.3643,0.4352,0.518,0.9072
174,pigr,5708,5708,100,0.3567,0.6159,0.5587,0.6699,0.8556,1.0454,1.8444
174,rubl,5708,5708,100,0.3379,0.4508,0.4189,0.5204,0.5671,0.6157,1.6289
174,swth,5708,5576,98,0.0604,0.1441,0.1356,0.1713,0.2016,0.2332,0.3498
174,wwcr,5708,5708,100,0.1644,0.3676,0.318,0.4377,0.5204,0.6368,2.6461
175,blbw,6736,0,0,0,0,0,0,0,0,0
175,boch,6736,6736,100,0.1661,0.3424,0.3088,0.4397,0.4895,0.5512,0.7817
175,brcr,6736,948,14,0.1284,0.3229,0.3423,0.3654,0.3817,0.391,0.4365
175,btnw,6736,0,0,0,0,0,0,0,0,0
175,cawa,6736,0,0,0,0,0,0,0,0,0
175,cmwa,6736,0,0,0,0,0,0,0,0,0
175,osfl,6736,6736,100,0.1667,0.3526,0.3116,0.4374,0.5243,0.6362,1.2938
175,pigr,6736,6736,100,0.2524,0.5129,0.5128,0.5637,0.6078,0.667,1.6128
175,rubl,6736,6736,100,0.2903,0.522,0.473,0.6038,0.7439,0.8737,1.646
175,swth,6736,6736,100,0.0595,0.1239,0.1184,0.1415,0.1592,0.1776,0.3134
175,wwcr,6736,6736,100,0.1761,0.3843,0.3258,0.4503,0.5818,0.715,1.8597
176,blbw,14352,0,0,0,0,0,0,0,0,0
176,boch,14352,14352,100,0.1507,0.3138,0.2919,0.3775,0.432,0.5001,1.2441
176,brcr,14352,0,0,0,0,0,0,0,0,0
176,btnw,14352,0,0,0,0,0,0,0,0,0
176,cawa,14352,0,0,0,0,0,0,0,0,0
176,cmwa,14352,0,0,0,0,0,0,0,0,0
176,osfl,14352,14352,100,0.1394,0.2829,0.2682,0.3278,0.3773,0.4192,0.7766
176,pigr,14352,14352,100,0.2147,0.5773,0.563,0.6543,0.7349,0.8312,1.6883
176,rubl,14352,14352,100,0.2855,0.5584,0.5367,0.6758,0.7542,0.859,1.5561
176,swth,14352,14352,100,0.0693,0.1456,0.1395,0.1749,0.1961,0.2163,0.3497
176,wwcr,14352,14352,100,0.1647,0.3371,0.3002,0.3946,0.4857,0.559,2.2149
177,blbw,8968,0,0,0,0,0,0,0,0,0
177,boch,8968,8968,100,0.1724,0.3733,0.3716,0.4551,0.4947,0.5419,1.0642
177,brcr,8968,4752,53,0.1357,0.2298,0.2329,0.2628,0.2805,0.2954,0.3953
177,btnw,8968,0,0,0,0,0,0,0,0,0
177,cawa,8968,0,0,0,0,0,0,0,0,0
177,cmwa,8968,0,0,0,0,0,0,0,0,0
177,osfl,8968,8968,100,0.1276,0.2614,0.2449,0.2955,0.3436,0.3979,0.7815
177,pigr,8968,8968,100,0.2818,0.5902,0.5567,0.6177,0.7168,0.8733,1.916
177,rubl,8968,8968,100,0.3353,0.4141,0.387,0.4372,0.5424,0.5987,1.0303
177,swth,8968,8968,100,0.0715,0.1399,0.133,0.1629,0.1849,0.2086,0.3699
177,wwcr,8968,8968,100,0.1469,0.3475,0.3167,0.3835,0.4493,0.5401,2.1503
178,blbw,8888,0,0,0,0,0,0,0,0,0
178,boch,8888,8888,100,0.1981,0.394,0.36870000000000003,0.4443,0.5214,0.6227,1.0617
178,brcr,8888,0,0,0,0,0,0,0,0,0
178,btnw,8888,0,0,0,0,0,0,0,0,0
178,cawa,8888,0,0,0,0,0,0,0,0,0
178,cmwa,8888,0,0,0,0,0,0,0,0,0
178,osfl,8888,8888,100,0.1443,0.2998,0.2834,0.3483,0.3958,0.4549,0.7184
178,pigr,8888,8888,100,0.3276,0.6298,0.5629,0.7198,0.8583,0.9988,2.1512
178,rubl,8888,8888,100,0.3175,0.5652,0.5224,0.6595,0.7819,0.9792,1.5704
178,swth,8888,8888,100,0.0708,0.1873,0.1766,0.2372,0.2766,0.3126,0.4778
178,wwcr,8888,8888,100,0.2026,0.3847,0.3367,0.4465,0.5386,0.6396,2.1849
179,blbw,6240,0,0,0,0,0,0,0,0,0
179,boch,6240,6240,100,0.1857,0.5148,0.4599,0.7165,0.8472,0.9536,1.2104
179,brcr,6240,6240,100,0.1729,0.4192,0.3247,0.5769,0.7815,0.8843,1.2272
179,btnw,6240,0,0,0,0,0,0,0,0,0
179,cawa,6240,0,0,0,0,0,0,0,0,0
179,cmwa,6240,0,0,0,0,0,0,0,0,0
179,osfl,6240,6240,100,0.1307,0.3622,0.3185,0.457,0.5926,0.6826,0.9346
179,pigr,6240,6240,100,0.3045,0.8302,0.7025,1.1217,1.3139,1.4736,2.6485
179,rubl,6240,6240,100,0.3243,0.3922,0.3672,0.4123,0.4658,0.5306,1.5499
179,swth,6240,2948,47,0.093,0.1996,0.1904,0.2428,0.2838,0.3374,0.4289
179,wwcr,6240,6240,100,0.1399,0.3963,0.3572,0.5249,0.6015,0.6563,2.3208
180,blbw,26420,0,0,0,0,0,0,0,0,0
180,boch,26420,26420,100,0.1594,0.4839,0.3925,0.7214,0.8696,0.9506,1.7999
180,brcr,26420,5564,21,0.1274,0.3023,0.2991,0.3267,0.3458,0.4486,0.8113
180,btnw,26420,0,0,0,0,0,0,0,0,0
180,cawa,26420,0,0,0,0,0,0,0,0,0
180,cmwa,26420,0,0,0,0,0,0,0,0,0
180,osfl,26420,26420,100,0.141,0.3108,0.2841,0.365,0.4321,0.516,1.1958
180,pigr,26420,26420,100,0.259,0.6888,0.6248,0.8481,0.9421,1.0483,2.2361
180,rubl,26420,26420,100,0.3241,0.3725,0.355,0.3957,0.4272,0.4436,1.1395
180,swth,26420,26196,99,0.0776,0.1556,0.1442,0.1852,0.2168,0.2462,0.3909
180,wwcr,26420,26420,100,0.1252,0.3458,0.3121,0.445,0.52,0.5851,1.8404
181,blbw,8592,0,0,0,0,0,0,0,0,0
181,boch,8592,8592,100,0.1862,0.3418,0.3452,0.392,0.4088,0.4282,0.6581
181,brcr,8592,0,0,0,0,0,0,0,0,0
181,btnw,8592,0,0,0,0,0,0,0,0,0
181,cawa,8592,0,0,0,0,0,0,0,0,0
181,cmwa,8592,0,0,0,0,0,0,0,0,0
181,osfl,8592,8592,100,0.1703,0.3048,0.306,0.347,0.3664,0.3862,0.4844
181,pigr,8592,8592,100,0.3179,0.5311,0.5347,0.5945,0.6508,0.769,1.6501
181,rubl,8592,8592,100,0.3293,0.4492,0.4188,0.5307,0.581,0.6105,1.4171
181,swth,8592,8592,100,0.0797,0.1545,0.1507,0.1828,0.2048,0.2242,0.3263
181,wwcr,8592,8592,100,0.18,0.3128,0.2704,0.3423,0.4432,0.5764,1.4338
182,blbw,6524,0,0,0,0,0,0,0,0,0
182,boch,6524,6524,100,0.1771,0.435,0.4022,0.5051,0.6278,0.7807,1.0578
182,brcr,6524,0,0,0,0,0,0,0,0,0
182,btnw,6524,0,0,0,0,0,0,0,0,0
182,cawa,6524,132,2,0.6221,1.4357,1.5356,1.6296,1.7035,1.7343,1.7643
182,cmwa,6524,0,0,0,0,0,0,0,0,0
182,osfl,6524,6524,100,0.1664,0.3121,0.2988,0.3627,0.3999,0.4567,0.9012
182,pigr,6524,6524,100,0.3254,0.5631,0.5183,0.6114,0.7984,0.9515,1.934
182,rubl,6524,6524,100,0.3206,0.4318,0.3964,0.5179,0.5662,0.6013,0.9804
182,swth,6524,6524,100,0.0717,0.135,0.1288,0.1591,0.1792,0.2009,0.2833
182,wwcr,6524,6524,100,0.1322,0.2752,0.2532,0.3148,0.3734,0.4266,0.8685
183,blbw,9472,0,0,0,0,0,0,0,0,0
183,boch,9472,9472,100,0.1897,0.605,0.5878,0.8452,0.9562,1.0646,1.423
183,brcr,9472,0,0,0,0,0,0,0,0,0
183,btnw,9472,0,0,0,0,0,0,0,0,0
183,cawa,9472,0,0,0,0,0,0,0,0,0
183,cmwa,9472,0,0,0,0,0,0,0,0,0
183,osfl,9472,9472,100,0.1706,0.3351,0.2855,0.4116,0.5524,0.6308,0.7753
183,pigr,9472,9472,100,0.3493,0.7716,0.742,0.9553,1.1078,1.1873,2.1242
183,rubl,9472,9472,100,0.3313,0.3859,0.3637,0.413,0.4479,0.5272,0.7194
183,swth,9472,9472,100,0.075,0.1681,0.1606,0.207,0.2348,0.2557,0.3359
183,wwcr,9472,9472,100,0.1428,0.4121,0.3661,0.5939,0.6569,0.6819,1.9046
199,blbw,8716,0,0,0,0,0,0,0,0,0
199,boch,8716,8716,100,0.1857,0.3361,0.2835,0.4101,0.5079,0.5997,1.1579
199,brcr,8716,804,9,0.228,0.2813,0.2614,0.3132,0.3201,0.3241,0.6501
199,btnw,8716,0,0,0,0,0,0,0,0,0
199,cawa,8716,0,0,0,0,0,0,0,0,0
199,cmwa,8716,0,0,0,0,0,0,0,0,0
199,osfl,8716,8716,100,0.186,0.3046,0.2968,0.3249,0.3484,0.3935,0.8342
199,pigr,8716,8716,100,0.2807,0.5862,0.5581,0.6855,0.807,0.9324,2.1489
199,rubl,8716,8716,100,0.3246,0.3629,0.347,0.3704,0.4151,0.4776,0.5903
199,swth,8716,8716,100,0.063,0.1189,0.1137,0.1366,0.1548,0.1705,0.2563
199,wwcr,8716,8716,100,0.1084,0.2598,0.2437,0.2953,0.3343,0.3961,1.3769
200,blbw,9284,0,0,0,0,0,0,0,0,0
200,boch,9284,9284,100,0.1706,0.36,0.3279,0.454,0.5228,0.613,1.664
200,brcr,9284,684,7,0.1972,0.359,0.3145,0.5059,0.6003,0.6542,0.7833
200,btnw,9284,0,0,0,0,0,0,0,0,0
200,cawa,9284,0,0,0,0,0,0,0,0,0
200,cmwa,9284,0,0,0,0,0,0,0,0,0
200,osfl,9284,9284,100,0.1572,0.2985,0.2895,0.3341,0.3597,0.3837,0.6594
200,pigr,9284,9284,100,0.2679,0.5985,0.5476,0.7731,0.9135,1.0884,2.0082
200,rubl,9284,9284,100,0.3263,0.3755,0.3629,0.4103,0.4425,0.4654,0.5792
200,swth,9284,9284,100,0.0676,0.1379,0.1282,0.1679,0.1942,0.2167,0.3318
200,wwcr,9284,9284,100,0.1313,0.2522,0.2416,0.2825,0.3172,0.3665,0.7244
207,blbw,9812,0,0,0,0,0,0,0,0,0
207,boch,9812,9812,100,0.1908,0.5677,0.5323,0.7427,0.8465,0.9207,1.2281
207,brcr,9812,8708,89,0.2019,0.4387,0.3863,0.5935,0.7246,0.8212,1.0952
207,btnw,9812,60,1,0.2987,0.3937,0.3851,0.4363,0.4559,0.4717,0.4785
207,cawa,9812,0,0,0,0,0,0,0,0,0
207,cmwa,9812,2644,27,0.1364,0.2506,0.1991,0.2836,0.4229,0.6195,1.0711
207,osfl,9812,9812,100,0.1943,0.3773,0.3274,0.4844,0.583,0.6531,0.838
207,pigr,9812,9812,100,0.2452,0.8562,0.8077,1.1291,1.2425,1.3788,2.3219
207,rubl,9812,9812,100,0.3276,0.37,0.3651,0.3837,0.3995,0.4301,0.6934
207,swth,9812,9812,100,0.0679,0.1817,0.1751,0.2179,0.25,0.2801,0.4928
207,wwcr,9812,9812,100,0.1238,0.3989,0.3783,0.5312,0.5974,0.6343,1.237
215,blbw,16024,0,0,0,0,0,0,0,0,0
215,boch,16024,15780,98,0.162,0.244,0.2234,0.2645,0.2899,0.3168,3.4861
215,brcr,16024,0,0,0,0,0,0,0,0,0
215,btnw,16024,0,0,0,0,0,0,0,0,0
215,cawa,16024,0,0,0,0,0,0,0,0,0
215,cmwa,16024,0,0,0,0,0,0,0,0,0
215,osfl,16024,1904,12,0.1831,0.227,0.2205,0.2304,0.2386,0.2873,0.5188
215,pigr,16024,15776,98,0.3954,0.8053,0.7925,0.9057,1.0282,1.1587,2.6294
215,rubl,16024,15688,98,0.3459,0.8235,0.7464,0.8765,1.05,1.8484,3.3741
215,swth,16024,8676,54,0.0872,0.1574,0.1575,0.1895,0.2032,0.2113,0.2503
215,wwcr,16024,8448,53,0.2201,0.4093,0.393,0.4687,0.5507,0.6553,1.0103
216,blbw,32756,0,0,0,0,0,0,0,0,0
216,boch,32756,32756,100,0.147,0.2525,0.2295,0.2858,0.3531,0.3992,3.108
216,brcr,32756,0,0,0,0,0,0,0,0,0
216,btnw,32756,356,1,0.433,0.5135,0.5246,0.5361,0.5402,0.544,0.5497
216,cawa,32756,272,1,1.0282,1.1007,1.1026,1.1339,1.1515,1.1601,1.177
216,cmwa,32756,0,0,0,0,0,0,0,0,0
216,osfl,32756,28780,88,0.156,0.2811,0.2393,0.3561,0.423,0.4584,0.7474
216,pigr,32756,32756,100,0.2997,0.7627,0.6745,0.9127,1.2006,1.473,2.6946
216,rubl,32756,32756,100,0.3008,1.2053,0.9607,1.924,2.287,2.4299,3.7054
216,swth,32756,28376,87,0.0929,0.1475,0.144,0.1643,0.1837,0.2053,0.3073
216,wwcr,32756,32176,98,0.2225,0.4949,0.4219,0.6467,0.827,0.9549,1.7772
217,blbw,44188,20,0,0.473,0.5154,0.5218,0.542,0.552,0.5571,0.5621
217,boch,44188,44060,100,0.1774,0.3061,0.2708,0.3199,0.4311,0.5599,3.2357
217,brcr,44188,34204,77,0.2714,0.3607,0.3551,0.4001,0.4263,0.458,0.847
217,btnw,44188,24656,56,0.1354,0.2997,0.276,0.4027,0.422,0.4357,0.7587
217,cawa,44188,37896,86,0.2462,0.6552,0.5555,0.9068,1.0158,1.059,1.207
217,cmwa,44188,8820,20,0.2163,0.3982,0.3906,0.489,0.5394,0.5783,0.7271
217,osfl,44188,44060,100,0.1432,0.3811,0.3355,0.4604,0.5623,0.7636,1.2523
217,pigr,44188,44060,100,0.2964,0.6207,0.5138,0.7079,1.1062,1.3755,2.5075
217,rubl,44188,44060,100,0.3742,0.7139,0.5263,0.9916,1.1542,1.3227,2.1616
217,swth,44188,44060,100,0.0546,0.1521,0.1518,0.1748,0.1987,0.2195,0.2816
217,wwcr,44188,44060,100,0.2539,0.4935,0.4393,0.5853,0.7807,0.9126,2.8716
